Workbook

Sheet PAINEL
B2: PAINEL DE NAVEGAÇÃO
B3: Clique em um botão para ir direto à aba
B5: 🔎 GERAL
B7: ▶ BUSCA DE CUSTO | D7: ▶ EVOLUÇÃO DE CUSTOS - MP | F7: ▶ EVOLUÇÃO DE CUSTOS - PRODUTOS
B8: ▶ PARÂMETROS
B11: 🔩 PIG MANDRIL | D11: 🧽 PIG EM ESPUMA | F11: 🧪 PIGS E ACESSÓRIOS PU
B12: ▶ LBD | D12: ▶ H | F12: ▶ PU CAST
B13: ▶ LUN | D13: ▶ HS | F13: ▶ SUPERFLEX
B14: ▶ PIGS EM BORRACHA | D14: ▶ HL
B15: ▶ CORPO MANDRIL | D15: ▶ HLR | F15: 📄 OUTROS PRODUTOS
B16: ▶ ELC_MG_PC | D16: ▶ HLR X | F16: ▶ SILICONE
D17: ▶ HLR V
D18: ▶ HLR R
D19: ▶ HLB
D20: ▶ HDISC
D21: ▶ HLCC
D22: ▶ HLCC PC

Sheet BUSCA DE CUSTO
A1: ⬅ PAINEL
B2: 🔎 BUSCA DE CUSTO POR PRODUTO
B3: Selecione o produto (Família + Descrição + DN) no menu suspenso abaixo. O custo é buscado automaticamente na aba de origem — sempre atualizado.
B5: PRODUTO:
B6: PIG LUN-CP3 EPDM | Corpo completo (Eixo+Cabeçote+Nylon+Porca+Flange+Copo) | DN 6''
B8: CUSTO TOTAL (R$): | E8: CUSTO TOTAL + ALOJAMENTO (R$):
B9: =IFERROR(INDEX($F$19:$F$829,MATCH($B$6,$B$19:$B$829,0)),"Selecione um produto acima") -> 837.3 | E9: =IFERROR(IF(INDEX($H$19:$H$829,MATCH($B$6,$B$19:$B$829,0))="—","Não se aplica",INDEX($H$19:$H$829,MATCH($B$6,$B$19:$B$829,0))),"Selecione um produto acima") -> Não se aplica
B12: OBSERVAÇÃO: | E12: ESCALONADO PADRÃO (pçs): | F12: =IFERROR(INDEX($I$19:$I$829,MATCH($B$6,$B$19:$B$829,0)),"—") -> —
B13: =IFERROR(IF(INDEX($G$19:$G$829,MATCH($B$6,$B$19:$B$829,0))="","—",INDEX($G$19:$G$829,MATCH($B$6,$B$19:$B$829,0))),"—") -> — | E13: ESCALONADO PERSONALIZADO (pçs): | F13: 2
E14: CUSTO C/ ESC. PERSONALIZADO (R$): | F14: =IF(OR($F$13="",$F$13<=0),$B$9,IFERROR(INDEX($L$19:$L$829,MATCH($B$6,$B$19:$B$829,0))+INDEX($M$19:$M$829,MATCH($B$6,$B$19:$B$829,0))/$F$13,"—")) -> 777.3
B17: ÍNDICE COMPLETO DE CUSTOS (todas as abas) — pode filtrar/pesquisar livremente nesta tabela
B18: CHAVE DE BUSCA (Família + Descrição + DN) | C18: FAMÍLIA | D18: DESCRIÇÃO/VARIANTE | E18: DN | F18: CUSTO TOTAL (R$) | G18: OBSERVAÇÃO | H18: CUSTO TOTAL + ALOJAMENTO (R$) | I18: ESCALONADO PADRÃO (pçs) | J18: ESCALONADO PERSONALIZADO (pçs) | K18: CUSTO C/ ESC. PERSONALIZADO (R$) | L18: CUSTO MP (R$) | M18: CUSTO HH / CICLO (R$)
B19: PIG LUN-CP3 EPDM | Corpo completo (Eixo+Cabeçote+Nylon+Porca+Flange+Copo) | DN 6'' | C19: PIG LUN-CP3 EPDM | D19: Corpo completo (Eixo+Cabeçote+Nylon+Porca+Flange+Copo) | E19: 6'' | F19: ='PIGS EM BORRACHA'!B13 -> 837.3 | H19: — | I19: — | K19: =IF(OR($J19="",$J19<=0),$F19,$L19+$M19/$J19) -> 837.3 | L19: =$F19-$M19 -> 717.3 | M19: ='PIGS EM BORRACHA'!B12 -> 120
B20: PIG LUN-CP3 EPDM | Corpo completo (Eixo+Cabeçote+Nylon+Porca+Flange+Copo) | DN 8'' | C20: PIG LUN-CP3 EPDM | D20: Corpo completo (Eixo+Cabeçote+Nylon+Porca+Flange+Copo) | E20: 8'' | F20: ='PIGS EM BORRACHA'!C13 -> 1022.8 | H20: — | I20: — | K20: =IF(OR($J20="",$J20<=0),$F20,$L20+$M20/$J20) -> 1022.8 | L20: =$F20-$M20 -> 902.8 | M20: ='PIGS EM BORRACHA'!C12 -> 120
B21: PIG LUN-CP3 EPDM | Corpo completo (Eixo+Cabeçote+Nylon+Porca+Flange+Copo) | DN 10'' | C21: PIG LUN-CP3 EPDM | D21: Corpo completo (Eixo+Cabeçote+Nylon+Porca+Flange+Copo) | E21: 10'' | F21: ='PIGS EM BORRACHA'!D13 -> 1118.7 | H21: — | I21: — | K21: =IF(OR($J21="",$J21<=0),$F21,$L21+$M21/$J21) -> 1118.7 | L21: =$F21-$M21 -> 998.7 | M21: ='PIGS EM BORRACHA'!D12 -> 120
B22: PIG LUN-CP3 EPDM | Corpo completo (Eixo+Cabeçote+Nylon+Porca+Flange+Copo) | DN 12'' | C22: PIG LUN-CP3 EPDM | D22: Corpo completo (Eixo+Cabeçote+Nylon+Porca+Flange+Copo) | E22: 12'' | F22: ='PIGS EM BORRACHA'!E13 -> 1332.1 | H22: — | I22: — | K22: =IF(OR($J22="",$J22<=0),$F22,$L22+$M22/$J22) -> 1332.1 | L22: =$F22-$M22 -> 1212.1 | M22: ='PIGS EM BORRACHA'!E12 -> 120
B23: PIG LUN-CP3 EPDM | Corpo completo (Eixo+Cabeçote+Nylon+Porca+Flange+Copo) | DN 14'' | C23: PIG LUN-CP3 EPDM | D23: Corpo completo (Eixo+Cabeçote+Nylon+Porca+Flange+Copo) | E23: 14'' | F23: ='PIGS EM BORRACHA'!F13 -> 1656.4 | H23: — | I23: — | K23: =IF(OR($J23="",$J23<=0),$F23,$L23+$M23/$J23) -> 1656.4 | L23: =$F23-$M23 -> 1536.4 | M23: ='PIGS EM BORRACHA'!F12 -> 120
B24: PIG LUN-CP3 BUNA N | Corpo completo (Eixo+Cabeçote+Nylon+Porca+Flange+Copo) | DN 6'' | C24: PIG LUN-CP3 BUNA N | D24: Corpo completo (Eixo+Cabeçote+Nylon+Porca+Flange+Copo) | E24: 6'' | F24: ='PIGS EM BORRACHA'!B24 -> 939.3 | H24: — | I24: — | K24: =IF(OR($J24="",$J24<=0),$F24,$L24+$M24/$J24) -> 939.3 | L24: =$F24-$M24 -> 819.3 | M24: ='PIGS EM BORRACHA'!B23 -> 120
B25: PIG LUN-CP3 BUNA N | Corpo completo (Eixo+Cabeçote+Nylon+Porca+Flange+Copo) | DN 8'' | C25: PIG LUN-CP3 BUNA N | D25: Corpo completo (Eixo+Cabeçote+Nylon+Porca+Flange+Copo) | E25: 8'' | F25: ='PIGS EM BORRACHA'!C24 -> 1157.8 | H25: — | I25: — | K25: =IF(OR($J25="",$J25<=0),$F25,$L25+$M25/$J25) -> 1157.8 | L25: =$F25-$M25 -> 1037.8 | M25: ='PIGS EM BORRACHA'!C23 -> 120
B26: PIG LUN-CP3 BUNA N | Corpo completo (Eixo+Cabeçote+Nylon+Porca+Flange+Copo) | DN 10'' | C26: PIG LUN-CP3 BUNA N | D26: Corpo completo (Eixo+Cabeçote+Nylon+Porca+Flange+Copo) | E26: 10'' | F26: ='PIGS EM BORRACHA'!D24 -> 1271.7 | H26: — | I26: — | K26: =IF(OR($J26="",$J26<=0),$F26,$L26+$M26/$J26) -> 1271.7 | L26: =$F26-$M26 -> 1151.7 | M26: ='PIGS EM BORRACHA'!D23 -> 120
B27: PIG LUN-CP3 BUNA N | Corpo completo (Eixo+Cabeçote+Nylon+Porca+Flange+Copo) | DN 12'' | C27: PIG LUN-CP3 BUNA N | D27: Corpo completo (Eixo+Cabeçote+Nylon+Porca+Flange+Copo) | E27: 12'' | F27: ='PIGS EM BORRACHA'!E24 -> 1488.1 | H27: — | I27: — | K27: =IF(OR($J27="",$J27<=0),$F27,$L27+$M27/$J27) -> 1488.1 | L27: =$F27-$M27 -> 1368.1 | M27: ='PIGS EM BORRACHA'!E23 -> 120
B28: PIG LUN-CP3 BUNA N | Corpo completo (Eixo+Cabeçote+Nylon+Porca+Flange+Copo) | DN 14'' | C28: PIG LUN-CP3 BUNA N | D28: Corpo completo (Eixo+Cabeçote+Nylon+Porca+Flange+Copo) | E28: 14'' | F28: ='PIGS EM BORRACHA'!F24 -> 1836.4 | H28: — | I28: — | K28: =IF(OR($J28="",$J28<=0),$F28,$L28+$M28/$J28) -> 1836.4 | L28: =$F28-$M28 -> 1716.4 | M28: ='PIGS EM BORRACHA'!F23 -> 120
B29: PIG LUN-CP4 BUNA N | Corpo completo (Eixo+Cabeçote+Nylon+Porca+Flange+Copo) | DN 6'' | C29: PIG LUN-CP4 BUNA N | D29: Corpo completo (Eixo+Cabeçote+Nylon+Porca+Flange+Copo) | E29: 6'' | F29: ='PIGS EM BORRACHA'!B35 -> 1083.3 | H29: — | I29: — | K29: =IF(OR($J29="",$J29<=0),$F29,$L29+$M29/$J29) -> 1083.3 | L29: =$F29-$M29 -> 963.3 | M29: ='PIGS EM BORRACHA'!B34 -> 120
B30: PIG LUN-CP4 BUNA N | Corpo completo (Eixo+Cabeçote+Nylon+Porca+Flange+Copo) | DN 8'' | C30: PIG LUN-CP4 BUNA N | D30: Corpo completo (Eixo+Cabeçote+Nylon+Porca+Flange+Copo) | E30: 8'' | F30: ='PIGS EM BORRACHA'!C35 -> 1352.8 | H30: — | I30: — | K30: =IF(OR($J30="",$J30<=0),$F30,$L30+$M30/$J30) -> 1352.8 | L30: =$F30-$M30 -> 1232.8 | M30: ='PIGS EM BORRACHA'!C34 -> 120
B31: PIG LUN-CP4 BUNA N | Corpo completo (Eixo+Cabeçote+Nylon+Porca+Flange+Copo) | DN 10'' | C31: PIG LUN-CP4 BUNA N | D31: Corpo completo (Eixo+Cabeçote+Nylon+Porca+Flange+Copo) | E31: 10'' | F31: ='PIGS EM BORRACHA'!D35 -> 1491.7 | H31: — | I31: — | K31: =IF(OR($J31="",$J31<=0),$F31,$L31+$M31/$J31) -> 1491.7 | L31: =$F31-$M31 -> 1371.7 | M31: ='PIGS EM BORRACHA'!D34 -> 120
B32: PIG LUN-CP4 BUNA N | Corpo completo (Eixo+Cabeçote+Nylon+Porca+Flange+Copo) | DN 12'' | C32: PIG LUN-CP4 BUNA N | D32: Corpo completo (Eixo+Cabeçote+Nylon+Porca+Flange+Copo) | E32: 12'' | F32: ='PIGS EM BORRACHA'!E35 -> 1760.1 | H32: — | I32: — | K32: =IF(OR($J32="",$J32<=0),$F32,$L32+$M32/$J32) -> 1760.1 | L32: =$F32-$M32 -> 1640.1 | M32: ='PIGS EM BORRACHA'!E34 -> 120
B33: PIG LUN-CP4 BUNA N | Corpo completo (Eixo+Cabeçote+Nylon+Porca+Flange+Copo) | DN 14'' | C33: PIG LUN-CP4 BUNA N | D33: Corpo completo (Eixo+Cabeçote+Nylon+Porca+Flange+Copo) | E33: 14'' | F33: ='PIGS EM BORRACHA'!F35 -> 2186.4 | H33: — | I33: — | K33: =IF(OR($J33="",$J33<=0),$F33,$L33+$M33/$J33) -> 2186.4 | L33: =$F33-$M33 -> 2066.4 | M33: ='PIGS EM BORRACHA'!F34 -> 120
B34: PIG LUN-CP3 VITON | Corpo completo (Eixo+Cabeçote+Nylon+Porca+Flange+Copo) | DN 6'' | C34: PIG LUN-CP3 VITON | D34: Corpo completo (Eixo+Cabeçote+Nylon+Porca+Flange+Copo) | E34: 6'' | F34: ='PIGS EM BORRACHA'!B46 -> 3150.3 | H34: — | I34: — | K34: =IF(OR($J34="",$J34<=0),$F34,$L34+$M34/$J34) -> 3150.3 | L34: =$F34-$M34 -> 3030.3 | M34: ='PIGS EM BORRACHA'!B45 -> 120
B35: PIG LUN-CP3 VITON | Corpo completo (Eixo+Cabeçote+Nylon+Porca+Flange+Copo) | DN 8'' | C35: PIG LUN-CP3 VITON | D35: Corpo completo (Eixo+Cabeçote+Nylon+Porca+Flange+Copo) | E35: 8'' | F35: ='PIGS EM BORRACHA'!C46 -> 3812.8 | H35: — | I35: — | K35: =IF(OR($J35="",$J35<=0),$F35,$L35+$M35/$J35) -> 3812.8 | L35: =$F35-$M35 -> 3692.8 | M35: ='PIGS EM BORRACHA'!C45 -> 120
B36: PIG LUN-CP3 VITON | Corpo completo (Eixo+Cabeçote+Nylon+Porca+Flange+Copo) | DN 10'' | C36: PIG LUN-CP3 VITON | D36: Corpo completo (Eixo+Cabeçote+Nylon+Porca+Flange+Copo) | E36: 10'' | F36: ='PIGS EM BORRACHA'!D46 -> 5087.7 | H36: — | I36: — | K36: =IF(OR($J36="",$J36<=0),$F36,$L36+$M36/$J36) -> 5087.7 | L36: =$F36-$M36 -> 4967.7 | M36: ='PIGS EM BORRACHA'!D45 -> 120
B37: PIG LUN-CP3 VITON | Corpo completo (Eixo+Cabeçote+Nylon+Porca+Flange+Copo) | DN 12'' | C37: PIG LUN-CP3 VITON | D37: Corpo completo (Eixo+Cabeçote+Nylon+Porca+Flange+Copo) | E37: 12'' | F37: ='PIGS EM BORRACHA'!E46 -> 6342.1 | H37: — | I37: — | K37: =IF(OR($J37="",$J37<=0),$F37,$L37+$M37/$J37) -> 6342.1 | L37: =$F37-$M37 -> 6222.1 | M37: ='PIGS EM BORRACHA'!E45 -> 120
B38: PIG LUN-CP3 VITON | Corpo completo (Eixo+Cabeçote+Nylon+Porca+Flange+Copo) | DN 14'' | C38: PIG LUN-CP3 VITON | D38: Corpo completo (Eixo+Cabeçote+Nylon+Porca+Flange+Copo) | E38: 14'' | F38: ='PIGS EM BORRACHA'!F46 -> 7761.4 | H38: — | I38: — | K38: =IF(OR($J38="",$J38<=0),$F38,$L38+$M38/$J38) -> 7761.4 | L38: =$F38-$M38 -> 7641.4 | M38: ='PIGS EM BORRACHA'!F45 -> 120
B39: ELC (AÇO) | Produção (matéria-prima + HH) | DN 2 | C39: ELC (AÇO) | D39: Produção (matéria-prima + HH) | E39: 2 | F39: =ELC_MG_PC!J4 -> 39.47 | H39: — | I39: =ELC_MG_PC!H4 -> 1 | K39: =IF(OR($J39="",$J39<=0),$F39,$L39+$M39/$J39) -> 39.47 | L39: =$F39-ELC_MG_PC!I4 -> 39.47 | M39: =IFERROR(ELC_MG_PC!I4*ELC_MG_PC!H4,0) -> 0
B40: ELC (AÇO) | Produção (matéria-prima + HH) | DN 3 | C40: ELC (AÇO) | D40: Produção (matéria-prima + HH) | E40: 3 | F40: =ELC_MG_PC!J5 -> 44.52 | H40: — | I40: =ELC_MG_PC!H5 -> 1 | K40: =IF(OR($J40="",$J40<=0),$F40,$L40+$M40/$J40) -> 44.52 | L40: =$F40-ELC_MG_PC!I5 -> 44.52 | M40: =IFERROR(ELC_MG_PC!I5*ELC_MG_PC!H5,0) -> 0
B41: ELC (AÇO) | Produção (matéria-prima + HH) | DN 4 | C41: ELC (AÇO) | D41: Produção (matéria-prima + HH) | E41: 4 | F41: =ELC_MG_PC!J6 -> 90.22 | H41: — | I41: =ELC_MG_PC!H6 -> 1 | K41: =IF(OR($J41="",$J41<=0),$F41,$L41+$M41/$J41) -> 90.22 | L41: =$F41-ELC_MG_PC!I6 -> 90.22 | M41: =IFERROR(ELC_MG_PC!I6*ELC_MG_PC!H6,0) -> 0
B42: ELC (AÇO) | Produção (matéria-prima + HH) | DN 6 | C42: ELC (AÇO) | D42: Produção (matéria-prima + HH) | E42: 6 | F42: =ELC_MG_PC!J7 -> 195.47 | H42: — | I42: =ELC_MG_PC!H7 -> 1 | K42: =IF(OR($J42="",$J42<=0),$F42,$L42+$M42/$J42) -> 195.47 | L42: =$F42-ELC_MG_PC!I7 -> 195.47 | M42: =IFERROR(ELC_MG_PC!I7*ELC_MG_PC!H7,0) -> 0
B43: ELC (AÇO) | Produção (matéria-prima + HH) | DN 8 | C43: ELC (AÇO) | D43: Produção (matéria-prima + HH) | E43: 8 | F43: =ELC_MG_PC!J8 -> 216.86 | H43: — | I43: =ELC_MG_PC!H8 -> 1 | K43: =IF(OR($J43="",$J43<=0),$F43,$L43+$M43/$J43) -> 216.86 | L43: =$F43-ELC_MG_PC!I8 -> 16.86 | M43: =IFERROR(ELC_MG_PC!I8*ELC_MG_PC!H8,0) -> 200
B44: ELC (AÇO) | Produção (matéria-prima + HH) | DN 10 | C44: ELC (AÇO) | D44: Produção (matéria-prima + HH) | E44: 10 | F44: =ELC_MG_PC!J9 -> 245.24 | H44: — | I44: =ELC_MG_PC!H9 -> 1 | K44: =IF(OR($J44="",$J44<=0),$F44,$L44+$M44/$J44) -> 245.24 | L44: =$F44-ELC_MG_PC!I9 -> 45.24 | M44: =IFERROR(ELC_MG_PC!I9*ELC_MG_PC!H9,0) -> 200
B45: ELC (AÇO) | Produção (matéria-prima + HH) | DN 12 | C45: ELC (AÇO) | D45: Produção (matéria-prima + HH) | E45: 12 | F45: =ELC_MG_PC!J10 -> 292.75 | H45: — | I45: =ELC_MG_PC!H10 -> 1 | K45: =IF(OR($J45="",$J45<=0),$F45,$L45+$M45/$J45) -> 292.75 | L45: =$F45-ELC_MG_PC!I10 -> 92.75 | M45: =IFERROR(ELC_MG_PC!I10*ELC_MG_PC!H10,0) -> 200
B46: ELC (AÇO) | Produção (matéria-prima + HH) | DN 14 | C46: ELC (AÇO) | D46: Produção (matéria-prima + HH) | E46: 14 | F46: =ELC_MG_PC!J11 -> 312.66 | H46: — | I46: =ELC_MG_PC!H11 -> 1 | K46: =IF(OR($J46="",$J46<=0),$F46,$L46+$M46/$J46) -> 312.66 | L46: =$F46-ELC_MG_PC!I11 -> 112.66 | M46: =IFERROR(ELC_MG_PC!I11*ELC_MG_PC!H11,0) -> 200
B47: ELC (AÇO) | Produção (matéria-prima + HH) | DN 16 | C47: ELC (AÇO) | D47: Produção (matéria-prima + HH) | E47: 16 | F47: =ELC_MG_PC!J12 -> 366.22 | H47: — | I47: =ELC_MG_PC!H12 -> 1 | K47: =IF(OR($J47="",$J47<=0),$F47,$L47+$M47/$J47) -> 366.22 | L47: =$F47-ELC_MG_PC!I12 -> 166.22 | M47: =IFERROR(ELC_MG_PC!I12*ELC_MG_PC!H12,0) -> 200
B48: ELC (AÇO) | Produção (matéria-prima + HH) | DN 18 | C48: ELC (AÇO) | D48: Produção (matéria-prima + HH) | E48: 18 | F48: =ELC_MG_PC!J13 -> 523.02 | H48: — | I48: =ELC_MG_PC!H13 -> 1 | K48: =IF(OR($J48="",$J48<=0),$F48,$L48+$M48/$J48) -> 523.02 | L48: =$F48-ELC_MG_PC!I13 -> 323.02 | M48: =IFERROR(ELC_MG_PC!I13*ELC_MG_PC!H13,0) -> 200
B49: ELC (AÇO) | Produção (matéria-prima + HH) | DN 20 | C49: ELC (AÇO) | D49: Produção (matéria-prima + HH) | E49: 20 | F49: =ELC_MG_PC!J14 -> 634.63 | H49: — | I49: =ELC_MG_PC!H14 -> 1 | K49: =IF(OR($J49="",$J49<=0),$F49,$L49+$M49/$J49) -> 634.63 | L49: =$F49-ELC_MG_PC!I14 -> 394.63 | M49: =IFERROR(ELC_MG_PC!I14*ELC_MG_PC!H14,0) -> 240
B50: ELC (AÇO) | Produção (matéria-prima + HH) | DN 22 | C50: ELC (AÇO) | D50: Produção (matéria-prima + HH) | E50: 22 | F50: =ELC_MG_PC!J15 -> 730.18 | H50: — | I50: =ELC_MG_PC!H15 -> 1 | K50: =IF(OR($J50="",$J50<=0),$F50,$L50+$M50/$J50) -> 730.18 | L50: =$F50-ELC_MG_PC!I15 -> 490.18 | M50: =IFERROR(ELC_MG_PC!I15*ELC_MG_PC!H15,0) -> 240
... B126: PLACA CALIBRADORA | Produção (matéria-prima + HH) | DN 42 | C126: PLACA CALIBRADORA | D126: Produção (matéria-prima + HH) | E126: 42 | F126: =ELC_MG_PC!J91 -> 5623.45 | H126: — | I126: =ELC_MG_PC!H91 -> 1 | K126: =IF(OR($J126="",$J126<=0),$F126,$L126+$M126/$J126) -> 5623.45 | L126: =$F126-ELC_MG_PC!I91 -> 5623.45 | M126: =IFERROR(ELC_MG_PC!I91*ELC_MG_PC!H91,0) -> 0
B127: PU CAST DS | Disco de poliuretano fundido (MP + HH) | DN 2 | C127: PU CAST DS | D127: Disco de poliuretano fundido (MP + HH) | E127: 2 | F127: ='PU CAST'!AI10 -> 20.733333 | H127: — | I127: ='PU CAST'!AG10 -> 4 | K127: =IF(OR($J127="",$J127<=0),$F127,$L127+$M127/$J127) -> 20.733333 | L127: =$F127-'PU CAST'!AH10 -> 4.9 | M127: =IFERROR('PU CAST'!AH10*'PU CAST'!AG10,0) -> 63.333333
B128: PU CAST DS | Disco de poliuretano fundido (MP + HH) | DN 3 | C128: PU CAST DS | D128: Disco de poliuretano fundido (MP + HH) | E128: 3 | F128: ='PU CAST'!AI11 -> 21.133333 | H128: — | I128: ='PU CAST'!AG11 -> 4 | K128: =IF(OR($J128="",$J128<=0),$F128,$L128+$M128/$J128) -> 21.133333 | L128: =$F128-'PU CAST'!AH11 -> 5.3 | M128: =IFERROR('PU CAST'!AH11*'PU CAST'!AG11,0) -> 63.333333
B129: PU CAST DS | Disco de poliuretano fundido (MP + HH) | DN 4 | C129: PU CAST DS | D129: Disco de poliuretano fundido (MP + HH) | E129: 4 | F129: ='PU CAST'!AI12 -> 23.333333 | H129: — | I129: ='PU CAST'!AG12 -> 4 | K129: =IF(OR($J129="",$J129<=0),$F129,$L129+$M129/$J129) -> 23.333333 | L129: =$F129-'PU CAST'!AH12 -> 7.5 | M129: =IFERROR('PU CAST'!AH12*'PU CAST'!AG12,0) -> 63.333333
B130: PU CAST DS | Disco de poliuretano fundido (MP + HH) | DN 6 | C130: PU CAST DS | D130: Disco de poliuretano fundido (MP + HH) | E130: 6 | F130: ='PU CAST'!AI13 -> 28.921045 | H130: — | I130: ='PU CAST'!AG13 -> 3 | K130: =IF(OR($J130="",$J130<=0),$F130,$L130+$M130/$J130) -> 28.921045 | L130: =$F130-'PU CAST'!AH13 -> 7.8099341 | M130: =IFERROR('PU CAST'!AH13*'PU CAST'!AG13,0) -> 63.333333
B131: PU CAST DS | Disco de poliuretano fundido (MP + HH) | DN 8 | C131: PU CAST DS | D131: Disco de poliuretano fundido (MP + HH) | E131: 8 | F131: ='PU CAST'!AI14 -> 38.672909 | H131: — | I131: ='PU CAST'!AG14 -> 3 | K131: =IF(OR($J131="",$J131<=0),$F131,$L131+$M131/$J131) -> 38.672909 | L131: =$F131-'PU CAST'!AH14 -> 17.561798 | M131: =IFERROR('PU CAST'!AH14*'PU CAST'!AG14,0) -> 63.333333
B132: PU CAST DS | Disco de poliuretano fundido (MP + HH) | DN 10 | C132: PU CAST DS | D132: Disco de poliuretano fundido (MP + HH) | E132: 10 | F132: ='PU CAST'!AI15 -> 54.208345 | H132: — | I132: ='PU CAST'!AG15 -> 3 | K132: =IF(OR($J132="",$J132<=0),$F132,$L132+$M132/$J132) -> 54.208345 | L132: =$F132-'PU CAST'!AH15 -> 33.097234 | M132: =IFERROR('PU CAST'!AH15*'PU CAST'!AG15,0) -> 63.333333
B133: PU CAST DS | Disco de poliuretano fundido (MP + HH) | DN 12 | C133: PU CAST DS | D133: Disco de poliuretano fundido (MP + HH) | E133: 12 | F133: ='PU CAST'!AI16 -> 84.225412 | H133: — | I133: ='PU CAST'!AG16 -> 2 | K133: =IF(OR($J133="",$J133<=0),$F133,$L133+$M133/$J133) -> 84.225412 | L133: =$F133-'PU CAST'!AH16 -> 52.558746 | M133: =IFERROR('PU CAST'!AH16*'PU CAST'!AG16,0) -> 63.333333
B134: PU CAST DS | Disco de poliuretano fundido (MP + HH) | DN 14 | C134: PU CAST DS | D134: Disco de poliuretano fundido (MP + HH) | E134: 14 | F134: ='PU CAST'!AI17 -> 100.56295 | H134: — | I134: ='PU CAST'!AG17 -> 2 | K134: =IF(OR($J134="",$J134<=0),$F134,$L134+$M134/$J134) -> 100.56295 | L134: =$F134-'PU CAST'!AH17 -> 68.896284 | M134: =IFERROR('PU CAST'!AH17*'PU CAST'!AG17,0) -> 63.333333
B135: PU CAST DS | Disco de poliuretano fundido (MP + HH) | DN 16 | C135: PU CAST DS | D135: Disco de poliuretano fundido (MP + HH) | E135: 16 | F135: ='PU CAST'!AI18 -> 139.14825 | H135: — | I135: ='PU CAST'!AG18 -> 2 | K135: =IF(OR($J135="",$J135<=0),$F135,$L135+$M135/$J135) -> 139.14825 | L135: =$F135-'PU CAST'!AH18 -> 107.48158 | M135: =IFERROR('PU CAST'!AH18*'PU CAST'!AG18,0) -> 63.333333
B136: PU CAST DS | Disco de poliuretano fundido (MP + HH) | DN 18 | C136: PU CAST DS | D136: Disco de poliuretano fundido (MP + HH) | E136: 18 | F136: ='PU CAST'!AI19 -> 177.60689 | H136: — | I136: ='PU CAST'!AG19 -> 2 | K136: =IF(OR($J136="",$J136<=0),$F136,$L136+$M136/$J136) -> 177.60689 | L136: =$F136-'PU CAST'!AH19 -> 145.94023 | M136: =IFERROR('PU CAST'!AH19*'PU CAST'!AG19,0) -> 63.333333
B137: PU CAST DS | Disco de poliuretano fundido (MP + HH) | DN 20 | C137: PU CAST DS | D137: Disco de poliuretano fundido (MP + HH) | E137: 20 | F137: ='PU CAST'!AI20 -> 201.66993 | H137: — | I137: ='PU CAST'!AG20 -> 2 | K137: =IF(OR($J137="",$J137<=0),$F137,$L137+$M137/$J137) -> 201.66993 | L137: =$F137-'PU CAST'!AH20 -> 170.00327 | M137: =IFERROR('PU CAST'!AH20*'PU CAST'!AG20,0) -> 63.333333
B138: PU CAST DS | Disco de poliuretano fundido (MP + HH) | DN 22 | C138: PU CAST DS | D138: Disco de poliuretano fundido (MP + HH) | E138: 22 | F138: ='PU CAST'!AI21 -> 244.89898 | H138: — | I138: ='PU CAST'!AG21 -> 2 | K138: =IF(OR($J138="",$J138<=0),$F138,$L138+$M138/$J138) -> 244.89898 | L138: =$F138-'PU CAST'!AH21 -> 213.23231 | M138: =IFERROR('PU CAST'!AH21*'PU CAST'!AG21,0) -> 63.333333
... B206: PU CAST HFLEX | Disco de poliuretano fundido (MP + HH) | DN 26 | C206: PU CAST HFLEX | D206: Disco de poliuretano fundido (MP + HH) | E206: 26 | F206: ='PU CAST'!AI89 -> 5345.1726 | H206: — | I206: ='PU CAST'!AG89 -> 1 | K206: =IF(OR($J206="",$J206<=0),$F206,$L206+$M206/$J206) -> 5345.1726 | L206: =$F206-'PU CAST'!AH89 -> 5071.8392 | M206: =IFERROR('PU CAST'!AH89*'PU CAST'!AG89,0) -> 273.33333
B207: DISCFLEX | Disco DISCFLEX (manta silicone) | DN 1 ½" | C207: DISCFLEX | D207: Disco DISCFLEX (manta silicone) | E207: 1 ½" | F207: =SILICONE!P6 -> 167.55088 | H207: — | I207: =SILICONE!N6 -> 1 | K207: =IF(OR($J207="",$J207<=0),$F207,$L207+$M207/$J207) -> 167.55088 | L207: =$F207-SILICONE!O6 -> 7.55088 | M207: =IFERROR(SILICONE!O6*SILICONE!N6,0) -> 160
B208: DISCFLEX | Disco DISCFLEX (manta silicone) | DN 2" | C208: DISCFLEX | D208: Disco DISCFLEX (manta silicone) | E208: 2" | F208: =SILICONE!P7 -> 175.64501 | H208: — | I208: =SILICONE!N7 -> 1 | K208: =IF(OR($J208="",$J208<=0),$F208,$L208+$M208/$J208) -> 175.64501 | L208: =$F208-SILICONE!O7 -> 15.645012 | M208: =IFERROR(SILICONE!O7*SILICONE!N7,0) -> 160
B209: DISCFLEX | Disco DISCFLEX (manta silicone) | DN 2 ½" | C209: DISCFLEX | D209: Disco DISCFLEX (manta silicone) | E209: 2 ½" | F209: =SILICONE!P8 -> 191.05117 | H209: — | I209: =SILICONE!N8 -> 1 | K209: =IF(OR($J209="",$J209<=0),$F209,$L209+$M209/$J209) -> 191.05117 | L209: =$F209-SILICONE!O8 -> 31.051169 | M209: =IFERROR(SILICONE!O8*SILICONE!N8,0) -> 160
B210: DISCFLEX | Disco DISCFLEX (manta silicone) | DN 3" | C210: DISCFLEX | D210: Disco DISCFLEX (manta silicone) | E210: 3" | F210: =SILICONE!P9 -> 244.58231 | H210: — | I210: =SILICONE!N9 -> 1 | K210: =IF(OR($J210="",$J210<=0),$F210,$L210+$M210/$J210) -> 244.58231 | L210: =$F210-SILICONE!O9 -> 44.582313 | M210: =IFERROR(SILICONE!O9*SILICONE!N9,0) -> 200
B211: DISCFLEX | Disco DISCFLEX (manta silicone) | DN 3" | C211: DISCFLEX | D211: Disco DISCFLEX (manta silicone) | E211: 3" | F211: =SILICONE!P10 -> 247.11418 | H211: — | I211: =SILICONE!N10 -> 1 | K211: =IF(OR($J211="",$J211<=0),$F211,$L211+$M211/$J211) -> 247.11418 | L211: =$F211-SILICONE!O10 -> 47.114178 | M211: =IFERROR(SILICONE!O10*SILICONE!N10,0) -> 200
B212: DISCFLEX | Disco DISCFLEX (manta silicone) | DN 4" | C212: DISCFLEX | D212: Disco DISCFLEX (manta silicone) | E212: 4" | F212: =SILICONE!P11 -> 325.27952 | H212: — | I212: =SILICONE!N11 -> 1 | K212: =IF(OR($J212="",$J212<=0),$F212,$L212+$M212/$J212) -> 325.27952 | L212: =$F212-SILICONE!O11 -> 125.27952 | M212: =IFERROR(SILICONE!O11*SILICONE!N11,0) -> 200
B213: DISCFLEX | Disco DISCFLEX (manta silicone) | DN 5" | C213: DISCFLEX | D213: Disco DISCFLEX (manta silicone) | E213: 5" | F213: =SILICONE!P12 -> 441.8326 | H213: — | I213: =SILICONE!N12 -> 1 | K213: =IF(OR($J213="",$J213<=0),$F213,$L213+$M213/$J213) -> 441.8326 | L213: =$F213-SILICONE!O12 -> 201.8326 | M213: =IFERROR(SILICONE!O12*SILICONE!N12,0) -> 240
B214: DISCFLEX | Disco DISCFLEX (manta silicone) | DN 6" | C214: DISCFLEX | D214: Disco DISCFLEX (manta silicone) | E214: 6" | F214: =SILICONE!P13 -> 658.9161 | H214: — | I214: =SILICONE!N13 -> 1 | K214: =IF(OR($J214="",$J214<=0),$F214,$L214+$M214/$J214) -> 658.9161 | L214: =$F214-SILICONE!O13 -> 418.9161 | M214: =IFERROR(SILICONE!O13*SILICONE!N13,0) -> 240
B215: DISCFLEX COM IMA | Disco DISCFLEX (manta silicone) | DN 1 ½" | C215: DISCFLEX COM IMA | D215: Disco DISCFLEX (manta silicone) | E215: 1 ½" | F215: =SILICONE!P14 -> 194.33088 | H215: — | I215: =SILICONE!N14 -> 1 | K215: =IF(OR($J215="",$J215<=0),$F215,$L215+$M215/$J215) -> 194.33088 | L215: =$F215-SILICONE!O14 -> 14.33088 | M215: =IFERROR(SILICONE!O14*SILICONE!N14,0) -> 180
B216: DISCFLEX COM IMA | Disco DISCFLEX (manta silicone) | DN 2 ½" | C216: DISCFLEX COM IMA | D216: Disco DISCFLEX (manta silicone) | E216: 2 ½" | F216: =SILICONE!P15 -> 224.61117 | H216: — | I216: =SILICONE!N15 -> 1 | K216: =IF(OR($J216="",$J216<=0),$F216,$L216+$M216/$J216) -> 224.61117 | L216: =$F216-SILICONE!O15 -> 44.611169 | M216: =IFERROR(SILICONE!O15*SILICONE!N15,0) -> 180
B217: HSC AZUL COM IMA | Disco DISCFLEX (manta silicone) | DN 4'' | C217: HSC AZUL COM IMA | D217: Disco DISCFLEX (manta silicone) | E217: 4'' | F217: =SILICONE!P16 -> 600.47952 | H217: — | I217: =SILICONE!N16 -> 1 | K217: =IF(OR($J217="",$J217<=0),$F217,$L217+$M217/$J217) -> 600.47952 | L217: =$F217-SILICONE!O16 -> 340.47952 | M217: =IFERROR(SILICONE!O16*SILICONE!N16,0) -> 260
B218: PIG H | PIG H — BAIXA D26 (CUSTO COMPLETO H) | DN 1'' | C218: PIG H | D218: PIG H — BAIXA D26 (CUSTO COMPLETO H) | E218: 1'' | F218: =H!BS6 -> 1.7982216 | G218: Custo de HH escalonado por lote (ver "CUSTO HH ESC/LOTE" na aba de origem) | H218: — | I218: =H!BQ6 -> 50 | K218: =IF(OR($J218="",$J218<=0),$F218,$L218+$M218/$J218) -> 1.7982216 | L218: =$F218-H!BR6 -> 0.25155495 | M218: =IFERROR(H!BR6*H!BQ6,0) -> 77.333333
B219: PIG H | PIG H — BAIXA D26 (CUSTO COMPLETO H COM SELO) | DN 1'' | C219: PIG H | D219: PIG H — BAIXA D26 (CUSTO COMPLETO H COM SELO) | E219: 1'' | F219: =H!CA6 -> 3.1688843 | G219: Custo de HH escalonado por lote (ver "CUSTO HH ESC/LOTE" na aba de origem) | H219: — | I219: =H!BY6 -> 35 | K219: =IF(OR($J219="",$J219<=0),$F219,$L219+$M219/$J219) -> 3.1688843 | L219: =$F219-H!BZ6 -> 0.38793195 | M219: =IFERROR(H!BZ6*H!BY6,0) -> 97.333333
B220: PIG H | PIG H — BAIXA D26 (CUSTO COMPLETO H COM SELO/CORDA) | DN 1'' | C220: PIG H | D220: PIG H — BAIXA D26 (CUSTO COMPLETO H COM SELO/CORDA) | E220: 1'' | F220: =H!CI6 -> 22.087932 | G220: Custo de HH escalonado por lote (ver "CUSTO HH ESC/LOTE" na aba de origem) | H220: — | I220: =H!CG6 -> 5 | K220: =IF(OR($J220="",$J220<=0),$F220,$L220+$M220/$J220) -> 22.087932 | L220: =$F220-H!CH6 -> 1.287932 | M220: =IFERROR(H!CH6*H!CG6,0) -> 104
B221: PIG H | PIG H — BAIXA D26 (CUSTO COMPLETO H) | DN 2'' | C221: PIG H | D221: PIG H — BAIXA D26 (CUSTO COMPLETO H) | E221: 2'' | F221: =H!BS7 -> 1.8900455 | G221: Custo de HH escalonado por lote (ver "CUSTO HH ESC/LOTE" na aba de origem) | H221: — | I221: =H!BQ7 -> 50 | K221: =IF(OR($J221="",$J221<=0),$F221,$L221+$M221/$J221) -> 1.8900455 | L221: =$F221-H!BR7 -> 0.3433788 | M221: =IFERROR(H!BR7*H!BQ7,0) -> 77.333333
B222: PIG H | PIG H — BAIXA D26 (CUSTO COMPLETO H COM SELO) | DN 2'' | C222: PIG H | D222: PIG H — BAIXA D26 (CUSTO COMPLETO H COM SELO) | E222: 2'' | F222: =H!CA7 -> 3.3970852 | G222: Custo de HH escalonado por lote (ver "CUSTO HH ESC/LOTE" na aba de origem) | H222: — | I222: =H!BY7 -> 35 | K222: =IF(OR($J222="",$J222<=0),$F222,$L222+$M222/$J222) -> 3.3970852 | L222: =$F222-H!BZ7 -> 0.6161328 | M222: =IFERROR(H!BZ7*H!BY7,0) -> 97.333333
B223: PIG H | PIG H — BAIXA D26 (CUSTO COMPLETO H COM SELO/CORDA) | DN 2'' | C223: PIG H | D223: PIG H — BAIXA D26 (CUSTO COMPLETO H COM SELO/CORDA) | E223: 2'' | F223: =H!CI7 -> 6.8661328 | G223: Custo de HH escalonado por lote (ver "CUSTO HH ESC/LOTE" na aba de origem) | H223: — | I223: =H!CG7 -> 20 | K223: =IF(OR($J223="",$J223<=0),$F223,$L223+$M223/$J223) -> 6.8661328 | L223: =$F223-H!CH7 -> 1.6661328 | M223: =IFERROR(H!CH7*H!CG7,0) -> 104
B224: PIG H | PIG H — BAIXA D26 (CUSTO COMPLETO H) | DN 3'' | C224: PIG H | D224: PIG H — BAIXA D26 (CUSTO COMPLETO H) | E224: 3'' | F224: =H!BS8 -> 4.1237641 | G224: Custo de HH escalonado por lote (ver "CUSTO HH ESC/LOTE" na aba de origem) | H224: — | I224: =H!BQ8 -> 30 | K224: =IF(OR($J224="",$J224<=0),$F224,$L224+$M224/$J224) -> 4.1237641 | L224: =$F224-H!BR8 -> 1.5459863 | M224: =IFERROR(H!BR8*H!BQ8,0) -> 77.333333
B225: PIG H | PIG H — BAIXA D26 (CUSTO COMPLETO H COM SELO) | DN 3'' | C225: PIG H | D225: PIG H — BAIXA D26 (CUSTO COMPLETO H COM SELO) | E225: 3'' | F225: =H!CA8 -> 5.8939097 | G225: Custo de HH escalonado por lote (ver "CUSTO HH ESC/LOTE" na aba de origem) | H225: — | I225: =H!BY8 -> 25 | K225: =IF(OR($J225="",$J225<=0),$F225,$L225+$M225/$J225) -> 5.8939097 | L225: =$F225-H!BZ8 -> 2.0005763 | M225: =IFERROR(H!BZ8*H!BY8,0) -> 97.333333
B226: PIG H | PIG H — BAIXA D26 (CUSTO COMPLETO H COM SELO/CORDA) | DN 3'' | C226: PIG H | D226: PIG H — BAIXA D26 (CUSTO COMPLETO H COM SELO/CORDA) | E226: 3'' | F226: =H!CI8 -> 10.07391 | G226: Custo de HH escalonado por lote (ver "CUSTO HH ESC/LOTE" na aba de origem) | H226: — | I226: =H!CG8 -> 15 | K226: =IF(OR($J226="",$J226<=0),$F226,$L226+$M226/$J226) -> 10.07391 | L226: =$F226-H!CH8 -> 3.1405763 | M226: =IFERROR(H!CH8*H!CG8,0) -> 104
B227: PIG H | PIG H — BAIXA D26 (CUSTO COMPLETO H) | DN 4'' | C227: PIG H | D227: PIG H — BAIXA D26 (CUSTO COMPLETO H) | E227: 4'' | F227: =H!BS9 -> 5.519662 | G227: Custo de HH escalonado por lote (ver "CUSTO HH ESC/LOTE" na aba de origem) | H227: — | I227: =H!BQ9 -> 30 | K227: =IF(OR($J227="",$J227<=0),$F227,$L227+$M227/$J227) -> 5.519662 | L227: =$F227-H!BR9 -> 2.9418842 | M227: =IFERROR(H!BR9*H!BQ9,0) -> 77.333333
B228: PIG H | PIG H — BAIXA D26 (CUSTO COMPLETO H COM SELO) | DN 4'' | C228: PIG H | D228: PIG H — BAIXA D26 (CUSTO COMPLETO H COM SELO) | E228: 4'' | F228: =H!CA9 -> 7.5625615 | G228: Custo de HH escalonado por lote (ver "CUSTO HH ESC/LOTE" na aba de origem) | H228: — | I228: =H!BY9 -> 25 | K228: =IF(OR($J228="",$J228<=0),$F228,$L228+$M228/$J228) -> 7.5625615 | L228: =$F228-H!BZ9 -> 3.6692282 | M228: =IFERROR(H!BZ9*H!BY9,0) -> 97.333333
B229: PIG H | PIG H — BAIXA D26 (CUSTO COMPLETO H COM SELO/CORDA) | DN 4'' | C229: PIG H | D229: PIG H — BAIXA D26 (CUSTO COMPLETO H COM SELO/CORDA) | E229: 4'' | F229: =H!CI9 -> 11.982562 | G229: Custo de HH escalonado por lote (ver "CUSTO HH ESC/LOTE" na aba de origem) | H229: — | I229: =H!CG9 -> 15 | K229: =IF(OR($J229="",$J229<=0),$F229,$L229+$M229/$J229) -> 11.982562 | L229: =$F229-H!CH9 -> 5.0492282 | M229: =IFERROR(H!CH9*H!CG9,0) -> 104
B230: PIG H | PIG H — BAIXA D26 (CUSTO COMPLETO H) | DN 6'' | C230: PIG H | D230: PIG H — BAIXA D26 (CUSTO COMPLETO H) | E230: 6'' | F230: =H!BS10 -> 10.353232 | G230: Custo de HH escalonado por lote (ver "CUSTO HH ESC/LOTE" na aba de origem) | H230: — | I230: =H!BQ10 -> 30 | K230: =IF(OR($J230="",$J230<=0),$F230,$L230+$M230/$J230) -> 10.353232 | L230: =$F230-H!BR10 -> 7.8865656 | M230: =IFERROR(H!BR10*H!BQ10,0) -> 74
B231: PIG H | PIG H — BAIXA D26 (CUSTO COMPLETO H COM SELO) | DN 6'' | C231: PIG H | D231: PIG H — BAIXA D26 (CUSTO COMPLETO H COM SELO) | E231: 6'' | F231: =H!CA10 -> 13.189128 | G231: Custo de HH escalonado por lote (ver "CUSTO HH ESC/LOTE" na aba de origem) | H231: — | I231: =H!BY10 -> 25 | K231: =IF(OR($J231="",$J231<=0),$F231,$L231+$M231/$J231) -> 13.189128 | L231: =$F231-H!BZ10 -> 9.2957946 | M231: =IFERROR(H!BZ10*H!BY10,0) -> 97.333333
B232: PIG H | PIG H — BAIXA D26 (CUSTO COMPLETO H COM SELO/CORDA) | DN 6'' | C232: PIG H | D232: PIG H — BAIXA D26 (CUSTO COMPLETO H COM SELO/CORDA) | E232: 6'' | F232: =H!CI10 -> 63.875795 | G232: Custo de HH escalonado por lote (ver "CUSTO HH ESC/LOTE" na aba de origem) | H232: — | I232: =H!CG10 -> 2 | K232: =IF(OR($J232="",$J232<=0),$F232,$L232+$M232/$J232) -> 63.875795 | L232: =$F232-H!CH10 -> 11.875795 | M232: =IFERROR(H!CH10*H!CG10,0) -> 104
B233: PIG H | PIG H — BAIXA D26 (CUSTO COMPLETO H) | DN 8'' | C233: PIG H | D233: PIG H — BAIXA D26 (CUSTO COMPLETO H) | E233: 8'' | F233: =H!BS11 -> 19.042267 | G233: Custo de HH escalonado por lote (ver "CUSTO HH ESC/LOTE" na aba de origem) | H233: — | I233: =H!BQ11 -> 30 | K233: =IF(OR($J233="",$J233<=0),$F233,$L233+$M233/$J233) -> 19.042267 | L233: =$F233-H!BR11 -> 16.5756 | M233: =IFERROR(H!BR11*H!BQ11,0) -> 74
B234: PIG H | PIG H — BAIXA D26 (CUSTO COMPLETO H COM SELO) | DN 8'' | C234: PIG H | D234: PIG H — BAIXA D26 (CUSTO COMPLETO H COM SELO) | E234: 8'' | F234: =H!CA11 -> 25.60512 | G234: Custo de HH escalonado por lote (ver "CUSTO HH ESC/LOTE" na aba de origem) | H234: — | I234: =H!BY11 -> 15 | K234: =IF(OR($J234="",$J234<=0),$F234,$L234+$M234/$J234) -> 25.60512 | L234: =$F234-H!BZ11 -> 18.894009 | M234: =IFERROR(H!BZ11*H!BY11,0) -> 100.66667
B235: PIG H | PIG H — BAIXA D26 (CUSTO COMPLETO H COM SELO/CORDA) | DN 8'' | C235: PIG H | D235: PIG H — BAIXA D26 (CUSTO COMPLETO H COM SELO/CORDA) | E235: 8'' | F235: =H!CI11 -> 32.507342 | G235: Custo de HH escalonado por lote (ver "CUSTO HH ESC/LOTE" na aba de origem) | H235: — | I235: =H!CG11 -> 10 | K235: =IF(OR($J235="",$J235<=0),$F235,$L235+$M235/$J235) -> 32.507342 | L235: =$F235-H!CH11 -> 21.774009 | M235: =IFERROR(H!CH11*H!CG11,0) -> 107.33333
B236: PIG H | PIG H — BAIXA D26 (CUSTO COMPLETO H) | DN 10'' | C236: PIG H | D236: PIG H — BAIXA D26 (CUSTO COMPLETO H) | E236: 10'' | F236: =H!BS12 -> 32.524287 | G236: Custo de HH escalonado por lote (ver "CUSTO HH ESC/LOTE" na aba de origem) | H236: — | I236: =H!BQ12 -> 30 | K236: =IF(OR($J236="",$J236<=0),$F236,$L236+$M236/$J236) -> 32.524287 | L236: =$F236-H!BR12 -> 30.05762 | M236: =IFERROR(H!BR12*H!BQ12,0) -> 74
B237: PIG H | PIG H — BAIXA D26 (CUSTO COMPLETO H COM SELO) | DN 10'' | C237: PIG H | D237: PIG H — BAIXA D26 (CUSTO COMPLETO H COM SELO) | E237: 10'' | F237: =H!CA12 -> 40.178157 | G237: Custo de HH escalonado por lote (ver "CUSTO HH ESC/LOTE" na aba de origem) | H237: — | I237: =H!BY12 -> 15 | K237: =IF(OR($J237="",$J237<=0),$F237,$L237+$M237/$J237) -> 40.178157 | L237: =$F237-H!BZ12 -> 33.467045 | M237: =IFERROR(H!BZ12*H!BY12,0) -> 100.66667
B238: PIG H | PIG H — BAIXA D26 (CUSTO COMPLETO H COM SELO/CORDA) | DN 10'' | C238: PIG H | D238: PIG H — BAIXA D26 (CUSTO COMPLETO H COM SELO/CORDA) | E238: 10'' | F238: =H!CI12 -> 143.98038 | G238: Custo de HH escalonado por lote (ver "CUSTO HH ESC/LOTE" na aba de origem) | H238: — | I238: =H!CG12 -> 1 | K238: =IF(OR($J238="",$J238<=0),$F238,$L238+$M238/$J238) -> 143.98038 | L238: =$F238-H!CH12 -> 36.647045 | M238: =IFERROR(H!CH12*H!CG12,0) -> 107.33333
B239: PIG H | PIG H — BAIXA D26 (CUSTO COMPLETO H) | DN 12'' | C239: PIG H | D239: PIG H — BAIXA D26 (CUSTO COMPLETO H) | E239: 12'' | F239: =H!BS13 -> 57.902647 | G239: Custo de HH escalonado por lote (ver "CUSTO HH ESC/LOTE" na aba de origem) | H239: — | I239: =H!BQ13 -> 20 | K239: =IF(OR($J239="",$J239<=0),$F239,$L239+$M239/$J239) -> 57.902647 | L239: =$F239-H!BR13 -> 54.202647 | M239: =IFERROR(H!BR13*H!BQ13,0) -> 74
B240: PIG H | PIG H — BAIXA D26 (CUSTO COMPLETO H COM SELO) | DN 12'' | C240: PIG H | D240: PIG H — BAIXA D26 (CUSTO COMPLETO H COM SELO) | E240: 12'' | F240: =H!CA13 -> 65.686953 | G240: Custo de HH escalonado por lote (ver "CUSTO HH ESC/LOTE" na aba de origem) | H240: — | I240: =H!BY13 -> 15 | K240: =IF(OR($J240="",$J240<=0),$F240,$L240+$M240/$J240) -> 65.686953 | L240: =$F240-H!BZ13 -> 58.975842 | M240: =IFERROR(H!BZ13*H!BY13,0) -> 100.66667
B241: PIG H | PIG H — BAIXA D26 (CUSTO COMPLETO H COM SELO/CORDA) | DN 12'' | C241: PIG H | D241: PIG H — BAIXA D26 (CUSTO COMPLETO H COM SELO/CORDA) | E241: 12'' | F241: =H!CI13 -> 169.78918 | G241: Custo de HH escalonado por lote (ver "CUSTO HH ESC/LOTE" na aba de origem) | H241: — | I241: =H!CG13 -> 1 | K241: =IF(OR($J241="",$J241<=0),$F241,$L241+$M241/$J241) -> 169.78918 | L241: =$F241-H!CH13 -> 62.455842 | M241: =IFERROR(H!CH13*H!CG13,0) -> 107.33333
B242: PIG H | PIG H — BAIXA D26 (CUSTO COMPLETO H) | DN 14'' | C242: PIG H | D242: PIG H — BAIXA D26 (CUSTO COMPLETO H) | E242: 14'' | F242: =H!BS14 -> 80.528746 | G242: Custo de HH escalonado por lote (ver "CUSTO HH ESC/LOTE" na aba de origem) | H242: — | I242: =H!BQ14 -> 15 | K242: =IF(OR($J242="",$J242<=0),$F242,$L242+$M242/$J242) -> 80.528746 | L242: =$F242-H!BR14 -> 75.595413 | M242: =IFERROR(H!BR14*H!BQ14,0) -> 74
B243: PIG H | PIG H — BAIXA D26 (CUSTO COMPLETO H COM SELO) | DN 14'' | C243: PIG H | D243: PIG H — BAIXA D26 (CUSTO COMPLETO H COM SELO) | E243: 14'' | F243: =H!CA14 -> 93.480929 | G243: Custo de HH escalonado por lote (ver "CUSTO HH ESC/LOTE" na aba de origem) | H243: — | I243: =H!BY14 -> 10 | K243: =IF(OR($J243="",$J243<=0),$F243,$L243+$M243/$J243) -> 93.480929 | L243: =$F243-H!BZ14 -> 82.414263 | M243: =IFERROR(H!BZ14*H!BY14,0) -> 110.66667
B244: PIG H | PIG H — BAIXA D26 (CUSTO COMPLETO H COM SELO/CORDA) | DN 14'' | C244: PIG H | D244: PIG H — BAIXA D26 (CUSTO COMPLETO H COM SELO/CORDA) | E244: 14'' | F244: =H!CI14 -> 102.95617 | G244: Custo de HH escalonado por lote (ver "CUSTO HH ESC/LOTE" na aba de origem) | H244: — | I244: =H!CG14 -> 7 | K244: =IF(OR($J244="",$J244<=0),$F244,$L244+$M244/$J244) -> 102.95617 | L244: =$F244-H!CH14 -> 86.194263 | M244: =IFERROR(H!CH14*H!CG14,0) -> 117.33333
B245: PIG H | PIG H — BAIXA D26 (CUSTO COMPLETO H) | DN 16'' | C245: PIG H | D245: PIG H — BAIXA D26 (CUSTO COMPLETO H) | E245: 16'' | F245: =H!BS15 -> 115.79294 | G245: Custo de HH escalonado por lote (ver "CUSTO HH ESC/LOTE" na aba de origem) | H245: — | I245: =H!BQ15 -> 15 | K245: =IF(OR($J245="",$J245<=0),$F245,$L245+$M245/$J245) -> 115.79294 | L245: =$F245-H!BR15 -> 109.74849 | M245: =IFERROR(H!BR15*H!BQ15,0) -> 90.666667
B246: PIG H | PIG H — BAIXA D26 (CUSTO COMPLETO H COM SELO) | DN 16'' | C246: PIG H | D246: PIG H — BAIXA D26 (CUSTO COMPLETO H COM SELO) | E246: 16'' | F246: =H!CA15 -> 129.63421 | G246: Custo de HH escalonado por lote (ver "CUSTO HH ESC/LOTE" na aba de origem) | H246: — | I246: =H!BY15 -> 10 | K246: =IF(OR($J246="",$J246<=0),$F246,$L246+$M246/$J246) -> 129.63421 | L246: =$F246-H!BZ15 -> 118.56754 | M246: =IFERROR(H!BZ15*H!BY15,0) -> 110.66667
B247: PIG H | PIG H — BAIXA D26 (CUSTO COMPLETO H COM SELO/CORDA) | DN 16'' | C247: PIG H | D247: PIG H — BAIXA D26 (CUSTO COMPLETO H COM SELO/CORDA) | E247: 16'' | F247: =H!CI15 -> 240.04087 | G247: Custo de HH escalonado por lote (ver "CUSTO HH ESC/LOTE" na aba de origem) | H247: — | I247: =H!CG15 -> 1 | K247: =IF(OR($J247="",$J247<=0),$F247,$L247+$M247/$J247) -> 240.04087 | L247: =$F247-H!CH15 -> 122.70754 | M247: =IFERROR(H!CH15*H!CG15,0) -> 117.33333
B248: PIG H | PIG H — BAIXA D26 (CUSTO COMPLETO H) | DN 18'' | C248: PIG H | D248: PIG H — BAIXA D26 (CUSTO COMPLETO H) | E248: 18'' | F248: =H!BS16 -> 165.84165 | G248: Custo de HH escalonado por lote (ver "CUSTO HH ESC/LOTE" na aba de origem) | H248: — | I248: =H!BQ16 -> 7 | K248: =IF(OR($J248="",$J248<=0),$F248,$L248+$M248/$J248) -> 165.84165 | L248: =$F248-H!BR16 -> 152.88927 | M248: =IFERROR(H!BR16*H!BQ16,0) -> 90.666667
...

Sheet EVOLUÇÃO DE CUSTOS - PRODUTOS
A1: ⬅ PAINEL
B2: 📦 EVOLUÇÃO DE CUSTOS — PRODUTOS (PIGS E SOBRESSALENTES)
B3: Toda vez que o custo de um produto mudar, adicione uma nova linha na tabela "REGISTRO DE ATUALIZAÇÕES" (à direita). A matriz mensal e o painel de consulta abaixo são atualizados automaticamente — nada precisa ser recalculado à mão.
B4: 🔵 Texto azul = você pode digitar/editar aqui | ⚫ Texto preto = calculado automaticamente (não editar) | 🟢 Texto verde = puxado de outra aba
B5: 🔎 CONSULTAR EVOLUÇÃO DE UM PRODUTO
B6: Produto (pig / sobressalente): | C6: PIG H | PIG H — BAIXA D26 (CUSTO COMPLETO H COM SELO) | DN 10''
B8: Custo atual calculado (aba BUSCA DE CUSTO): | C8: =IFERROR(INDEX('BUSCA DE CUSTO'!$F$19:$F$834,MATCH($C$6,'BUSCA DE CUSTO'!$B$19:$B$834,0)),"Selecione um produto") -> 40.178157
B9: Custo registrado mais recente (R$): | C9: =IFERROR(INDEX($J$21:$J$1200,MATCH($C$6&"|"&TEXT(_xlfn.MAXIFS($F$21:$F$1200,$H$21:$H$1200,$C$6,$F$21:$F$1200,"<="&TODAY()),"0"),$N$21:$N$1200,0)),"Selecione um produto") -> 57.821801
B10: Data do registro mais recente: | C10: =IFERROR(_xlfn.MAXIFS($F$21:$F$1200,$H$21:$H$1200,$C$6,$F$21:$F$1200,"<="&TODAY()),"") -> 46241
B11: Custo anterior (R$): | C11: =IFERROR(INDEX($J$21:$J$1200,MATCH($C$6&"|"&TEXT(_xlfn.MAXIFS($F$21:$F$1200,$H$21:$H$1200,$C$6,$F$21:$F$1200,"<"&$C$10),"0"),$N$21:$N$1200,0)),"—") -> —
B12: Data do custo anterior: | C12: =IFERROR(_xlfn.MAXIFS($F$21:$F$1200,$H$21:$H$1200,$C$6,$F$21:$F$1200,"<"&$C$10),"") -> 0
B13: Variação (último vs. anterior): | C13: =IF(OR($C$11="—",$C$11=""),"",($C$9-$C$11)/$C$11)
B14: Custo no 1º registro (R$): | C14: =IFERROR(INDEX($J$21:$J$1200,MATCH($C$6&"|"&TEXT(_xlfn.MINIFS($F$21:$F$1200,$H$21:$H$1200,$C$6),"0"),$N$21:$N$1200,0)),"") -> 57.821801
B15: Data do 1º registro: | C15: =IFERROR(_xlfn.MINIFS($F$21:$F$1200,$H$21:$H$1200,$C$6),"") -> 46241
B16: Variação total (desde o 1º registro): | C16: =IF(OR($C$14="",$C$14=0),"",($C$9-$C$14)/$C$14) -> 0
B17: Nº de atualizações registradas: | C17: =COUNTIF($H$21:$H$1200,$C$6) -> 1
B19: 🗓 MATRIZ DE EVOLUÇÃO MENSAL — CUSTO DO PRODUTO NO FIM DE CADA MÊS (R$) | F19: 📝 REGISTRO DE ATUALIZAÇÕES DE CUSTO (LOG) — adicione uma linha nova a cada atualização
B20: PRODUTO (PIG / SOBRESSALENTE) | C20: TIPO | D20: ='EVOLUÇÃO DE CUSTOS - MP'!D$19 -> 46235 | F20: DATA | G20: TIPO | H20: PRODUTO (use o mesmo nome da matriz à esquerda) | I20: ORIGEM / FONTE | J20: CUSTO (R$) | K20: CUSTO ANTERIOR (R$) | L20: VARIAÇÃO (%) | M20: OBSERVAÇÃO | N20: CHAVE (auto)
B21: PIG LUN-CP3 EPDM | Corpo completo (Eixo+Cabeçote+Nylon+Porca+Flange+Copo) | DN 6'' | C21: Pig | D21: =IF($B21="","",IFERROR(INDEX($J$21:$J$1200,MATCH($B21&"|"&TEXT(_xlfn.MAXIFS($F$21:$F$1200,$H$21:$H$1200,$B21,$F$21:$F$1200,"<="&EOMONTH(D$20,0)),"0"),$N$21:$N$1200,0)),"-")) -> 837.3 | F21: 46241 | G21: Pig | H21: PIG LUN-CP3 EPDM | Corpo completo (Eixo+Cabeçote+Nylon+Porca+Flange+Copo) | DN 6'' | I21: Cálculo interno (aba de origem) | J21: 837.3 | K21: =IF($H21="","",IFERROR(INDEX($J$21:$J$1200,MATCH($H21&"|"&TEXT(_xlfn.MAXIFS($F$21:$F$1200,$H$21:$H$1200,$H21,$F$21:$F$1200,"<"&$F21),"0"),$N$21:$N$1200,0)),"1º registro")) -> 1º registro | L21: =IF(OR($H21="",$K21="1º registro"),"",IFERROR(($J21-$K21)/$K21,"")) | M21: Carga inicial (snapshot do índice 'BUSCA DE CUSTO') | N21: =IF($H21="","",$H21&"|"&TEXT($F21,"0")) -> PIG LUN-CP3 EPDM | Corpo completo (Eixo+Cabeçote+Nylon+Porca+Flange+Copo) | DN 6''|46241
B22: PIG LUN-CP3 EPDM | Corpo completo (Eixo+Cabeçote+Nylon+Porca+Flange+Copo) | DN 8'' | C22: Pig | D22: =IF($B22="","",IFERROR(INDEX($J$21:$J$1200,MATCH($B22&"|"&TEXT(_xlfn.MAXIFS($F$21:$F$1200,$H$21:$H$1200,$B22,$F$21:$F$1200,"<="&EOMONTH(D$20,0)),"0"),$N$21:$N$1200,0)),"-")) -> 1022.8 | F22: 46241 | G22: Pig | H22: PIG LUN-CP3 EPDM | Corpo completo (Eixo+Cabeçote+Nylon+Porca+Flange+Copo) | DN 8'' | I22: Cálculo interno (aba de origem) | J22: 1022.8 | K22: =IF($H22="","",IFERROR(INDEX($J$21:$J$1200,MATCH($H22&"|"&TEXT(_xlfn.MAXIFS($F$21:$F$1200,$H$21:$H$1200,$H22,$F$21:$F$1200,"<"&$F22),"0"),$N$21:$N$1200,0)),"1º registro")) -> 1º registro | L22: =IF(OR($H22="",$K22="1º registro"),"",IFERROR(($J22-$K22)/$K22,"")) | M22: Carga inicial (snapshot do índice 'BUSCA DE CUSTO') | N22: =IF($H22="","",$H22&"|"&TEXT($F22,"0")) -> PIG LUN-CP3 EPDM | Corpo completo (Eixo+Cabeçote+Nylon+Porca+Flange+Copo) | DN 8''|46241
B23: PIG LUN-CP3 EPDM | Corpo completo (Eixo+Cabeçote+Nylon+Porca+Flange+Copo) | DN 10'' | C23: Pig | D23: =IF($B23="","",IFERROR(INDEX($J$21:$J$1200,MATCH($B23&"|"&TEXT(_xlfn.MAXIFS($F$21:$F$1200,$H$21:$H$1200,$B23,$F$21:$F$1200,"<="&EOMONTH(D$20,0)),"0"),$N$21:$N$1200,0)),"-")) -> 1118.7 | F23: 46241 | G23: Pig | H23: PIG LUN-CP3 EPDM | Corpo completo (Eixo+Cabeçote+Nylon+Porca+Flange+Copo) | DN 10'' | I23: Cálculo interno (aba de origem) | J23: 1118.7 | K23: =IF($H23="","",IFERROR(INDEX($J$21:$J$1200,MATCH($H23&"|"&TEXT(_xlfn.MAXIFS($F$21:$F$1200,$H$21:$H$1200,$H23,$F$21:$F$1200,"<"&$F23),"0"),$N$21:$N$1200,0)),"1º registro")) -> 1º registro | L23: =IF(OR($H23="",$K23="1º registro"),"",IFERROR(($J23-$K23)/$K23,"")) | M23: Carga inicial (snapshot do índice 'BUSCA DE CUSTO') | N23: =IF($H23="","",$H23&"|"&TEXT($F23,"0")) -> PIG LUN-CP3 EPDM | Corpo completo (Eixo+Cabeçote+Nylon+Porca+Flange+Copo) | DN 10''|46241
B24: PIG LUN-CP3 EPDM | Corpo completo (Eixo+Cabeçote+Nylon+Porca+Flange+Copo) | DN 12'' | C24: Pig | D24: =IF($B24="","",IFERROR(INDEX($J$21:$J$1200,MATCH($B24&"|"&TEXT(_xlfn.MAXIFS($F$21:$F$1200,$H$21:$H$1200,$B24,$F$21:$F$1200,"<="&EOMONTH(D$20,0)),"0"),$N$21:$N$1200,0)),"-")) -> 1332.1 | F24: 46241 | G24: Pig | H24: PIG LUN-CP3 EPDM | Corpo completo (Eixo+Cabeçote+Nylon+Porca+Flange+Copo) | DN 12'' | I24: Cálculo interno (aba de origem) | J24: 1332.1 | K24: =IF($H24="","",IFERROR(INDEX($J$21:$J$1200,MATCH($H24&"|"&TEXT(_xlfn.MAXIFS($F$21:$F$1200,$H$21:$H$1200,$H24,$F$21:$F$1200,"<"&$F24),"0"),$N$21:$N$1200,0)),"1º registro")) -> 1º registro | L24: =IF(OR($H24="",$K24="1º registro"),"",IFERROR(($J24-$K24)/$K24,"")) | M24: Carga inicial (snapshot do índice 'BUSCA DE CUSTO') | N24: =IF($H24="","",$H24&"|"&TEXT($F24,"0")) -> PIG LUN-CP3 EPDM | Corpo completo (Eixo+Cabeçote+Nylon+Porca+Flange+Copo) | DN 12''|46241
B25: PIG LUN-CP3 EPDM | Corpo completo (Eixo+Cabeçote+Nylon+Porca+Flange+Copo) | DN 14'' | C25: Pig | D25: =IF($B25="","",IFERROR(INDEX($J$21:$J$1200,MATCH($B25&"|"&TEXT(_xlfn.MAXIFS($F$21:$F$1200,$H$21:$H$1200,$B25,$F$21:$F$1200,"<="&EOMONTH(D$20,0)),"0"),$N$21:$N$1200,0)),"-")) -> 1656.4 | F25: 46241 | G25: Pig | H25: PIG LUN-CP3 EPDM | Corpo completo (Eixo+Cabeçote+Nylon+Porca+Flange+Copo) | DN 14'' | I25: Cálculo interno (aba de origem) | J25: 1656.4 | K25: =IF($H25="","",IFERROR(INDEX($J$21:$J$1200,MATCH($H25&"|"&TEXT(_xlfn.MAXIFS($F$21:$F$1200,$H$21:$H$1200,$H25,$F$21:$F$1200,"<"&$F25),"0"),$N$21:$N$1200,0)),"1º registro")) -> 1º registro | L25: =IF(OR($H25="",$K25="1º registro"),"",IFERROR(($J25-$K25)/$K25,"")) | M25: Carga inicial (snapshot do índice 'BUSCA DE CUSTO') | N25: =IF($H25="","",$H25&"|"&TEXT($F25,"0")) -> PIG LUN-CP3 EPDM | Corpo completo (Eixo+Cabeçote+Nylon+Porca+Flange+Copo) | DN 14''|46241
B26: PIG LUN-CP3 BUNA N | Corpo completo (Eixo+Cabeçote+Nylon+Porca+Flange+Copo) | DN 6'' | C26: Pig | D26: =IF($B26="","",IFERROR(INDEX($J$21:$J$1200,MATCH($B26&"|"&TEXT(_xlfn.MAXIFS($F$21:$F$1200,$H$21:$H$1200,$B26,$F$21:$F$1200,"<="&EOMONTH(D$20,0)),"0"),$N$21:$N$1200,0)),"-")) -> 939.3 | F26: 46241 | G26: Pig | H26: PIG LUN-CP3 BUNA N | Corpo completo (Eixo+Cabeçote+Nylon+Porca+Flange+Copo) | DN 6'' | I26: Cálculo interno (aba de origem) | J26: 939.3 | K26: =IF($H26="","",IFERROR(INDEX($J$21:$J$1200,MATCH($H26&"|"&TEXT(_xlfn.MAXIFS($F$21:$F$1200,$H$21:$H$1200,$H26,$F$21:$F$1200,"<"&$F26),"0"),$N$21:$N$1200,0)),"1º registro")) -> 1º registro | L26: =IF(OR($H26="",$K26="1º registro"),"",IFERROR(($J26-$K26)/$K26,"")) | M26: Carga inicial (snapshot do índice 'BUSCA DE CUSTO') | N26: =IF($H26="","",$H26&"|"&TEXT($F26,"0")) -> PIG LUN-CP3 BUNA N | Corpo completo (Eixo+Cabeçote+Nylon+Porca+Flange+Copo) | DN 6''|46241
B27: PIG LUN-CP3 BUNA N | Corpo completo (Eixo+Cabeçote+Nylon+Porca+Flange+Copo) | DN 8'' | C27: Pig | D27: =IF($B27="","",IFERROR(INDEX($J$21:$J$1200,MATCH($B27&"|"&TEXT(_xlfn.MAXIFS($F$21:$F$1200,$H$21:$H$1200,$B27,$F$21:$F$1200,"<="&EOMONTH(D$20,0)),"0"),$N$21:$N$1200,0)),"-")) -> 1157.8 | F27: 46241 | G27: Pig | H27: PIG LUN-CP3 BUNA N | Corpo completo (Eixo+Cabeçote+Nylon+Porca+Flange+Copo) | DN 8'' | I27: Cálculo interno (aba de origem) | J27: 1157.8 | K27: =IF($H27="","",IFERROR(INDEX($J$21:$J$1200,MATCH($H27&"|"&TEXT(_xlfn.MAXIFS($F$21:$F$1200,$H$21:$H$1200,$H27,$F$21:$F$1200,"<"&$F27),"0"),$N$21:$N$1200,0)),"1º registro")) -> 1º registro | L27: =IF(OR($H27="",$K27="1º registro"),"",IFERROR(($J27-$K27)/$K27,"")) | M27: Carga inicial (snapshot do índice 'BUSCA DE CUSTO') | N27: =IF($H27="","",$H27&"|"&TEXT($F27,"0")) -> PIG LUN-CP3 BUNA N | Corpo completo (Eixo+Cabeçote+Nylon+Porca+Flange+Copo) | DN 8''|46241
B28: PIG LUN-CP3 BUNA N | Corpo completo (Eixo+Cabeçote+Nylon+Porca+Flange+Copo) | DN 10'' | C28: Pig | D28: =IF($B28="","",IFERROR(INDEX($J$21:$J$1200,MATCH($B28&"|"&TEXT(_xlfn.MAXIFS($F$21:$F$1200,$H$21:$H$1200,$B28,$F$21:$F$1200,"<="&EOMONTH(D$20,0)),"0"),$N$21:$N$1200,0)),"-")) -> 1271.7 | F28: 46241 | G28: Pig | H28: PIG LUN-CP3 BUNA N | Corpo completo (Eixo+Cabeçote+Nylon+Porca+Flange+Copo) | DN 10'' | I28: Cálculo interno (aba de origem) | J28: 1271.7 | K28: =IF($H28="","",IFERROR(INDEX($J$21:$J$1200,MATCH($H28&"|"&TEXT(_xlfn.MAXIFS($F$21:$F$1200,$H$21:$H$1200,$H28,$F$21:$F$1200,"<"&$F28),"0"),$N$21:$N$1200,0)),"1º registro")) -> 1º registro | L28: =IF(OR($H28="",$K28="1º registro"),"",IFERROR(($J28-$K28)/$K28,"")) | M28: Carga inicial (snapshot do índice 'BUSCA DE CUSTO') | N28: =IF($H28="","",$H28&"|"&TEXT($F28,"0")) -> PIG LUN-CP3 BUNA N | Corpo completo (Eixo+Cabeçote+Nylon+Porca+Flange+Copo) | DN 10''|46241
B29: PIG LUN-CP3 BUNA N | Corpo completo (Eixo+Cabeçote+Nylon+Porca+Flange+Copo) | DN 12'' | C29: Pig | D29: =IF($B29="","",IFERROR(INDEX($J$21:$J$1200,MATCH($B29&"|"&TEXT(_xlfn.MAXIFS($F$21:$F$1200,$H$21:$H$1200,$B29,$F$21:$F$1200,"<="&EOMONTH(D$20,0)),"0"),$N$21:$N$1200,0)),"-")) -> 1488.1 | F29: 46241 | G29: Pig | H29: PIG LUN-CP3 BUNA N | Corpo completo (Eixo+Cabeçote+Nylon+Porca+Flange+Copo) | DN 12'' | I29: Cálculo interno (aba de origem) | J29: 1488.1 | K29: =IF($H29="","",IFERROR(INDEX($J$21:$J$1200,MATCH($H29&"|"&TEXT(_xlfn.MAXIFS($F$21:$F$1200,$H$21:$H$1200,$H29,$F$21:$F$1200,"<"&$F29),"0"),$N$21:$N$1200,0)),"1º registro")) -> 1º registro | L29: =IF(OR($H29="",$K29="1º registro"),"",IFERROR(($J29-$K29)/$K29,"")) | M29: Carga inicial (snapshot do índice 'BUSCA DE CUSTO') | N29: =IF($H29="","",$H29&"|"&TEXT($F29,"0")) -> PIG LUN-CP3 BUNA N | Corpo completo (Eixo+Cabeçote+Nylon+Porca+Flange+Copo) | DN 12''|46241
B30: PIG LUN-CP3 BUNA N | Corpo completo (Eixo+Cabeçote+Nylon+Porca+Flange+Copo) | DN 14'' | C30: Pig | D30: =IF($B30="","",IFERROR(INDEX($J$21:$J$1200,MATCH($B30&"|"&TEXT(_xlfn.MAXIFS($F$21:$F$1200,$H$21:$H$1200,$B30,$F$21:$F$1200,"<="&EOMONTH(D$20,0)),"0"),$N$21:$N$1200,0)),"-")) -> 1836.4 | F30: 46241 | G30: Pig | H30: PIG LUN-CP3 BUNA N | Corpo completo (Eixo+Cabeçote+Nylon+Porca+Flange+Copo) | DN 14'' | I30: Cálculo interno (aba de origem) | J30: 1836.4 | K30: =IF($H30="","",IFERROR(INDEX($J$21:$J$1200,MATCH($H30&"|"&TEXT(_xlfn.MAXIFS($F$21:$F$1200,$H$21:$H$1200,$H30,$F$21:$F$1200,"<"&$F30),"0"),$N$21:$N$1200,0)),"1º registro")) -> 1º registro | L30: =IF(OR($H30="",$K30="1º registro"),"",IFERROR(($J30-$K30)/$K30,"")) | M30: Carga inicial (snapshot do índice 'BUSCA DE CUSTO') | N30: =IF($H30="","",$H30&"|"&TEXT($F30,"0")) -> PIG LUN-CP3 BUNA N | Corpo completo (Eixo+Cabeçote+Nylon+Porca+Flange+Copo) | DN 14''|46241
B31: PIG LUN-CP4 BUNA N | Corpo completo (Eixo+Cabeçote+Nylon+Porca+Flange+Copo) | DN 6'' | C31: Pig | D31: =IF($B31="","",IFERROR(INDEX($J$21:$J$1200,MATCH($B31&"|"&TEXT(_xlfn.MAXIFS($F$21:$F$1200,$H$21:$H$1200,$B31,$F$21:$F$1200,"<="&EOMONTH(D$20,0)),"0"),$N$21:$N$1200,0)),"-")) -> 1083.3 | F31: 46241 | G31: Pig | H31: PIG LUN-CP4 BUNA N | Corpo completo (Eixo+Cabeçote+Nylon+Porca+Flange+Copo) | DN 6'' | I31: Cálculo interno (aba de origem) | J31: 1083.3 | K31: =IF($H31="","",IFERROR(INDEX($J$21:$J$1200,MATCH($H31&"|"&TEXT(_xlfn.MAXIFS($F$21:$F$1200,$H$21:$H$1200,$H31,$F$21:$F$1200,"<"&$F31),"0"),$N$21:$N$1200,0)),"1º registro")) -> 1º registro | L31: =IF(OR($H31="",$K31="1º registro"),"",IFERROR(($J31-$K31)/$K31,"")) | M31: Carga inicial (snapshot do índice 'BUSCA DE CUSTO') | N31: =IF($H31="","",$H31&"|"&TEXT($F31,"0")) -> PIG LUN-CP4 BUNA N | Corpo completo (Eixo+Cabeçote+Nylon+Porca+Flange+Copo) | DN 6''|46241
B32: PIG LUN-CP4 BUNA N | Corpo completo (Eixo+Cabeçote+Nylon+Porca+Flange+Copo) | DN 8'' | C32: Pig | D32: =IF($B32="","",IFERROR(INDEX($J$21:$J$1200,MATCH($B32&"|"&TEXT(_xlfn.MAXIFS($F$21:$F$1200,$H$21:$H$1200,$B32,$F$21:$F$1200,"<="&EOMONTH(D$20,0)),"0"),$N$21:$N$1200,0)),"-")) -> 1352.8 | F32: 46241 | G32: Pig | H32: PIG LUN-CP4 BUNA N | Corpo completo (Eixo+Cabeçote+Nylon+Porca+Flange+Copo) | DN 8'' | I32: Cálculo interno (aba de origem) | J32: 1352.8 | K32: =IF($H32="","",IFERROR(INDEX($J$21:$J$1200,MATCH($H32&"|"&TEXT(_xlfn.MAXIFS($F$21:$F$1200,$H$21:$H$1200,$H32,$F$21:$F$1200,"<"&$F32),"0"),$N$21:$N$1200,0)),"1º registro")) -> 1º registro | L32: =IF(OR($H32="",$K32="1º registro"),"",IFERROR(($J32-$K32)/$K32,"")) | M32: Carga inicial (snapshot do índice 'BUSCA DE CUSTO') | N32: =IF($H32="","",$H32&"|"&TEXT($F32,"0")) -> PIG LUN-CP4 BUNA N | Corpo completo (Eixo+Cabeçote+Nylon+Porca+Flange+Copo) | DN 8''|46241
... B831: PU CAST COPO PISTAO | Copo pistão em poliuretano fundido (MP + HH) | DN 46 | C831: Sobressalente | D831: =IF($B831="","",IFERROR(INDEX($J$21:$J$1200,MATCH($B831&"|"&TEXT(_xlfn.MAXIFS($F$21:$F$1200,$H$21:$H$1200,$B831,$F$21:$F$1200,"<="&EOMONTH(D$20,0)),"0"),$N$21:$N$1200,0)),"-")) -> 2436.9208 | F831: 46241 | G831: Sobressalente | H831: PU CAST COPO PISTAO | Copo pistão em poliuretano fundido (MP + HH) | DN 46 | I831: Cálculo interno (aba de origem) | J831: 2436.9208 | K831: =IF($H831="","",IFERROR(INDEX($J$21:$J$1200,MATCH($H831&"|"&TEXT(_xlfn.MAXIFS($F$21:$F$1200,$H$21:$H$1200,$H831,$F$21:$F$1200,"<"&$F831),"0"),$N$21:$N$1200,0)),"1º registro")) -> 1º registro | L831: =IF(OR($H831="",$K831="1º registro"),"",IFERROR(($J831-$K831)/$K831,"")) | M831: Carga inicial (snapshot do índice 'BUSCA DE CUSTO') | N831: =IF($H831="","",$H831&"|"&TEXT($F831,"0")) -> PU CAST COPO PISTAO | Copo pistão em poliuretano fundido (MP + HH) | DN 46|46241

Sheet EVOLUÇÃO DE CUSTOS - MP
A1: ⬅ PAINEL
B2: 📈 EVOLUÇÃO DE CUSTOS — HISTÓRICO DE PREÇOS (MATÉRIA-PRIMA E PRODUTO)
B3: Toda vez que o preço de uma matéria-prima ou produto mudar, adicione uma nova linha na tabela "REGISTRO DE ATUALIZAÇÕES" (à direita). A matriz mensal e o painel de consulta abaixo são atualizados automaticamente — nada precisa ser recalculado à mão.
B4: 🔵 Texto azul = você pode digitar/editar aqui | ⚫ Texto preto = calculado automaticamente (não editar)
B5: 🔎 CONSULTAR EVOLUÇÃO DE UM ITEM
B6: Item (matéria-prima ou produto): | C6: 12-70 A PRÉ-POLÍMERO TDI
B8: Preço mais recente (R$): | C8: =IFERROR(INDEX($J$21:$J$170,MATCH($C$6&"|"&TEXT(_xlfn.MAXIFS($F$21:$F$170,$H$21:$H$170,$C$6,$F$21:$F$170,"<="&TODAY()),"0"),$N$21:$N$170,0)),"Selecione um item") -> 38.08
B9: Data do preço mais recente: | C9: =IFERROR(_xlfn.MAXIFS($F$21:$F$170,$H$21:$H$170,$C$6,$F$21:$F$170,"<="&TODAY()),"") -> 46143
B10: Preço anterior (R$): | C10: =IFERROR(INDEX($J$21:$J$170,MATCH($C$6&"|"&TEXT(_xlfn.MAXIFS($F$21:$F$170,$H$21:$H$170,$C$6,$F$21:$F$170,"<"&$C$9),"0"),$N$21:$N$170,0)),"—") -> —
B11: Data do preço anterior: | C11: =IFERROR(_xlfn.MAXIFS($F$21:$F$170,$H$21:$H$170,$C$6,$F$21:$F$170,"<"&$C$9),"") -> 0
B12: Variação (último vs. anterior): | C12: =IF(OR($C$10="—",$C$10=""),"",($C$8-$C$10)/$C$10)
B13: Preço no 1º registro (R$): | C13: =IFERROR(INDEX($J$21:$J$170,MATCH($C$6&"|"&TEXT(_xlfn.MINIFS($F$21:$F$170,$H$21:$H$170,$C$6),"0"),$N$21:$N$170,0)),"") -> 38.08
B14: Data do 1º registro: | C14: =IFERROR(_xlfn.MINIFS($F$21:$F$170,$H$21:$H$170,$C$6),"") -> 46143
B15: Variação total (desde o 1º registro): | C15: =IF(OR($C$13="",$C$13=0),"",($C$8-$C$13)/$C$13) -> 0
B16: Nº de atualizações registradas: | C16: =COUNTIF($H$21:$H$170,$C$6) -> 1
B18: 🗓 MATRIZ DE EVOLUÇÃO MENSAL — PREÇO NO FIM DE CADA MÊS (R$) | F18: 📝 REGISTRO DE ATUALIZAÇÕES DE PREÇO (LOG) — adicione uma linha nova a cada atualização
B19: ITEM (MATÉRIA-PRIMA / PRODUTO) | C19: TIPO | D19: 46235 | F19: DATA | G19: TIPO | H19: ITEM (use o mesmo nome da matriz à esquerda) | I19: FORNECEDOR / FONTE | J19: PREÇO (R$) | K19: PREÇO ANTERIOR (R$) | L19: VARIAÇÃO (%) | M19: OBSERVAÇÃO | N19: CHAVE (auto)
B20: 12-70 A PRÉ-POLÍMERO TDI | C20: Matéria-Prima | D20: =IF($B20="","",IFERROR(INDEX($J$21:$J$170,MATCH($B20&"|"&TEXT(_xlfn.MAXIFS($F$21:$F$170,$H$21:$H$170,$B20,$F$21:$F$170,"<="&EOMONTH(D$19,0)),"0"),$N$21:$N$170,0)),"-")) -> 38.08
B21: 12-83 PRÉ-POLÍMERO TDI | C21: Matéria-Prima | D21: =IF($B21="","",IFERROR(INDEX($J$21:$J$170,MATCH($B21&"|"&TEXT(_xlfn.MAXIFS($F$21:$F$170,$H$21:$H$170,$B21,$F$21:$F$170,"<="&EOMONTH(D$19,0)),"0"),$N$21:$N$170,0)),"-")) -> 34.22 | F21: 46143 | G21: Matéria-Prima | H21: 12-70 A PRÉ-POLÍMERO TDI | I21: COIM | J21: 38.08 | K21: =IF($H21="","",IFERROR(INDEX($J$21:$J$170,MATCH($H21&"|"&TEXT(_xlfn.MAXIFS($F$21:$F$170,$H$21:$H$170,$H21,$F$21:$F$170,"<"&$F21),"0"),$N$21:$N$170,0)),"1º registro")) -> 1º registro | L21: =IF(OR($H21="",$K21="1º registro"),"",IFERROR(($J21-$K21)/$K21,"")) | M21: Carga inicial (migrado da aba 'PARÂMETROS') | N21: =IF($H21="","",$H21&"|"&TEXT($F21,"0")) -> 12-70 A PRÉ-POLÍMERO TDI|46143
B22: MOCA CURATIVO TDI | C22: Matéria-Prima | D22: =IF($B22="","",IFERROR(INDEX($J$21:$J$170,MATCH($B22&"|"&TEXT(_xlfn.MAXIFS($F$21:$F$170,$H$21:$H$170,$B22,$F$21:$F$170,"<="&EOMONTH(D$19,0)),"0"),$N$21:$N$170,0)),"-")) -> 27.97 | F22: 46143 | G22: Matéria-Prima | H22: 12-83 PRÉ-POLÍMERO TDI | I22: COIM/AMINO | J22: 34.22 | K22: =IF($H22="","",IFERROR(INDEX($J$21:$J$170,MATCH($H22&"|"&TEXT(_xlfn.MAXIFS($F$21:$F$170,$H$21:$H$170,$H22,$F$21:$F$170,"<"&$F22),"0"),$N$21:$N$170,0)),"1º registro")) -> 1º registro | L22: =IF(OR($H22="",$K22="1º registro"),"",IFERROR(($J22-$K22)/$K22,"")) | M22: Carga inicial (migrado da aba 'PARÂMETROS') | N22: =IF($H22="","",$H22&"|"&TEXT($F22,"0")) -> 12-83 PRÉ-POLÍMERO TDI|46143
B23: 8086 PRÉ-POLÍMERO TDI | C23: Matéria-Prima | D23: =IF($B23="","",IFERROR(INDEX($J$21:$J$170,MATCH($B23&"|"&TEXT(_xlfn.MAXIFS($F$21:$F$170,$H$21:$H$170,$B23,$F$21:$F$170,"<="&EOMONTH(D$19,0)),"0"),$N$21:$N$170,0)),"-")) -> 18.31 | F23: 46143 | G23: Matéria-Prima | H23: MOCA CURATIVO TDI | I23: COIM | J23: 27.97 | K23: =IF($H23="","",IFERROR(INDEX($J$21:$J$170,MATCH($H23&"|"&TEXT(_xlfn.MAXIFS($F$21:$F$170,$H$21:$H$170,$H23,$F$21:$F$170,"<"&$F23),"0"),$N$21:$N$170,0)),"1º registro")) -> 1º registro | L23: =IF(OR($H23="",$K23="1º registro"),"",IFERROR(($J23-$K23)/$K23,"")) | M23: Carga inicial (migrado da aba 'PARÂMETROS') | N23: =IF($H23="","",$H23&"|"&TEXT($F23,"0")) -> MOCA CURATIVO TDI|46143
B24: 18Q PRÉ-POLÍMERO MDI | C24: Matéria-Prima | D24: =IF($B24="","",IFERROR(INDEX($J$21:$J$170,MATCH($B24&"|"&TEXT(_xlfn.MAXIFS($F$21:$F$170,$H$21:$H$170,$B24,$F$21:$F$170,"<="&EOMONTH(D$19,0)),"0"),$N$21:$N$170,0)),"-")) -> 50.95 | F24: 46143 | G24: Matéria-Prima | H24: 8086 PRÉ-POLÍMERO TDI | I24: LANXESS | J24: 18.31 | K24: =IF($H24="","",IFERROR(INDEX($J$21:$J$170,MATCH($H24&"|"&TEXT(_xlfn.MAXIFS($F$21:$F$170,$H$21:$H$170,$H24,$F$21:$F$170,"<"&$F24),"0"),$N$21:$N$170,0)),"1º registro")) -> 1º registro | L24: =IF(OR($H24="",$K24="1º registro"),"",IFERROR(($J24-$K24)/$K24,"")) | M24: Carga inicial (migrado da aba 'PARÂMETROS') | N24: =IF($H24="","",$H24&"|"&TEXT($F24,"0")) -> 8086 PRÉ-POLÍMERO TDI|46143
B25: IMUCURE GS234-960 MDI | C25: Matéria-Prima | D25: =IF($B25="","",IFERROR(INDEX($J$21:$J$170,MATCH($B25&"|"&TEXT(_xlfn.MAXIFS($F$21:$F$170,$H$21:$H$170,$B25,$F$21:$F$170,"<="&EOMONTH(D$19,0)),"0"),$N$21:$N$170,0)),"-")) -> 44.74 | F25: 45658 | G25: Matéria-Prima | H25: 18Q PRÉ-POLÍMERO MDI | I25: COIM | J25: 50.95 | K25: =IF($H25="","",IFERROR(INDEX($J$21:$J$170,MATCH($H25&"|"&TEXT(_xlfn.MAXIFS($F$21:$F$170,$H$21:$H$170,$H25,$F$21:$F$170,"<"&$F25),"0"),$N$21:$N$170,0)),"1º registro")) -> 1º registro | L25: =IF(OR($H25="",$K25="1º registro"),"",IFERROR(($J25-$K25)/$K25,"")) | M25: Carga inicial (migrado da aba 'PARÂMETROS') | N25: =IF($H25="","",$H25&"|"&TEXT($F25,"0")) -> 18Q PRÉ-POLÍMERO MDI|45658
B26: IMUCURE GR 45 1,4 BUTANODIOL | C26: Matéria-Prima | D26: =IF($B26="","",IFERROR(INDEX($J$21:$J$170,MATCH($B26&"|"&TEXT(_xlfn.MAXIFS($F$21:$F$170,$H$21:$H$170,$B26,$F$21:$F$170,"<="&EOMONTH(D$19,0)),"0"),$N$21:$N$170,0)),"-")) -> 60.06 | F26: 45658 | G26: Matéria-Prima | H26: IMUCURE GS234-960 MDI | I26: COIM | J26: 44.74 | K26: =IF($H26="","",IFERROR(INDEX($J$21:$J$170,MATCH($H26&"|"&TEXT(_xlfn.MAXIFS($F$21:$F$170,$H$21:$H$170,$H26,$F$21:$F$170,"<"&$F26),"0"),$N$21:$N$170,0)),"1º registro")) -> 1º registro | L26: =IF(OR($H26="",$K26="1º registro"),"",IFERROR(($J26-$K26)/$K26,"")) | M26: Carga inicial (migrado da aba 'PARÂMETROS') | N26: =IF($H26="","",$H26&"|"&TEXT($F26,"0")) -> IMUCURE GS234-960 MDI|45658
B27: 8086 BUMPER PRÉ-POLÍMERO TDI | C27: Matéria-Prima | D27: =IF($B27="","",IFERROR(INDEX($J$21:$J$170,MATCH($B27&"|"&TEXT(_xlfn.MAXIFS($F$21:$F$170,$H$21:$H$170,$B27,$F$21:$F$170,"<="&EOMONTH(D$19,0)),"0"),$N$21:$N$170,0)),"-")) -> 38 | F27: 45658 | G27: Matéria-Prima | H27: IMUCURE GR 45 1,4 BUTANODIOL | I27: COIM | J27: 60.06 | K27: =IF($H27="","",IFERROR(INDEX($J$21:$J$170,MATCH($H27&"|"&TEXT(_xlfn.MAXIFS($F$21:$F$170,$H$21:$H$170,$H27,$F$21:$F$170,"<"&$F27),"0"),$N$21:$N$170,0)),"1º registro")) -> 1º registro | L27: =IF(OR($H27="",$K27="1º registro"),"",IFERROR(($J27-$K27)/$K27,"")) | M27: Carga inicial (migrado da aba 'PARÂMETROS') | N27: =IF($H27="","",$H27&"|"&TEXT($F27,"0")) -> IMUCURE GR 45 1,4 BUTANODIOL|45658
B28: ATS 75 PRÉ-POLÍMERO (AMINO) TDI | C28: Matéria-Prima | D28: =IF($B28="","",IFERROR(INDEX($J$21:$J$170,MATCH($B28&"|"&TEXT(_xlfn.MAXIFS($F$21:$F$170,$H$21:$H$170,$B28,$F$21:$F$170,"<="&EOMONTH(D$19,0)),"0"),$N$21:$N$170,0)),"-")) -> 34.13 | F28: 45658 | G28: Matéria-Prima | H28: 8086 BUMPER PRÉ-POLÍMERO TDI | I28: COIM | J28: 38 | K28: =IF($H28="","",IFERROR(INDEX($J$21:$J$170,MATCH($H28&"|"&TEXT(_xlfn.MAXIFS($F$21:$F$170,$H$21:$H$170,$H28,$F$21:$F$170,"<"&$F28),"0"),$N$21:$N$170,0)),"1º registro")) -> 1º registro | L28: =IF(OR($H28="",$K28="1º registro"),"",IFERROR(($J28-$K28)/$K28,"")) | M28: Carga inicial (migrado da aba 'PARÂMETROS') | N28: =IF($H28="","",$H28&"|"&TEXT($F28,"0")) -> 8086 BUMPER PRÉ-POLÍMERO TDI|45658
B29: ATP 85 PRÉ-POLÍMERO (AMINO) TDI | C29: Matéria-Prima | D29: =IF($B29="","",IFERROR(INDEX($J$21:$J$170,MATCH($B29&"|"&TEXT(_xlfn.MAXIFS($F$21:$F$170,$H$21:$H$170,$B29,$F$21:$F$170,"<="&EOMONTH(D$19,0)),"0"),$N$21:$N$170,0)),"-")) -> 23.95 | F29: 46143 | G29: Matéria-Prima | H29: ATP 85 PRÉ-POLÍMERO (AMINO) TDI | I29: AMINO | J29: 23.95 | K29: =IF($H29="","",IFERROR(INDEX($J$21:$J$170,MATCH($H29&"|"&TEXT(_xlfn.MAXIFS($F$21:$F$170,$H$21:$H$170,$H29,$F$21:$F$170,"<"&$F29),"0"),$N$21:$N$170,0)),"1º registro")) -> 1º registro | L29: =IF(OR($H29="",$K29="1º registro"),"",IFERROR(($J29-$K29)/$K29,"")) | M29: Carga inicial (migrado da aba 'PARÂMETROS') | N29: =IF($H29="","",$H29&"|"&TEXT($F29,"0")) -> ATP 85 PRÉ-POLÍMERO (AMINO) TDI|46143
B30: ATS 85 PRÉ-POLÍMERO (AMINO) TDI | C30: Matéria-Prima | D30: =IF($B30="","",IFERROR(INDEX($J$21:$J$170,MATCH($B30&"|"&TEXT(_xlfn.MAXIFS($F$21:$F$170,$H$21:$H$170,$B30,$F$21:$F$170,"<="&EOMONTH(D$19,0)),"0"),$N$21:$N$170,0)),"-")) -> 31.39 | F30: 46143 | G30: Matéria-Prima | H30: ATS 85 PRÉ-POLÍMERO (AMINO) TDI | I30: AMINO | J30: 31.39 | K30: =IF($H30="","",IFERROR(INDEX($J$21:$J$170,MATCH($H30&"|"&TEXT(_xlfn.MAXIFS($F$21:$F$170,$H$21:$H$170,$H30,$F$21:$F$170,"<"&$F30),"0"),$N$21:$N$170,0)),"1º registro")) -> 1º registro | L30: =IF(OR($H30="",$K30="1º registro"),"",IFERROR(($J30-$K30)/$K30,"")) | M30: Carga inicial (migrado da aba 'PARÂMETROS') | N30: =IF($H30="","",$H30&"|"&TEXT($F30,"0")) -> ATS 85 PRÉ-POLÍMERO (AMINO) TDI|46143
B31: BLOCO ESPUMA D26 (DINATEC) | C31: Matéria-Prima | D31: =IF($B31="","",IFERROR(INDEX($J$21:$J$170,MATCH($B31&"|"&TEXT(_xlfn.MAXIFS($F$21:$F$170,$H$21:$H$170,$B31,$F$21:$F$170,"<="&EOMONTH(D$19,0)),"0"),$N$21:$N$170,0)),"-")) -> 696.52 | F31: 46143 | G31: Matéria-Prima | H31: BLOCO ESPUMA D26 (DINATEC) | I31: DINATEC | J31: 696.52 | K31: =IF($H31="","",IFERROR(INDEX($J$21:$J$170,MATCH($H31&"|"&TEXT(_xlfn.MAXIFS($F$21:$F$170,$H$21:$H$170,$H31,$F$21:$F$170,"<"&$F31),"0"),$N$21:$N$170,0)),"1º registro")) -> 1º registro | L31: =IF(OR($H31="",$K31="1º registro"),"",IFERROR(($J31-$K31)/$K31,"")) | M31: Carga inicial (migrado da aba 'PARÂMETROS') | N31: =IF($H31="","",$H31&"|"&TEXT($F31,"0")) -> BLOCO ESPUMA D26 (DINATEC)|46143
B32: BLOCO ESPUMA D45 (DINATEC) | C32: Matéria-Prima | D32: =IF($B32="","",IFERROR(INDEX($J$21:$J$170,MATCH($B32&"|"&TEXT(_xlfn.MAXIFS($F$21:$F$170,$H$21:$H$170,$B32,$F$21:$F$170,"<="&EOMONTH(D$19,0)),"0"),$N$21:$N$170,0)),"-")) -> 1205.52 | F32: 46143 | G32: Matéria-Prima | H32: BLOCO ESPUMA D45 (DINATEC) | I32: DINATEC | J32: 1205.52 | K32: =IF($H32="","",IFERROR(INDEX($J$21:$J$170,MATCH($H32&"|"&TEXT(_xlfn.MAXIFS($F$21:$F$170,$H$21:$H$170,$H32,$F$21:$F$170,"<"&$F32),"0"),$N$21:$N$170,0)),"1º registro")) -> 1º registro | L32: =IF(OR($H32="",$K32="1º registro"),"",IFERROR(($J32-$K32)/$K32,"")) | M32: Carga inicial (migrado da aba 'PARÂMETROS') | N32: =IF($H32="","",$H32&"|"&TEXT($F32,"0")) -> BLOCO ESPUMA D45 (DINATEC)|46143
... B50: BUMPER PU - COIM (kg) | C50: Matéria-Prima | D50: =IF($B50="","",IFERROR(INDEX($J$21:$J$170,MATCH($B50&"|"&TEXT(_xlfn.MAXIFS($F$21:$F$170,$H$21:$H$170,$B50,$F$21:$F$170,"<="&EOMONTH(D$19,0)),"0"),$N$21:$N$170,0)),"-")) -> 55 | F50: 45658 | G50: Matéria-Prima | H50: BUMPER PU - COIM (kg) | I50: COMERCIAL | J50: 55 | K50: =IF($H50="","",IFERROR(INDEX($J$21:$J$170,MATCH($H50&"|"&TEXT(_xlfn.MAXIFS($F$21:$F$170,$H$21:$H$170,$H50,$F$21:$F$170,"<"&$F50),"0"),$N$21:$N$170,0)),"1º registro")) -> 1º registro | L50: =IF(OR($H50="",$K50="1º registro"),"",IFERROR(($J50-$K50)/$K50,"")) | M50: Carga inicial (migrado da aba 'PARÂMETROS') | N50: =IF($H50="","",$H50&"|"&TEXT($F50,"0")) -> BUMPER PU - COIM (kg)|45658
D51: =IF($B51="","",IFERROR(INDEX($J$21:$J$170,MATCH($B51&"|"&TEXT(_xlfn.MAXIFS($F$21:$F$170,$H$21:$H$170,$B51,$F$21:$F$170,"<="&EOMONTH(D$19,0)),"0"),$N$21:$N$170,0)),"-")) | F51: 46246 | G51: Matéria-Prima | H51: ATS 75 PRÉ-POLÍMERO (AMINO) TDI | I51: AMINO | J51: 34.13 | K51: =IF($H51="","",IFERROR(INDEX($J$21:$J$170,MATCH($H51&"|"&TEXT(_xlfn.MAXIFS($F$21:$F$170,$H$21:$H$170,$H51,$F$21:$F$170,"<"&$F51),"0"),$N$21:$N$170,0)),"1º registro")) -> 1º registro | L51: =IF(OR($H51="",$K51="1º registro"),"",IFERROR(($J51-$K51)/$K51,"")) | M51: Inclusão de nova matéria-prima (PARÂMETROS) | N51: =IF($H51="","",$H51&"|"&TEXT($F51,"0")) -> ATS 75 PRÉ-POLÍMERO (AMINO) TDI|46246
D52: =IF($B52="","",IFERROR(INDEX($J$21:$J$170,MATCH($B52&"|"&TEXT(_xlfn.MAXIFS($F$21:$F$170,$H$21:$H$170,$B52,$F$21:$F$170,"<="&EOMONTH(D$19,0)),"0"),$N$21:$N$170,0)),"-")) | K52: =IF($H52="","",IFERROR(INDEX($J$21:$J$170,MATCH($H52&"|"&TEXT(_xlfn.MAXIFS($F$21:$F$170,$H$21:$H$170,$H52,$F$21:$F$170,"<"&$F52),"0"),$N$21:$N$170,0)),"1º registro")) | L52: =IF(OR($H52="",$K52="1º registro"),"",IFERROR(($J52-$K52)/$K52,"")) | N52: =IF($H52="","",$H52&"|"&TEXT($F52,"0"))
D53: =IF($B53="","",IFERROR(INDEX($J$21:$J$170,MATCH($B53&"|"&TEXT(_xlfn.MAXIFS($F$21:$F$170,$H$21:$H$170,$B53,$F$21:$F$170,"<="&EOMONTH(D$19,0)),"0"),$N$21:$N$170,0)),"-")) | K53: =IF($H53="","",IFERROR(INDEX($J$21:$J$170,MATCH($H53&"|"&TEXT(_xlfn.MAXIFS($F$21:$F$170,$H$21:$H$170,$H53,$F$21:$F$170,"<"&$F53),"0"),$N$21:$N$170,0)),"1º registro")) | L53: =IF(OR($H53="",$K53="1º registro"),"",IFERROR(($J53-$K53)/$K53,"")) | N53: =IF($H53="","",$H53&"|"&TEXT($F53,"0"))
D54: =IF($B54="","",IFERROR(INDEX($J$21:$J$170,MATCH($B54&"|"&TEXT(_xlfn.MAXIFS($F$21:$F$170,$H$21:$H$170,$B54,$F$21:$F$170,"<="&EOMONTH(D$19,0)),"0"),$N$21:$N$170,0)),"-")) | K54: =IF($H54="","",IFERROR(INDEX($J$21:$J$170,MATCH($H54&"|"&TEXT(_xlfn.MAXIFS($F$21:$F$170,$H$21:$H$170,$H54,$F$21:$F$170,"<"&$F54),"0"),$N$21:$N$170,0)),"1º registro")) | L54: =IF(OR($H54="",$K54="1º registro"),"",IFERROR(($J54-$K54)/$K54,"")) | N54: =IF($H54="","",$H54&"|"&TEXT($F54,"0"))
D55: =IF($B55="","",IFERROR(INDEX($J$21:$J$170,MATCH($B55&"|"&TEXT(_xlfn.MAXIFS($F$21:$F$170,$H$21:$H$170,$B55,$F$21:$F$170,"<="&EOMONTH(D$19,0)),"0"),$N$21:$N$170,0)),"-")) | K55: =IF($H55="","",IFERROR(INDEX($J$21:$J$170,MATCH($H55&"|"&TEXT(_xlfn.MAXIFS($F$21:$F$170,$H$21:$H$170,$H55,$F$21:$F$170,"<"&$F55),"0"),$N$21:$N$170,0)),"1º registro")) | L55: =IF(OR($H55="",$K55="1º registro"),"",IFERROR(($J55-$K55)/$K55,"")) | N55: =IF($H55="","",$H55&"|"&TEXT($F55,"0"))
D56: =IF($B56="","",IFERROR(INDEX($J$21:$J$170,MATCH($B56&"|"&TEXT(_xlfn.MAXIFS($F$21:$F$170,$H$21:$H$170,$B56,$F$21:$F$170,"<="&EOMONTH(D$19,0)),"0"),$N$21:$N$170,0)),"-")) | K56: =IF($H56="","",IFERROR(INDEX($J$21:$J$170,MATCH($H56&"|"&TEXT(_xlfn.MAXIFS($F$21:$F$170,$H$21:$H$170,$H56,$F$21:$F$170,"<"&$F56),"0"),$N$21:$N$170,0)),"1º registro")) | L56: =IF(OR($H56="",$K56="1º registro"),"",IFERROR(($J56-$K56)/$K56,"")) | N56: =IF($H56="","",$H56&"|"&TEXT($F56,"0"))
D57: =IF($B57="","",IFERROR(INDEX($J$21:$J$170,MATCH($B57&"|"&TEXT(_xlfn.MAXIFS($F$21:$F$170,$H$21:$H$170,$B57,$F$21:$F$170,"<="&EOMONTH(D$19,0)),"0"),$N$21:$N$170,0)),"-")) | K57: =IF($H57="","",IFERROR(INDEX($J$21:$J$170,MATCH($H57&"|"&TEXT(_xlfn.MAXIFS($F$21:$F$170,$H$21:$H$170,$H57,$F$21:$F$170,"<"&$F57),"0"),$N$21:$N$170,0)),"1º registro")) | L57: =IF(OR($H57="",$K57="1º registro"),"",IFERROR(($J57-$K57)/$K57,"")) | N57: =IF($H57="","",$H57&"|"&TEXT($F57,"0"))
D58: =IF($B58="","",IFERROR(INDEX($J$21:$J$170,MATCH($B58&"|"&TEXT(_xlfn.MAXIFS($F$21:$F$170,$H$21:$H$170,$B58,$F$21:$F$170,"<="&EOMONTH(D$19,0)),"0"),$N$21:$N$170,0)),"-")) | K58: =IF($H58="","",IFERROR(INDEX($J$21:$J$170,MATCH($H58&"|"&TEXT(_xlfn.MAXIFS($F$21:$F$170,$H$21:$H$170,$H58,$F$21:$F$170,"<"&$F58),"0"),$N$21:$N$170,0)),"1º registro")) | L58: =IF(OR($H58="",$K58="1º registro"),"",IFERROR(($J58-$K58)/$K58,"")) | N58: =IF($H58="","",$H58&"|"&TEXT($F58,"0"))
D59: =IF($B59="","",IFERROR(INDEX($J$21:$J$170,MATCH($B59&"|"&TEXT(_xlfn.MAXIFS($F$21:$F$170,$H$21:$H$170,$B59,$F$21:$F$170,"<="&EOMONTH(D$19,0)),"0"),$N$21:$N$170,0)),"-")) | K59: =IF($H59="","",IFERROR(INDEX($J$21:$J$170,MATCH($H59&"|"&TEXT(_xlfn.MAXIFS($F$21:$F$170,$H$21:$H$170,$H59,$F$21:$F$170,"<"&$F59),"0"),$N$21:$N$170,0)),"1º registro")) | L59: =IF(OR($H59="",$K59="1º registro"),"",IFERROR(($J59-$K59)/$K59,"")) | N59: =IF($H59="","",$H59&"|"&TEXT($F59,"0"))
D60: =IF($B60="","",IFERROR(INDEX($J$21:$J$170,MATCH($B60&"|"&TEXT(_xlfn.MAXIFS($F$21:$F$170,$H$21:$H$170,$B60,$F$21:$F$170,"<="&EOMONTH(D$19,0)),"0"),$N$21:$N$170,0)),"-")) | K60: =IF($H60="","",IFERROR(INDEX($J$21:$J$170,MATCH($H60&"|"&TEXT(_xlfn.MAXIFS($F$21:$F$170,$H$21:$H$170,$H60,$F$21:$F$170,"<"&$F60),"0"),$N$21:$N$170,0)),"1º registro")) | L60: =IF(OR($H60="",$K60="1º registro"),"",IFERROR(($J60-$K60)/$K60,"")) | N60: =IF($H60="","",$H60&"|"&TEXT($F60,"0"))
D61: =IF($B61="","",IFERROR(INDEX($J$21:$J$170,MATCH($B61&"|"&TEXT(_xlfn.MAXIFS($F$21:$F$170,$H$21:$H$170,$B61,$F$21:$F$170,"<="&EOMONTH(D$19,0)),"0"),$N$21:$N$170,0)),"-")) | K61: =IF($H61="","",IFERROR(INDEX($J$21:$J$170,MATCH($H61&"|"&TEXT(_xlfn.MAXIFS($F$21:$F$170,$H$21:$H$170,$H61,$F$21:$F$170,"<"&$F61),"0"),$N$21:$N$170,0)),"1º registro")) | L61: =IF(OR($H61="",$K61="1º registro"),"",IFERROR(($J61-$K61)/$K61,"")) | N61: =IF($H61="","",$H61&"|"&TEXT($F61,"0"))
D62: =IF($B62="","",IFERROR(INDEX($J$21:$J$170,MATCH($B62&"|"&TEXT(_xlfn.MAXIFS($F$21:$F$170,$H$21:$H$170,$B62,$F$21:$F$170,"<="&EOMONTH(D$19,0)),"0"),$N$21:$N$170,0)),"-")) | K62: =IF($H62="","",IFERROR(INDEX($J$21:$J$170,MATCH($H62&"|"&TEXT(_xlfn.MAXIFS($F$21:$F$170,$H$21:$H$170,$H62,$F$21:$F$170,"<"&$F62),"0"),$N$21:$N$170,0)),"1º registro")) | L62: =IF(OR($H62="",$K62="1º registro"),"",IFERROR(($J62-$K62)/$K62,"")) | N62: =IF($H62="","",$H62&"|"&TEXT($F62,"0"))
D63: =IF($B63="","",IFERROR(INDEX($J$21:$J$170,MATCH($B63&"|"&TEXT(_xlfn.MAXIFS($F$21:$F$170,$H$21:$H$170,$B63,$F$21:$F$170,"<="&EOMONTH(D$19,0)),"0"),$N$21:$N$170,0)),"-")) | K63: =IF($H63="","",IFERROR(INDEX($J$21:$J$170,MATCH($H63&"|"&TEXT(_xlfn.MAXIFS($F$21:$F$170,$H$21:$H$170,$H63,$F$21:$F$170,"<"&$F63),"0"),$N$21:$N$170,0)),"1º registro")) | L63: =IF(OR($H63="",$K63="1º registro"),"",IFERROR(($J63-$K63)/$K63,"")) | N63: =IF($H63="","",$H63&"|"&TEXT($F63,"0"))
... D70: =IF($B70="","",IFERROR(INDEX($J$21:$J$170,MATCH($B70&"|"&TEXT(_xlfn.MAXIFS($F$21:$F$170,$H$21:$H$170,$B70,$F$21:$F$170,"<="&EOMONTH(D$19,0)),"0"),$N$21:$N$170,0)),"-")) | K70: =IF($H70="","",IFERROR(INDEX($J$21:$J$170,MATCH($H70&"|"&TEXT(_xlfn.MAXIFS($F$21:$F$170,$H$21:$H$170,$H70,$F$21:$F$170,"<"&$F70),"0"),$N$21:$N$170,0)),"1º registro")) | L70: =IF(OR($H70="",$K70="1º registro"),"",IFERROR(($J70-$K70)/$K70,"")) | N70: =IF($H70="","",$H70&"|"&TEXT($F70,"0"))
K71: =IF($H71="","",IFERROR(INDEX($J$21:$J$170,MATCH($H71&"|"&TEXT(_xlfn.MAXIFS($F$21:$F$170,$H$21:$H$170,$H71,$F$21:$F$170,"<"&$F71),"0"),$N$21:$N$170,0)),"1º registro")) | L71: =IF(OR($H71="",$K71="1º registro"),"",IFERROR(($J71-$K71)/$K71,"")) | N71: =IF($H71="","",$H71&"|"&TEXT($F71,"0"))
K72: =IF($H72="","",IFERROR(INDEX($J$21:$J$170,MATCH($H72&"|"&TEXT(_xlfn.MAXIFS($F$21:$F$170,$H$21:$H$170,$H72,$F$21:$F$170,"<"&$F72),"0"),$N$21:$N$170,0)),"1º registro")) | L72: =IF(OR($H72="",$K72="1º registro"),"",IFERROR(($J72-$K72)/$K72,"")) | N72: =IF($H72="","",$H72&"|"&TEXT($F72,"0"))
K73: =IF($H73="","",IFERROR(INDEX($J$21:$J$170,MATCH($H73&"|"&TEXT(_xlfn.MAXIFS($F$21:$F$170,$H$21:$H$170,$H73,$F$21:$F$170,"<"&$F73),"0"),$N$21:$N$170,0)),"1º registro")) | L73: =IF(OR($H73="",$K73="1º registro"),"",IFERROR(($J73-$K73)/$K73,"")) | N73: =IF($H73="","",$H73&"|"&TEXT($F73,"0"))
K74: =IF($H74="","",IFERROR(INDEX($J$21:$J$170,MATCH($H74&"|"&TEXT(_xlfn.MAXIFS($F$21:$F$170,$H$21:$H$170,$H74,$F$21:$F$170,"<"&$F74),"0"),$N$21:$N$170,0)),"1º registro")) | L74: =IF(OR($H74="",$K74="1º registro"),"",IFERROR(($J74-$K74)/$K74,"")) | N74: =IF($H74="","",$H74&"|"&TEXT($F74,"0"))
K75: =IF($H75="","",IFERROR(INDEX($J$21:$J$170,MATCH($H75&"|"&TEXT(_xlfn.MAXIFS($F$21:$F$170,$H$21:$H$170,$H75,$F$21:$F$170,"<"&$F75),"0"),$N$21:$N$170,0)),"1º registro")) | L75: =IF(OR($H75="",$K75="1º registro"),"",IFERROR(($J75-$K75)/$K75,"")) | N75: =IF($H75="","",$H75&"|"&TEXT($F75,"0"))
K76: =IF($H76="","",IFERROR(INDEX($J$21:$J$170,MATCH($H76&"|"&TEXT(_xlfn.MAXIFS($F$21:$F$170,$H$21:$H$170,$H76,$F$21:$F$170,"<"&$F76),"0"),$N$21:$N$170,0)),"1º registro")) | L76: =IF(OR($H76="",$K76="1º registro"),"",IFERROR(($J76-$K76)/$K76,"")) | N76: =IF($H76="","",$H76&"|"&TEXT($F76,"0"))
K77: =IF($H77="","",IFERROR(INDEX($J$21:$J$170,MATCH($H77&"|"&TEXT(_xlfn.MAXIFS($F$21:$F$170,$H$21:$H$170,$H77,$F$21:$F$170,"<"&$F77),"0"),$N$21:$N$170,0)),"1º registro")) | L77: =IF(OR($H77="",$K77="1º registro"),"",IFERROR(($J77-$K77)/$K77,"")) | N77: =IF($H77="","",$H77&"|"&TEXT($F77,"0"))
K78: =IF($H78="","",IFERROR(INDEX($J$21:$J$170,MATCH($H78&"|"&TEXT(_xlfn.MAXIFS($F$21:$F$170,$H$21:$H$170,$H78,$F$21:$F$170,"<"&$F78),"0"),$N$21:$N$170,0)),"1º registro")) | L78: =IF(OR($H78="",$K78="1º registro"),"",IFERROR(($J78-$K78)/$K78,"")) | N78: =IF($H78="","",$H78&"|"&TEXT($F78,"0"))
K79: =IF($H79="","",IFERROR(INDEX($J$21:$J$170,MATCH($H79&"|"&TEXT(_xlfn.MAXIFS($F$21:$F$170,$H$21:$H$170,$H79,$F$21:$F$170,"<"&$F79),"0"),$N$21:$N$170,0)),"1º registro")) | L79: =IF(OR($H79="",$K79="1º registro"),"",IFERROR(($J79-$K79)/$K79,"")) | N79: =IF($H79="","",$H79&"|"&TEXT($F79,"0"))
K80: =IF($H80="","",IFERROR(INDEX($J$21:$J$170,MATCH($H80&"|"&TEXT(_xlfn.MAXIFS($F$21:$F$170,$H$21:$H$170,$H80,$F$21:$F$170,"<"&$F80),"0"),$N$21:$N$170,0)),"1º registro")) | L80: =IF(OR($H80="",$K80="1º registro"),"",IFERROR(($J80-$K80)/$K80,"")) | N80: =IF($H80="","",$H80&"|"&TEXT($F80,"0"))
K81: =IF($H81="","",IFERROR(INDEX($J$21:$J$170,MATCH($H81&"|"&TEXT(_xlfn.MAXIFS($F$21:$F$170,$H$21:$H$170,$H81,$F$21:$F$170,"<"&$F81),"0"),$N$21:$N$170,0)),"1º registro")) | L81: =IF(OR($H81="",$K81="1º registro"),"",IFERROR(($J81-$K81)/$K81,"")) | N81: =IF($H81="","",$H81&"|"&TEXT($F81,"0"))
K82: =IF($H82="","",IFERROR(INDEX($J$21:$J$170,MATCH($H82&"|"&TEXT(_xlfn.MAXIFS($F$21:$F$170,$H$21:$H$170,$H82,$F$21:$F$170,"<"&$F82),"0"),$N$21:$N$170,0)),"1º registro")) | L82: =IF(OR($H82="",$K82="1º registro"),"",IFERROR(($J82-$K82)/$K82,"")) | N82: =IF($H82="","",$H82&"|"&TEXT($F82,"0"))
... K170: =IF($H170="","",IFERROR(INDEX($J$21:$J$170,MATCH($H170&"|"&TEXT(_xlfn.MAXIFS($F$21:$F$170,$H$21:$H$170,$H170,$F$21:$F$170,"<"&$F170),"0"),$N$21:$N$170,0)),"1º registro")) | L170: =IF(OR($H170="",$K170="1º registro"),"",IFERROR(($J170-$K170)/$K170,"")) | N170: =IF($H170="","",$H170&"|"&TEXT($F170,"0"))

Sheet PARÂMETROS
A1: ⚙ PARÂMETROS — CUSTOS DE PRODUÇÃO 4PIPE
A2: ⚠ ATENÇÃO: Altere os valores AZUIS nesta aba. Todos os custos de todas as abas serão atualizados automaticamente.
A3: ⬅ PAINEL | G3: 💲 CUSTO HH (R$/h): | H3: 40
A4: MATÉRIAS-PRIMAS — PU CAST / LBD (POLIURETANO FUNDIDO)
A5: # | B5: DESCRIÇÃO MATÉRIA-PRIMA | C5: FORNECEDOR / REF. | D5: DATA ATUALIZAÇÃO | E5: PREÇO (R$/kg) SEM IMPOSTO
A6: 1 | B6: 12-70 A PRÉ-POLÍMERO TDI | C6: COIM | D6: 46235 | E6: 39.93
A7: 2 | B7: 12-83 PRÉ-POLÍMERO TDI | C7: COIM | D7: 46236 | E7: 36.91
A8: 3 | B8: MOCA CURATIVO TDI | C8: COIM | D8: 46237 | E8: 30.89 | G8: COMPARATIVO BLOCO DE ESPUMA D26
A9: 4 | B9: 8086 PRÉ-POLÍMERO TDI | C9: LANXESS | D9: 46238 | E9: 17.66 | G9: DINATEC | H9: ARSAN
A10: 5 | B10: 18Q PRÉ-POLÍMERO MDI | C10: COIM | D10: 45658 | E10: 50.95 | G10: =$E$18 -> 438.3 | H10: 445
A11: 6 | B11: IMUCURE GS234-960 MDI | C11: COIM | D11: 45658 | E11: 44.74
A12: 7 | B12: IMUCURE GR 45 1,4 BUTANODIOL | C12: COIM | D12: 45658 | E12: 60.06
A13: 8 | B13: ATS 75 PRÉ-POLÍMERO (AMINO) TDI | C13: AMINO | D13: 46238 | E13: 34.13
A14: 9 | B14: ATP 85 PRÉ-POLÍMERO (AMINO) TDI | C14: AMINO | D14: 46239 | E14: 21.53
A15: 10 | B15: ATS 85 PRÉ-POLÍMERO (AMINO) TDI | C15: AMINO | D15: 46240 | E15: 34.13
A16: MATÉRIAS-PRIMAS — ESPUMA (BLOCOS / ENVASE A+B) | G16: REVISAO MAIO/2026 - EM ANALISE COMERCIAL - COM IMPOSTO
A17: # | B17: DESCRIÇÃO MATÉRIA-PRIMA | C17: FORNECEDOR / REF. | D17: DATA ATUALIZAÇÃO | E17: PREÇO (R$/kg) 05/2026 SEM IMPOSTO | G17: # | H17: DESCRIÇÃO MATÉRIA-PRIMA | I17: FORNECEDOR / REF. | J17: DATA ATUALIZAÇÃO | K17: PREÇO (R$/kg)
A18: 8 | B18: BLOCO ESPUMA D26 (DINATEC) | C18: CBP | D18: 46266 | E18: 438.3 | G18: 8 | H18: BLOCO ESPUMA D26 (DINATEC) | I18: DINATEC | J18: 46143 | K18: 936
A19: 9 | B19: BLOCO ESPUMA D45 (DINATEC) | C19: DINATEC | D19: 46235 | E19: 1205.52 | G19: 9 | H19: BLOCO ESPUMA D45 (DINATEC) | I19: DINATEC | J19: 46143 | K19: 1050
A20: 10 | B20: BLOCO ESPUMA D60 (DINATEC) | C20: DINATEC | D20: 46235 | E20: 1607.36 | G20: 10 | H20: BLOCO ESPUMA D60 (DINATEC) | I20: DINATEC | J20: 46143 | K20: 1350
A21: 11 | B21: BLOCO ESPUMA D80 (DINATEC) | C21: DINATEC | D21: 46235 | E21: 2143.15 | G21: 11 | H21: BLOCO ESPUMA D80 (DINATEC) | I21: DINATEC | J21: 46143 | K21: 1718
A22: 12 | B22: ELASTOMERO 385 TECPUR (kg) | C22: TECPUR | D22: 46235 | E22: 42.37 | G22: 12 | H22: ELASTOMERO TECPUR (kg) | I22: TECPUR | J22: 46143 | K22: 64.4
A23: 13 | B23: SISTEMA AMINO 2471 A ALTA (kg) | C23: AMINO | D23: 46235 | E23: 19.59 | G23: 13 | H23: SISTEMA AMINO A ALTA (kg) | I23: AMINO | J23: 46143 | K23: 26.62
A24: 14 | B24: SISTEMA AMINO 2475 A MÉDIA (kg) | C24: AMINO | D24: 46235 | E24: 19.59 | G24: 14 | H24: SISTEMA AMINO A MÉDIA (kg) | I24: AMINO | J24: 46143 | K24: 26.62
A25: 15 | B25: SISTEMA AMINO 122 B ISO (kg) | C25: AMINO | D25: 46235 | E25: 19.59 | G25: 15 | H25: SISTEMA AMINO B ISO (kg) | I25: AMINO | J25: 46143 | K25: 26.62
A26: 16 | B26: PIGMENTO (kg) - ASTA QUIMICA | C26: ASTA | D26: 46235 | E26: 89.3
A27: 17 | B27: CORDA OLHAL (metro) | C27: COMERCIAL | D27: 45597 | E27: 3
A28: 18 | B28: ESCOVA FINA HLR (metro) | C28: CARDAS BRASIL | D28: 46235 | E28: 142.88
A29: 19 | B29: ESCOVA GROSSA HLR (metro) | C29: CARDAS BRASIL | D29: 46235 | E29: 179.34
A30: 20 | B30: VELCRO HLR V (metro) | C30: COMERCIAL | D30: 45597 | E30: 5.84
A31: 21 | B31: COLA SAPATEIRO (kg) | C31: COMERCIAL | D31: 45658 | E31: 15.15
A32: 22 | B32: MANTA SILICONE (kg) | C32: PERFITECNICA | D32: 46235 | E32: 157.31
A33: 23 | B33: IMÃ 22 X 10MM SAMÁRIO (un) | C33: OXIMAG/MAGTEK | D33: 46235 | E33: 53.8
A34: 24 | B34: IMÃ 8 X 5MM SAMÁRIO (un) | C34: OXIMAG/MAGTEK | D34: 46235 | E34: 3.39
A36: 🔵 AZUL = Input editável | ⚫ PRETO = Fórmula automática | 🟡 Fundo amarelo = Atenção
A39: COMPONENTES CORPO DO PIG — TUBO, FLANGE, PARAFUSO, PORCA, ARRUELA (POR DN) — Fonte: DETALHAMENTO_MANDRIL.xlsx (consolidado)
A40: DN | B40: DESCRIÇÃO TUBO | C40: CUSTO TUBO (R$) | D40: CUSTO FLANGE UN. (R$) | E40: CUSTO FLANGE SOLDA (R$) | F40: CUSTO PARAFUSO UN. (R$) | G40: CUSTO PORCA UN. (R$) | H40: CUSTO ARRUELA UN. (R$)
A41: 6 | B41: Tubo DN 1.1/2'' sch 40 | C41: 21.6 | D41: 24 | E41: 27 | F41: 0.77 | G41: 0.9 | H41: 0.3
A42: 8 | B42: Tubo DN 1.1/2'' sch 40 | C42: 25.2 | D42: 30 | E42: 37 | F42: 1.34 | G42: 1 | H42: 0.43
A43: 10 | B43: Tubo DN 3'' sch 40 | C43: 81 | D43: 37 | E43: 47 | F43: 2.56 | G43: 1.5 | H43: 0.66
A44: 12 | B44: Tubo DN 4'' sch 40 | C44: 127.8 | D44: 50 | E44: 62 | F44: 5.24 | G44: 3 | H44: 1
A45: 14 | B45: Tubo DN 4'' sch 40 | C45: 142.2 | D45: 57 | E45: 74 | F45: 5.24 | G45: 3 | H45: 1
A46: 16 | B46: Tubo DN 4'' sch 40 | C46: 156.6 | D46: 62 | E46: 84 | F46: 6.01 | G46: 3 | H46: 1
A47: 18 | B47: Tubo DN 6'' sch 40 | C47: 319.2 | D47: 82 | E47: 112 | F47: 6.01 | G47: 3 | H47: 1
A48: 20 | B48: Tubo DN 8'' sch 40 | C48: 522.5 | D48: 107 | E48: 153 | F48: 6.01 | G48: 3 | H48: 1
A49: 22 | B49: Tubo DN 8'' sch 40 | C49: 560.5 | D49: 151 | E49: 201 | F49: 6.01 | G49: 3 | H49: 1
A50: 24 | B50: Tubo DN 8'' sch 40 | C50: 598.5 | D50: 169 | E50: 224 | F50: 15.79 | G50: 3 | H50: 1
A51: 26 | B51: Tubo DN 8'' sch 40 | C51: 642.2 | D51: 169 | E51: 224 | F51: 15.79 | G51: 3 | H51: 1
A52: 28 | B52: Tubo DN 10'' sch 40 | C52: 1820 | D52: 174 | E52: 242 | F52: 15.79 | G52: 3 | H52: 1
... A59: 42 | B59: Tubo DN 14'' sch 40 | C59: 2970 | D59: 508 | E59: 676 | F59: 18.4 | G59: 3 | H59: 1
A60: 🔵 Valores acima são inputs editáveis — alterar aqui atualiza automaticamente a aba LBD (INDEX/MATCH por DN). Detalhamento completo (material, dimensão, fornecedor) nas abas MANDRIL - CORPO DE PIG / POLIURETANO / FIXAÇÃO.
A63: PIGS EM BORRACHA — CUSTO COPO DE BORRACHA (R$/un) POR MATERIAL E DN — Fonte: CUSTOS_CATTALINI_JULHO_2026.xlsx
A64: DN | B64: EPDM (R$/un) | C64: BUNA N (R$/un) | D64: VITON (R$/un)
A65: 6'' | B65: 110 | C65: 144 | D65: 881
A66: 8'' | B66: 150 | C66: 195 | D66: 1080
A67: 10'' | B67: 169 | C67: 220 | D67: 1492
A68: 12'' | B68: 220 | C68: 272 | D68: 1890
A69: 14'' | B69: 290 | C69: 350 | D69: 2325
A71: PIGS EM BORRACHA — COMPONENTES COMUNS POR DN (EIXO, CABEÇOTE, NYLON, PORCA, FLANGE, HH) — Fonte: CUSTOS_CATTALINI_JULHO_2026.xlsx
A72: DN | B72: EIXO (BARRA ROSCADA) | C72: CABEÇOTE PU | D72: DE NYLON PRETO (2X) | E72: PORCA | F72: FLANGE (2X) | G72: HH MONTAGEM+QUALIDADE+PCP
A73: 6'' | B73: 14 | C73: 58 | D73: 240 | E73: 10 | F73: 65.3 | G73: 120
A74: 8'' | B74: 19.5 | C74: 66.5 | D74: 288 | E74: 13.5 | F74: 65.3 | G74: 120
A75: 10'' | B75: 23.2 | C75: 72 | D75: 315 | E75: 13.5 | F75: 68 | G75: 120
A76: 12'' | B76: 28.5 | C76: 80 | D76: 357 | E76: 13.5 | F76: 73.1 | G76: 120
A77: 14'' | B77: 32.3 | C77: 115 | D77: 430 | E77: 16 | F77: 73.1 | G77: 120
A78: 🔵 Valores acima são inputs editáveis — alterar aqui atualiza automaticamente a aba PIGS EM BORRACHA (INDEX/MATCH por DN/material). Fonte original: CUSTOS_CATTALINI_JULHO_2026.xlsx.
A81: LBD_REV A — CUSTO DE TUBO, FLANGES, PARAFUSO, ARRUELA E PORCA (POR DN) — Fonte: LBD_REV A (consolidado)
A82: DN | B82: CUSTO TUBO (R$) | C82: VALOR UNIT. FLANGE BUMPER (R$) | D82: VALOR UNIT. FLANGE SOLDA (R$) | E82: VALOR UNIT. PARAFUSO (R$) | F82: VALOR UNIT. ARRUELA (R$) | G82: VALOR UNIT. PORCA (R$)
A83: 6 | B83: 21.6 | C83: 22 | D83: 22 | E83: 7 | F83: 0.6 | G83: 0.8
A84: 8 | B84: 25.2 | C84: 30 | D84: 30 | E84: 8.5 | F84: 0.6 | G84: 0.8
A85: 10 | B85: 82.8 | C85: 36 | D85: 36 | E85: 9.5 | F85: 0.6 | G85: 0.8
A86: 12 | B86: 127.8 | C86: 48 | D86: 48 | E86: 10.5 | F86: 0.6 | G86: 0.8
A87: 14 | B87: 142.2 | C87: 56 | D87: 56 | E87: 10.5 | F87: 0.6 | G87: 0.8
A88: 16 | B88: 158.4 | C88: 60 | D88: 60 | E88: 12 | F88: 0.6 | G88: 0.8
A89: 18 | B89: 319.2 | C89: 82 | D89: 82 | E89: 13 | F89: 0.6 | G89: 0.8
A90: 20 | B90: 524.4 | C90: 113 | D90: 113 | E90: 13 | F90: 0.6 | G90: 0.8
A91: 22 | B91: 570 | C91: 152 | D91: 152 | E91: 13 | F91: 0.6 | G91: 0.8
A92: 24 | B92: 609.9 | C92: 155 | D92: 155 | E92: 14.5 | F92: 0.6 | G92: 0.8
A93: 26 | B93: 653.6 | C93: 167 | D93: 167 | E93: 14.5 | F93: 0.6 | G93: 0.8
A94: 28 | B94: 1820 | C94: 174 | D94: 174 | E94: 16.5 | F94: 0.6 | G94: 0.8
... A101: 42 | B101: 1438.56 | C101: 508 | D101: 508 | E101: 24.5 | F101: 0.6 | G101: 0.8
A102: 🔵 Valores acima são inputs editáveis — alterar aqui atualiza automaticamente a aba LBD_REV A (INDEX/MATCH por DN).

Sheet LBD
A1: 🔧 MANDRIL — DETALHAMENTO DE CUSTOS (POLIURETANO + CORPO DE PIG + FIXAÇÃO) — LBD-DG2-DS4
A2: ⚠ Preços de matéria-prima vêm de PARÂMETROS!$F$6. HH (mão de obra) vem de PARÂMETROS!$I$3 — mudando esse valor, o Custo Total de todas as linhas atualiza sozinho.
A3: ⬅ PAINEL
A4: MODELO | B4: DN | C4: DISCO SELO (12-70) | G4: DISCO GUIA (ATS 85) | K4: DISCO ESPAÇADOR (ATP 85) | O4: TUBO | T4: FLANGE BUMPER | Z4: BUMPER (ATP 85 — ELASTÔMERO) | AD4: FLANGE SOLDA | AJ4: FIXAÇÃO (PARAFUSO) | AO4: FIXAÇÃO (ARRUELA) | AT4: FIXAÇÃO (PORCA) | AY4: TOTAIS | BC4: MÃO DE OBRA (HH) / CICLO / ESCALONADO
C5: PESO UNID. (DS) | D5: PESO TOTAL (4X DS) | E5: CUSTO UNID. DS | F5: CUSTO TOTAL DS (4X) | G5: PESO UNID. (DG) | H5: PESO TOTAL (2X DG) | I5: CUSTO UNID. DG | J5: CUSTO TOTAL DG (2X) | K5: PESO UNID. (DE) | L5: PESO TOTAL (6X DE) | M5: CUSTO UNID. DE | N5: CUSTO TOTAL DE (6X) | O5: MATERIAL/DESCRIÇÃO | P5: DIMENSÃO/ESPEC. | Q5: QTD | R5: FORNECEDOR | S5: VALOR (CUSTO TOTAL TUBO) | T5: MATERIAL/DESCRIÇÃO | U5: DIMENSÃO/ESPEC. | V5: QTD | W5: FORNECEDOR | X5: VALOR UNIT. | Y5: CUSTO TOTAL (2X) | Z5: PESO UNID. | AA5: PESO TOTAL (2X) | AB5: CUSTO UNID. | AC5: CUSTO TOTAL (2X) | AD5: MATERIAL/DESCRIÇÃO | AE5: DIMENSÃO/ESPEC. | AF5: QTD | AG5: FORNECEDOR | AH5: VALOR UNIT. | AI5: CUSTO TOTAL (2X) | AJ5: MATERIAL/DESCRIÇÃO | AK5: DIMENSÃO/ESPEC. | AL5: QTD | AM5: VALOR UNIT. | AN5: VALOR TOTAL (CONJ.) | AO5: MATERIAL/DESCRIÇÃO | AP5: DIMENSÃO/ESPEC. | AQ5: QTD | AR5: VALOR UNIT. | AS5: VALOR TOTAL (CONJ.) | AT5: MATERIAL/DESCRIÇÃO | AU5: DIMENSÃO/ESPEC. | AV5: QTD | AW5: VALOR UNIT. | AX5: VALOR TOTAL (CONJ.) | AY5: CUSTO TOTAL PU (DS+DG+DE) | AZ5: CUSTO TOTAL CORPO (TUBO+FLANGES+BUMPER) | BA5: CUSTO TOTAL FIXAÇÃLO (PARAFUSO+PORCA+ARRUELA) | BB5: CUSTO TOTAL GERAL | BC5: HH (R$/h) | BD5: CICLO TOTAL | BE5: CUSTO HH CICLO | BF5: QNT PCS | BG5: CUSTO HH ESC/LOTE | BH5: CUSTO TOTAL LBD (MP + HH) | BI5: ALOJAMENTO | BJ5: CUSTO TOTAL + ALOJAMENTO
A6: LBD-DG2-DS4 | B6: 2 | E6: =IFERROR(SUMIFS('PU CAST'!$AI$10:$AI$150,'PU CAST'!$AA$10:$AA$150,"DS",'PU CAST'!$AK$10:$AK$150,$B6),0) -> 20.733333 | F6: =E6*4 -> 82.933333 | I6: =IFERROR(SUMIFS('PU CAST'!$AI$10:$AI$150,'PU CAST'!$AA$10:$AA$150,"DG",'PU CAST'!$AK$10:$AK$150,$B6),0) -> 21.173333 | J6: =I6*2 -> 42.346667 | M6: =IFERROR(SUMIFS('PU CAST'!$AI$10:$AI$150,'PU CAST'!$AA$10:$AA$150,"DE",'PU CAST'!$AK$10:$AK$150,$B6),0) -> 19.433333 | N6: =M6*6 -> 116.6 | Y6: =X6*2 -> 0 | AC6: =AB6*2 -> 0 | AI6: =AH6*2 -> 0 | AY6: =F6+J6+N6 -> 241.88 | AZ6: =S6+Y6+AC6+AI6 -> 0 | BA6: =AN6+AS6+AX6 -> 0 | BB6: =AY6+AZ6+BA6 -> 241.88 | BC6: =PARÂMETROS!$H$3 -> 40 | BD6: 0.19513889 | BE6: =(BD6*BC6)*24 -> 187.33333 | BF6: 1 | BG6: =BE6/BF6 -> 187.33333 | BH6: =BB6+BG6 -> 429.21333 | BI6: 100 | BJ6: =BH6+BI6 -> 529.21333
A7: LBD-DG2-DS4 | B7: 3 | E7: =IFERROR(SUMIFS('PU CAST'!$AI$10:$AI$150,'PU CAST'!$AA$10:$AA$150,"DS",'PU CAST'!$AK$10:$AK$150,$B7),0) -> 21.133333 | F7: =E7*4 -> 84.533333 | I7: =IFERROR(SUMIFS('PU CAST'!$AI$10:$AI$150,'PU CAST'!$AA$10:$AA$150,"DG",'PU CAST'!$AK$10:$AK$150,$B7),0) -> 22.633333 | J7: =I7*2 -> 45.266667 | M7: =IFERROR(SUMIFS('PU CAST'!$AI$10:$AI$150,'PU CAST'!$AA$10:$AA$150,"DE",'PU CAST'!$AK$10:$AK$150,$B7),0) -> 19.633333 | N7: =M7*6 -> 117.8 | Y7: =X7*2 -> 0 | AC7: =AB7*2 -> 0 | AI7: =AH7*2 -> 0 | AY7: =F7+J7+N7 -> 247.6 | AZ7: =S7+Y7+AC7+AI7 -> 0 | BA7: =AN7+AS7+AX7 -> 0 | BB7: =AY7+AZ7+BA7 -> 247.6 | BC7: =PARÂMETROS!$H$3 -> 40 | BD7: 0.19513889 | BE7: =(BD7*BC7)*24 -> 187.33333 | BF7: 1 | BG7: =BE7/BF7 -> 187.33333 | BH7: =BB7+BG7 -> 434.93333 | BI7: 100 | BJ7: =BH7+BI7 -> 534.93333
A8: LBD-DG2-DS4 | B8: 4 | E8: =IFERROR(SUMIFS('PU CAST'!$AI$10:$AI$150,'PU CAST'!$AA$10:$AA$150,"DS",'PU CAST'!$AK$10:$AK$150,$B8),0) -> 23.333333 | F8: =E8*4 -> 93.333333 | I8: =IFERROR(SUMIFS('PU CAST'!$AI$10:$AI$150,'PU CAST'!$AA$10:$AA$150,"DG",'PU CAST'!$AK$10:$AK$150,$B8),0) -> 24.053333 | J8: =I8*2 -> 48.106667 | M8: =IFERROR(SUMIFS('PU CAST'!$AI$10:$AI$150,'PU CAST'!$AA$10:$AA$150,"DE",'PU CAST'!$AK$10:$AK$150,$B8),0) -> 19.833333 | N8: =M8*6 -> 119 | Y8: =X8*2 -> 0 | AC8: =AB8*2 -> 0 | AI8: =AH8*2 -> 0 | AY8: =F8+J8+N8 -> 260.44 | AZ8: =S8+Y8+AC8+AI8 -> 0 | BA8: =AN8+AS8+AX8 -> 0 | BB8: =AY8+AZ8+BA8 -> 260.44 | BC8: =PARÂMETROS!$H$3 -> 40 | BD8: 0.19513889 | BE8: =(BD8*BC8)*24 -> 187.33333 | BF8: 1 | BG8: =BE8/BF8 -> 187.33333 | BH8: =BB8+BG8 -> 447.77333 | BI8: 100 | BJ8: =BH8+BI8 -> 547.77333
A9: LBD-DG2-DS4 | B9: 6 | C9: =D9/4 -> 0.185 | D9: =0.185*4 -> 0.74 | E9: =IFERROR(SUMIFS('PU CAST'!$AI$10:$AI$150,'PU CAST'!$AA$10:$AA$150,"DS",'PU CAST'!$AK$10:$AK$150,$B9),0) -> 28.921045 | F9: =E9*4 -> 115.68418 | G9: =H9/2 -> 0.292 | H9: =2*0.292 -> 0.584 | I9: =IFERROR(SUMIFS('PU CAST'!$AI$10:$AI$150,'PU CAST'!$AA$10:$AA$150,"DG",'PU CAST'!$AK$10:$AK$150,$B9),0) -> 28.299859 | J9: =I9*2 -> 56.599718 | K9: =L9/6 -> 0.105 | L9: =6*0.105 -> 0.63 | M9: =IFERROR(SUMIFS('PU CAST'!$AI$10:$AI$150,'PU CAST'!$AA$10:$AA$150,"DE",'PU CAST'!$AK$10:$AK$150,$B9),0) -> 23.696106 | N9: =M9*6 -> 142.17664 | O9: Tubo DN 1.1/2'' sch 40 | P9: Ø 48,3 mm x Comp. 282,4 mm | Q9: 1 | R9: Sucata MC | S9: =INDEX(PARÂMETROS!$B$83:$B$101,MATCH($B9,PARÂMETROS!$A$83:$A$101,0)) -> 21.6 | T9: Flange DN6" BUMPER | U9: Ø95 x 60 x 1/4 | V9: 1 | W9: OXIMETAL | X9: =INDEX(PARÂMETROS!$C$83:$C$101,MATCH($B9,PARÂMETROS!$A$83:$A$101,0)) -> 22 | Y9: =X9*2 -> 44 | Z9: =AA9/2 -> 0.105 | AA9: =2*0.105 -> 0.21 | AB9: =Z9*PARÂMETROS!$E$6 -> 4.19265 | AC9: =AB9*2 -> 8.3853 | AD9: Flange DN6" BUMPER | AE9: Ø95 x 60 x 1/4 | AF9: 1 | AG9: OXIMETAL | AH9: =INDEX(PARÂMETROS!$D$83:$D$101,MATCH($B9,PARÂMETROS!$A$83:$A$101,0)) -> 22 | AI9: =AH9*2 -> 44 | AJ9: Parafuso Sextavado Aço Carbono | AK9: 1/2" × 5,5" | AL9: 12 | AM9: =INDEX(PARÂMETROS!$E$83:$E$101,MATCH($B9,PARÂMETROS!$A$83:$A$101,0)) -> 7 | AN9: =AM9*AL9 -> 84 | AO9: Arruela lisa 1/2" | AP9: 1/2'' | AQ9: 12 | AR9: =INDEX(PARÂMETROS!$F$83:$F$101,MATCH($B9,PARÂMETROS!$A$83:$A$101,0)) -> 0.6 | AS9: =AR9*AQ9 -> 7.2 | AT9: Porcas Travantes Parlock 1/2" | AU9: 1/2'' | AV9: 12 | AW9: =INDEX(PARÂMETROS!$G$83:$G$101,MATCH($B9,PARÂMETROS!$A$83:$A$101,0)) -> 0.8 | AX9: =AW9*AV9 -> 9.6 | AY9: =F9+J9+N9 -> 314.46054 | AZ9: =S9+Y9+AC9+AI9 -> 117.9853 | BA9: =AN9+AS9+AX9 -> 100.8 | BB9: =AY9+AZ9+BA9 -> 533.24584 | BC9: =PARÂMETROS!$H$3 -> 40 | BD9: 0.19513889 | BE9: =(BD9*BC9)*24 -> 187.33333 | BF9: 1 | BG9: =BE9/BF9 -> 187.33333 | BH9: =BB9+BG9 -> 720.57917 | BI9: 100 | BJ9: =BH9+BI9 -> 820.57917
A10: LBD-DG2-DS4 | B10: 8 | C10: =D10/4 -> 0.416 | D10: =0.416*4 -> 1.664 | E10: =IFERROR(SUMIFS('PU CAST'!$AI$10:$AI$150,'PU CAST'!$AA$10:$AA$150,"DS",'PU CAST'!$AK$10:$AK$150,$B10),0) -> 38.672909 | F10: =E10*4 -> 154.69164 | G10: =H10/2 -> 0.53 | H10: =2*0.53 -> 1.06 | I10: =IFERROR(SUMIFS('PU CAST'!$AI$10:$AI$150,'PU CAST'!$AA$10:$AA$150,"DG",'PU CAST'!$AK$10:$AK$150,$B10),0) -> 34.159181 | J10: =I10*2 -> 68.318362 | K10: =L10/6 -> 0.201 | L10: =6*0.201 -> 1.206 | M10: =IFERROR(SUMIFS('PU CAST'!$AI$10:$AI$150,'PU CAST'!$AA$10:$AA$150,"DE",'PU CAST'!$AK$10:$AK$150,$B10),0) -> 26.05953 | N10: =M10*6 -> 156.35718 | O10: Tubo DN 1.1/2'' sch 40 | P10: Ø 48,3 mm x Comp. 333,2 mm | Q10: 1 | R10: Sucata MC | S10: =INDEX(PARÂMETROS!$B$83:$B$101,MATCH($B10,PARÂMETROS!$A$83:$A$101,0)) -> 25.2 | T10: Flange DN8" BUMPER | U10: Ø120 x 60 x 1/4 | V10: 1 | W10: OXIMETAL | X10: =INDEX(PARÂMETROS!$C$83:$C$101,MATCH($B10,PARÂMETROS!$A$83:$A$101,0)) -> 30 | Y10: =X10*2 -> 60 | Z10: =AA10/2 -> 0.201 | AA10: =2*0.201 -> 0.402 | AB10: =Z10*PARÂMETROS!$E$6 -> 8.02593 | AC10: =AB10*2 -> 16.05186 | AD10: Flange DN8" BUMPER | AE10: Ø120 x 60 x 1/4 | AF10: 1 | AG10: OXIMETAL | AH10: =INDEX(PARÂMETROS!$D$83:$D$101,MATCH($B10,PARÂMETROS!$A$83:$A$101,0)) -> 30 | AI10: =AH10*2 -> 60 | AJ10: Parafuso Sextavado Aço Carbono | AK10: 1/2" × 6,5" | AL10: 16 | AM10: =INDEX(PARÂMETROS!$E$83:$E$101,MATCH($B10,PARÂMETROS!$A$83:$A$101,0)) -> 8.5 | AN10: =AM10*AL10 -> 136 | AO10: Arruela lisa 1/2" | AP10: 1/2'' | AQ10: 16 | AR10: =INDEX(PARÂMETROS!$F$83:$F$101,MATCH($B10,PARÂMETROS!$A$83:$A$101,0)) -> 0.6 | AS10: =AR10*AQ10 -> 9.6 | AT10: Porcas Travantes Parlock 1/2" | AU10: 1/2'' | AV10: 16 | AW10: =INDEX(PARÂMETROS!$G$83:$G$101,MATCH($B10,PARÂMETROS!$A$83:$A$101,0)) -> 0.8 | AX10: =AW10*AV10 -> 12.8 | AY10: =F10+J10+N10 -> 379.36718 | AZ10: =S10+Y10+AC10+AI10 -> 161.25186 | BA10: =AN10+AS10+AX10 -> 158.4 | BB10: =AY10+AZ10+BA10 -> 699.01904 | BC10: =PARÂMETROS!$H$3 -> 40 | BD10: 0.19513889 | BE10: =(BD10*BC10)*24 -> 187.33333 | BF10: 1 | BG10: =BE10/BF10 -> 187.33333 | BH10: =BB10+BG10 -> 886.35237 | BI10: 100 | BJ10: =BH10+BI10 -> 986.35237
A11: LBD-DG2-DS4 | B11: 10 | C11: =D11/4 -> 0.784 | D11: =4*0.784 -> 3.136 | E11: =IFERROR(SUMIFS('PU CAST'!$AI$10:$AI$150,'PU CAST'!$AA$10:$AA$150,"DS",'PU CAST'!$AK$10:$AK$150,$B11),0) -> 54.208345 | F11: =E11*4 -> 216.83338 | G11: =H11/2 -> 0.923 | H11: =2*0.923 -> 1.846 | I11: =IFERROR(SUMIFS('PU CAST'!$AI$10:$AI$150,'PU CAST'!$AA$10:$AA$150,"DG",'PU CAST'!$AK$10:$AK$150,$B11),0) -> 43.834448 | J11: =I11*2 -> 87.668896 | K11: =L11/6 -> 0.261 | L11: =6*0.261 -> 1.566 | M11: =IFERROR(SUMIFS('PU CAST'!$AI$10:$AI$150,'PU CAST'!$AA$10:$AA$150,"DE",'PU CAST'!$AK$10:$AK$150,$B11),0) -> 27.53667 | N11: =M11*6 -> 165.22002 | O11: Tubo DN 3'' sch 40 | P11: Ø 88,9 mm x Comp. 384,0 mm | Q11: 1 | R11: Sucata MC | S11: =INDEX(PARÂMETROS!$B$83:$B$101,MATCH($B11,PARÂMETROS!$A$83:$A$101,0)) -> 82.8 | T11: Flange DN10" BUMPER | U11: Ø140 x 100 x 1/4 | V11: 1 | W11: OXIMETAL | X11: =INDEX(PARÂMETROS!$C$83:$C$101,MATCH($B11,PARÂMETROS!$A$83:$A$101,0)) -> 36 | Y11: =X11*2 -> 72 | Z11: =AA11/2 -> 0.261 | AA11: =2*0.261 -> 0.522 | AB11: =Z11*PARÂMETROS!$E$6 -> 10.42173 | AC11: =AB11*2 -> 20.84346 | AD11: Flange DN10" BUMPER | AE11: Ø140 x 100 x 1/4 | AF11: 1 | AG11: OXIMETAL | AH11: =INDEX(PARÂMETROS!$D$83:$D$101,MATCH($B11,PARÂMETROS!$A$83:$A$101,0)) -> 36 | AI11: =AH11*2 -> 72 | AJ11: Parafuso Sextavado Aço Carbono | AK11: 1/2" × 7" | AL11: 16 | AM11: =INDEX(PARÂMETROS!$E$83:$E$101,MATCH($B11,PARÂMETROS!$A$83:$A$101,0)) -> 9.5 | AN11: =AM11*AL11 -> 152 | AO11: Arruela lisa 1/2" | AP11: 1/2'' | AQ11: 16 | AR11: =INDEX(PARÂMETROS!$F$83:$F$101,MATCH($B11,PARÂMETROS!$A$83:$A$101,0)) -> 0.6 | AS11: =AR11*AQ11 -> 9.6 | AT11: Porcas Travantes Parlock 1/2" | AU11: 1/2'' | AV11: 16 | AW11: =INDEX(PARÂMETROS!$G$83:$G$101,MATCH($B11,PARÂMETROS!$A$83:$A$101,0)) -> 0.8 | AX11: =AW11*AV11 -> 12.8 | AY11: =F11+J11+N11 -> 469.7223 | AZ11: =S11+Y11+AC11+AI11 -> 247.64346 | BA11: =AN11+AS11+AX11 -> 174.4 | BB11: =AY11+AZ11+BA11 -> 891.76576 | BC11: =PARÂMETROS!$H$3 -> 40 | BD11: 0.19513889 | BE11: =(BD11*BC11)*24 -> 187.33333 | BF11: 1 | BG11: =BE11/BF11 -> 187.33333 | BH11: =BB11+BG11 -> 1079.0991 | BI11: 120 | BJ11: =BH11+BI11 -> 1199.0991
A12: LBD-DG2-DS4 | B12: 12 | C12: =D12/4 -> 1.245 | D12: =4*1.245 -> 4.98 | E12: =IFERROR(SUMIFS('PU CAST'!$AI$10:$AI$150,'PU CAST'!$AA$10:$AA$150,"DS",'PU CAST'!$AK$10:$AK$150,$B12),0) -> 84.225412 | F12: =E12*4 -> 336.90165 | G12: =H12/2 -> 1.426 | H12: =2*1.426 -> 2.852 | I12: =IFERROR(SUMIFS('PU CAST'!$AI$10:$AI$150,'PU CAST'!$AA$10:$AA$150,"DG",'PU CAST'!$AK$10:$AK$150,$B12),0) -> 66.773361 | J12: =I12*2 -> 133.54672 | K12: =L12/6 -> 0.422 | L12: =6*0.422 -> 2.532 | M12: =IFERROR(SUMIFS('PU CAST'!$AI$10:$AI$150,'PU CAST'!$AA$10:$AA$150,"DE",'PU CAST'!$AK$10:$AK$150,$B12),0) -> 42.055885 | N12: =M12*6 -> 252.33531 | O12: Tubo DN 4'' sch 40 | P12: Ø 114,3 mm x Comp. 434,8 mm | Q12: 1 | R12: Sucata MC | S12: =INDEX(PARÂMETROS!$B$83:$B$101,MATCH($B12,PARÂMETROS!$A$83:$A$101,0)) -> 127.8 | T12: Flange DN12" BUMPER | U12: Ø185 x 125 x 1/4 | V12: 1 | W12: OXIMETAL | X12: =INDEX(PARÂMETROS!$C$83:$C$101,MATCH($B12,PARÂMETROS!$A$83:$A$101,0)) -> 48 | Y12: =X12*2 -> 96 | Z12: =AA12/2 -> 0.422 | AA12: =2*0.422 -> 0.844 | AB12: =Z12*PARÂMETROS!$E$6 -> 16.85046 | AC12: =AB12*2 -> 33.70092 | AD12: Flange DN12" BUMPER | AE12: Ø185 x 125 x 1/4 | AF12: 1 | AG12: OXIMETAL | AH12: =INDEX(PARÂMETROS!$D$83:$D$101,MATCH($B12,PARÂMETROS!$A$83:$A$101,0)) -> 48 | AI12: =AH12*2 -> 96 | AJ12: Parafuso Sextavado Aço Carbono | AK12: 1/2" × 7,5" | AL12: 16 | AM12: =INDEX(PARÂMETROS!$E$83:$E$101,MATCH($B12,PARÂMETROS!$A$83:$A$101,0)) -> 10.5 | AN12: =AM12*AL12 -> 168 | AO12: Arruela lisa 1/2" | AP12: 1/2'' | AQ12: 16 | AR12: =INDEX(PARÂMETROS!$F$83:$F$101,MATCH($B12,PARÂMETROS!$A$83:$A$101,0)) -> 0.6 | AS12: =AR12*AQ12 -> 9.6 | AT12: Porcas Travantes Parlock 1/2" | AU12: 1/2'' | AV12: 16 | AW12: =INDEX(PARÂMETROS!$G$83:$G$101,MATCH($B12,PARÂMETROS!$A$83:$A$101,0)) -> 0.8 | AX12: =AW12*AV12 -> 12.8 | AY12: =F12+J12+N12 -> 722.78368 | AZ12: =S12+Y12+AC12+AI12 -> 353.50092 | BA12: =AN12+AS12+AX12 -> 190.4 | BB12: =AY12+AZ12+BA12 -> 1266.6846 | BC12: =PARÂMETROS!$H$3 -> 40 | BD12: 0.19513889 | BE12: =(BD12*BC12)*24 -> 187.33333 | BF12: 1 | BG12: =BE12/BF12 -> 187.33333 | BH12: =BB12+BG12 -> 1454.0179 | BI12: 120 | BJ12: =BH12+BI12 -> 1574.0179
A13: LBD-DG2-DS4 | B13: 14 | C13: =D13/4 -> 1.632 | D13: =4*1.632 -> 6.528 | E13: =IFERROR(SUMIFS('PU CAST'!$AI$10:$AI$150,'PU CAST'!$AA$10:$AA$150,"DS",'PU CAST'!$AK$10:$AK$150,$B13),0) -> 100.56295 | F13: =E13*4 -> 402.2518 | G13: =H13/2 -> 1.779 | H13: =2*1.779 -> 3.558 | I13: =IFERROR(SUMIFS('PU CAST'!$AI$10:$AI$150,'PU CAST'!$AA$10:$AA$150,"DG",'PU CAST'!$AK$10:$AK$150,$B13),0) -> 75.463868 | J13: =I13*2 -> 150.92774 | K13: =L13/6 -> 0.651 | L13: =6*0.651 -> 3.906 | M13: =IFERROR(SUMIFS('PU CAST'!$AI$10:$AI$150,'PU CAST'!$AA$10:$AA$150,"DE",'PU CAST'!$AK$10:$AK$150,$B13),0) -> 47.693636 | N13: =M13*6 -> 286.16181 | O13: Tubo DN 4'' sch 40 | P13: Ø 114,3 mm x Comp. 485,6 mm | Q13: 1 | R13: Sucata MC | S13: =INDEX(PARÂMETROS!$B$83:$B$101,MATCH($B13,PARÂMETROS!$A$83:$A$101,0)) -> 142.2 | T13: Flange DN14" BUMPER | U13: Ø205 x 125 x 1/4 | V13: 1 | W13: OXIMETAL | X13: =INDEX(PARÂMETROS!$C$83:$C$101,MATCH($B13,PARÂMETROS!$A$83:$A$101,0)) -> 56 | Y13: =X13*2 -> 112 | Z13: =AA13/2 -> 0.651 | AA13: =2*0.651 -> 1.302 | AB13: =Z13*PARÂMETROS!$E$6 -> 25.99443 | AC13: =AB13*2 -> 51.98886 | AD13: Flange DN14" BUMPER | AE13: Ø205 x 125 x 1/4 | AF13: 1 | AG13: OXIMETAL | AH13: =INDEX(PARÂMETROS!$D$83:$D$101,MATCH($B13,PARÂMETROS!$A$83:$A$101,0)) -> 56 | AI13: =AH13*2 -> 112 | AJ13: Parafuso Sextavado Aço Carbono | AK13: 1/2" × 7,5" | AL13: 16 | AM13: =INDEX(PARÂMETROS!$E$83:$E$101,MATCH($B13,PARÂMETROS!$A$83:$A$101,0)) -> 10.5 | AN13: =AM13*AL13 -> 168 | AO13: Arruela lisa 1/2" | AP13: 1/2'' | AQ13: 16 | AR13: =INDEX(PARÂMETROS!$F$83:$F$101,MATCH($B13,PARÂMETROS!$A$83:$A$101,0)) -> 0.6 | AS13: =AR13*AQ13 -> 9.6 | AT13: Porcas Travantes Parlock 1/2" | AU13: 1/2'' | AV13: 16 | AW13: =INDEX(PARÂMETROS!$G$83:$G$101,MATCH($B13,PARÂMETROS!$A$83:$A$101,0)) -> 0.8 | AX13: =AW13*AV13 -> 12.8 | AY13: =F13+J13+N13 -> 839.34135 | AZ13: =S13+Y13+AC13+AI13 -> 418.18886 | BA13: =AN13+AS13+AX13 -> 190.4 | BB13: =AY13+AZ13+BA13 -> 1447.9302 | BC13: =PARÂMETROS!$H$3 -> 40 | BD13: 0.19513889 | BE13: =(BD13*BC13)*24 -> 187.33333 | BF13: 1 | BG13: =BE13/BF13 -> 187.33333 | BH13: =BB13+BG13 -> 1635.2635 | BI13: 120 | BJ13: =BH13+BI13 -> 1755.2635
A14: LBD-DG2-DS4 | B14: 16 | C14: =D14/4 -> 2.546 | D14: =4*2.546 -> 10.184 | E14: =IFERROR(SUMIFS('PU CAST'!$AI$10:$AI$150,'PU CAST'!$AA$10:$AA$150,"DS",'PU CAST'!$AK$10:$AK$150,$B14),0) -> 139.14825 | F14: =E14*4 -> 556.59298 | G14: =H14/2 -> 2.997 | H14: =2*2.997 -> 5.994 | I14: =IFERROR(SUMIFS('PU CAST'!$AI$10:$AI$150,'PU CAST'!$AA$10:$AA$150,"DG",'PU CAST'!$AK$10:$AK$150,$B14),0) -> 105.44981 | J14: =I14*2 -> 210.89962 | K14: =L14/6 -> 1.028 | L14: =6*1.028 -> 6.168 | M14: =IFERROR(SUMIFS('PU CAST'!$AI$10:$AI$150,'PU CAST'!$AA$10:$AA$150,"DE",'PU CAST'!$AK$10:$AK$150,$B14),0) -> 56.974999 | N14: =M14*6 -> 341.84999 | O14: Tubo DN 4'' sch 40 | P14: Ø 114,3 mm x Comp. 536,4 mm | Q14: 1 | R14: Sucata MC | S14: =INDEX(PARÂMETROS!$B$83:$B$101,MATCH($B14,PARÂMETROS!$A$83:$A$101,0)) -> 158.4 | T14: Flange DN16" BUMPER | U14: Ø215 x 125 x 1/4 | V14: 1 | W14: OXIMETAL | X14: =INDEX(PARÂMETROS!$C$83:$C$101,MATCH($B14,PARÂMETROS!$A$83:$A$101,0)) -> 60 | Y14: =X14*2 -> 120 | Z14: =AA14/2 -> 1.028 | AA14: =2*1.028 -> 2.056 | AB14: =Z14*PARÂMETROS!$E$6 -> 41.04804 | AC14: =AB14*2 -> 82.09608 | AD14: Flange DN16" BUMPER | AE14: Ø215 x 125 x 1/4 | AF14: 1 | AG14: OXIMETAL | AH14: =INDEX(PARÂMETROS!$D$83:$D$101,MATCH($B14,PARÂMETROS!$A$83:$A$101,0)) -> 60 | AI14: =AH14*2 -> 120 | AJ14: Parafuso Sextavado Aço Carbono | AK14: 1/2" × 8,5" | AL14: 16 | AM14: =INDEX(PARÂMETROS!$E$83:$E$101,MATCH($B14,PARÂMETROS!$A$83:$A$101,0)) -> 12 | AN14: =AM14*AL14 -> 192 | AO14: Arruela lisa 1/2" | AP14: 1/2'' | AQ14: 16 | AR14: =INDEX(PARÂMETROS!$F$83:$F$101,MATCH($B14,PARÂMETROS!$A$83:$A$101,0)) -> 0.6 | AS14: =AR14*AQ14 -> 9.6 | AT14: Porcas Travantes Parlock 1/2" | AU14: 1/2'' | AV14: 16 | AW14: =INDEX(PARÂMETROS!$G$83:$G$101,MATCH($B14,PARÂMETROS!$A$83:$A$101,0)) -> 0.8 | AX14: =AW14*AV14 -> 12.8 | AY14: =F14+J14+N14 -> 1109.3426 | AZ14: =S14+Y14+AC14+AI14 -> 480.49608 | BA14: =AN14+AS14+AX14 -> 214.4 | BB14: =AY14+AZ14+BA14 -> 1804.2387 | BC14: =PARÂMETROS!$H$3 -> 40 | BD14: 0.39027778 | BE14: =(BD14*BC14)*24 -> 374.66667 | BF14: 1 | BG14: =BE14/BF14 -> 374.66667 | BH14: =BB14+BG14 -> 2178.9053 | BI14: 120 | BJ14: =BH14+BI14 -> 2298.9053
A15: LBD-DG2-DS4 | B15: 18 | C15: =D15/4 -> 3.457 | D15: =4*3.457 -> 13.828 | E15: =IFERROR(SUMIFS('PU CAST'!$AI$10:$AI$150,'PU CAST'!$AA$10:$AA$150,"DS",'PU CAST'!$AK$10:$AK$150,$B15),0) -> 177.60689 | F15: =E15*4 -> 710.42758 | G15: =H15/2 -> 3.584 | H15: =2*3.584 -> 7.168 | I15: =IFERROR(SUMIFS('PU CAST'!$AI$10:$AI$150,'PU CAST'!$AA$10:$AA$150,"DG",'PU CAST'!$AK$10:$AK$150,$B15),0) -> 119.90116 | J15: =I15*2 -> 239.80233 | K15: =L15/6 -> 1.289 | L15: =6*1.289 -> 7.734 | M15: =IFERROR(SUMIFS('PU CAST'!$AI$10:$AI$150,'PU CAST'!$AA$10:$AA$150,"DE",'PU CAST'!$AK$10:$AK$150,$B15),0) -> 63.400558 | N15: =M15*6 -> 380.40335 | O15: Tubo DN 6'' sch 40 | P15: Ø 168,3 mm x Comp. 587,2 mm | Q15: 1 | R15: Sucata MC | S15: =INDEX(PARÂMETROS!$B$83:$B$101,MATCH($B15,PARÂMETROS!$A$83:$A$101,0)) -> 319.2 | T15: Flange DN18" BUMPER | U15: Ø270 x 195 x 1/4 | V15: 1 | W15: OXIMETAL | X15: =INDEX(PARÂMETROS!$C$83:$C$101,MATCH($B15,PARÂMETROS!$A$83:$A$101,0)) -> 82 | Y15: =X15*2 -> 164 | Z15: =AA15/2 -> 1.289 | AA15: =2*1.289 -> 2.578 | AB15: =Z15*PARÂMETROS!$E$6 -> 51.46977 | AC15: =AB15*2 -> 102.93954 | AD15: Flange DN18" BUMPER | AE15: Ø270 x 195 x 1/4 | AF15: 1 | AG15: OXIMETAL | AH15: =INDEX(PARÂMETROS!$D$83:$D$101,MATCH($B15,PARÂMETROS!$A$83:$A$101,0)) -> 82 | AI15: =AH15*2 -> 164 | AJ15: Parafuso Sextavado Aço Carbono | AK15: 1/2" × 9" | AL15: 16 | AM15: =INDEX(PARÂMETROS!$E$83:$E$101,MATCH($B15,PARÂMETROS!$A$83:$A$101,0)) -> 13 | AN15: =AM15*AL15 -> 208 | AO15: Arruela lisa 1/2" | AP15: 1/2'' | AQ15: 16 | AR15: =INDEX(PARÂMETROS!$F$83:$F$101,MATCH($B15,PARÂMETROS!$A$83:$A$101,0)) -> 0.6 | AS15: =AR15*AQ15 -> 9.6 | AT15: Porcas Travantes Parlock 1/2" | AU15: 1/2'' | AV15: 16 | AW15: =INDEX(PARÂMETROS!$G$83:$G$101,MATCH($B15,PARÂMETROS!$A$83:$A$101,0)) -> 0.8 | AX15: =AW15*AV15 -> 12.8 | AY15: =F15+J15+N15 -> 1330.6333 | AZ15: =S15+Y15+AC15+AI15 -> 750.13954 | BA15: =AN15+AS15+AX15 -> 230.4 | BB15: =AY15+AZ15+BA15 -> 2311.1728 | BC15: =PARÂMETROS!$H$3 -> 40 | BD15: 0.39027778 | BE15: =(BD15*BC15)*24 -> 374.66667 | BF15: 1 | BG15: =BE15/BF15 -> 374.66667 | BH15: =BB15+BG15 -> 2685.8395 | BI15: 120 | BJ15: =BH15+BI15 -> 2805.8395
A16: LBD-DG2-DS4 | B16: 20 | C16: =D16/4 -> 4.027 | D16: =4*4.027 -> 16.108 | E16: =IFERROR(SUMIFS('PU CAST'!$AI$10:$AI$150,'PU CAST'!$AA$10:$AA$150,"DS",'PU CAST'!$AK$10:$AK$150,$B16),0) -> 201.66993 | F16: =E16*4 -> 806.67974 | G16: =H16/2 -> 4.084 | H16: =2*4.084 -> 8.168 | I16: =IFERROR(SUMIFS('PU CAST'!$AI$10:$AI$150,'PU CAST'!$AA$10:$AA$150,"DG",'PU CAST'!$AK$10:$AK$150,$B16),0) -> 132.21066 | J16: =I16*2 -> 264.42133 | K16: =L16/6 -> 1.565 | L16: =6*1.565 -> 9.39 | M16: =IFERROR(SUMIFS('PU CAST'!$AI$10:$AI$150,'PU CAST'!$AA$10:$AA$150,"DE",'PU CAST'!$AK$10:$AK$150,$B16),0) -> 70.195402 | N16: =M16*6 -> 421.17241 | O16: Tubo DN 8'' sch 40 | P16: Ø 219,1 mm x Comp. 638,0 mm | Q16: 1 | R16: Sucata MC | S16: =INDEX(PARÂMETROS!$B$83:$B$101,MATCH($B16,PARÂMETROS!$A$83:$A$101,0)) -> 524.4 | T16: Flange DN20" BUMPER | U16: Ø320 x 250 x 1/4 | V16: 1 | W16: OXIMETAL | X16: =INDEX(PARÂMETROS!$C$83:$C$101,MATCH($B16,PARÂMETROS!$A$83:$A$101,0)) -> 113 | Y16: =X16*2 -> 226 | Z16: =AA16/2 -> 1.565 | AA16: =2*1.565 -> 3.13 | AB16: =Z16*PARÂMETROS!$E$6 -> 62.49045 | AC16: =AB16*2 -> 124.9809 | AD16: Flange DN20" BUMPER | AE16: Ø320 x 250 x 1/4 | AF16: 1 | AG16: OXIMETAL | AH16: =INDEX(PARÂMETROS!$D$83:$D$101,MATCH($B16,PARÂMETROS!$A$83:$A$101,0)) -> 113 | AI16: =AH16*2 -> 226 | AJ16: Parafuso Sextavado Aço Carbono | AK16: 1/2" × 9" | AL16: 24 | AM16: =INDEX(PARÂMETROS!$E$83:$E$101,MATCH($B16,PARÂMETROS!$A$83:$A$101,0)) -> 13 | AN16: =AM16*AL16 -> 312 | AO16: Arruela lisa 1/2" | AP16: 1/2'' | AQ16: 24 | AR16: =INDEX(PARÂMETROS!$F$83:$F$101,MATCH($B16,PARÂMETROS!$A$83:$A$101,0)) -> 0.6 | AS16: =AR16*AQ16 -> 14.4 | AT16: Porcas Travantes Parlock 1/2" | AU16: 1/2'' | AV16: 24 | AW16: =INDEX(PARÂMETROS!$G$83:$G$101,MATCH($B16,PARÂMETROS!$A$83:$A$101,0)) -> 0.8 | AX16: =AW16*AV16 -> 19.2 | AY16: =F16+J16+N16 -> 1492.2735 | AZ16: =S16+Y16+AC16+AI16 -> 1101.3809 | BA16: =AN16+AS16+AX16 -> 345.6 | BB16: =AY16+AZ16+BA16 -> 2939.2544 | BC16: =PARÂMETROS!$H$3 -> 40 | BD16: 0.39027778 | BE16: =(BD16*BC16)*24 -> 374.66667 | BF16: 1 | BG16: =BE16/BF16 -> 374.66667 | BH16: =BB16+BG16 -> 3313.921 | BI16: 120 | BJ16: =BH16+BI16 -> 3433.921
A17: LBD-DG2-DS4 | B17: 22 | C17: =D17/4 -> 5.051 | D17: =4*5.051 -> 20.204 | E17: =IFERROR(SUMIFS('PU CAST'!$AI$10:$AI$150,'PU CAST'!$AA$10:$AA$150,"DS",'PU CAST'!$AK$10:$AK$150,$B17),0) -> 244.89898 | F17: =E17*4 -> 979.5959 | G17: =H17/2 -> 5.515 | H17: =2*5.515 -> 11.03 | I17: =IFERROR(SUMIFS('PU CAST'!$AI$10:$AI$150,'PU CAST'!$AA$10:$AA$150,"DG",'PU CAST'!$AK$10:$AK$150,$B17),0) -> 167.44045 | J17: =I17*2 -> 334.8809 | K17: =L17/6 -> 2.6 | L17: =6*2.6 -> 15.6 | M17: =IFERROR(SUMIFS('PU CAST'!$AI$10:$AI$150,'PU CAST'!$AA$10:$AA$150,"DE",'PU CAST'!$AK$10:$AK$150,$B17),0) -> 95.676067 | N17: =M17*6 -> 574.0564 | O17: Tubo DN 8'' sch 40 | P17: Ø 219,1 mm x Comp. 688,8 mm | Q17: 1 | R17: Sucata MC | S17: =INDEX(PARÂMETROS!$B$83:$B$101,MATCH($B17,PARÂMETROS!$A$83:$A$101,0)) -> 570 | T17: Flange DN22" BUMPER | U17: Ø380 x 250 x 1/4 | V17: 1 | W17: OXIMETAL | X17: =INDEX(PARÂMETROS!$C$83:$C$101,MATCH($B17,PARÂMETROS!$A$83:$A$101,0)) -> 152 | Y17: =X17*2 -> 304 | Z17: =AA17/2 -> 2.6 | AA17: =2*2.6 -> 5.2 | AB17: =Z17*PARÂMETROS!$E$6 -> 103.818 | AC17: =AB17*2 -> 207.636 | AD17: Flange DN22" BUMPER | AE17: Ø380 x 250 x 1/4 | AF17: 1 | AG17: OXIMETAL | AH17: =INDEX(PARÂMETROS!$D$83:$D$101,MATCH($B17,PARÂMETROS!$A$83:$A$101,0)) -> 152 | AI17: =AH17*2 -> 304 | AJ17: Parafuso Sextavado Aço Carbono | AK17: 1/2" × 9" | AL17: 28 | AM17: =INDEX(PARÂMETROS!$E$83:$E$101,MATCH($B17,PARÂMETROS!$A$83:$A$101,0)) -> 13 | AN17: =AM17*AL17 -> 364 | AO17: Arruela lisa 1/2" | AP17: 1/2'' | AQ17: 28 | AR17: =INDEX(PARÂMETROS!$F$83:$F$101,MATCH($B17,PARÂMETROS!$A$83:$A$101,0)) -> 0.6 | AS17: =AR17*AQ17 -> 16.8 | AT17: Porcas Travantes Parlock 1/2" | AU17: 1/2'' | AV17: 28 | AW17: =INDEX(PARÂMETROS!$G$83:$G$101,MATCH($B17,PARÂMETROS!$A$83:$A$101,0)) -> 0.8 | AX17: =AW17*AV17 -> 22.4 | AY17: =F17+J17+N17 -> 1888.5332 | AZ17: =S17+Y17+AC17+AI17 -> 1385.636 | BA17: =AN17+AS17+AX17 -> 403.2 | BB17: =AY17+AZ17+BA17 -> 3677.3692 | BC17: =PARÂMETROS!$H$3 -> 40 | BD17: 0.39027778 | BE17: =(BD17*BC17)*24 -> 374.66667 | BF17: 1 | BG17: =BE17/BF17 -> 374.66667 | BH17: =BB17+BG17 -> 4052.0359 | BI17: 120 | BJ17: =BH17+BI17 -> 4172.0359
A18: LBD-DG2-DS4 | B18: 24 | C18: =D18/4 -> 7.119 | D18: =4*7.119 -> 28.476 | E18: =IFERROR(SUMIFS('PU CAST'!$AI$10:$AI$150,'PU CAST'!$AA$10:$AA$150,"DS",'PU CAST'!$AK$10:$AK$150,$B18),0) -> 332.20137 | F18: =E18*4 -> 1328.8055 | G18: =H18/2 -> 6.905 | H18: =2*6.905 -> 13.81 | I18: =IFERROR(SUMIFS('PU CAST'!$AI$10:$AI$150,'PU CAST'!$AA$10:$AA$150,"DG",'PU CAST'!$AK$10:$AK$150,$B18),0) -> 288.66386 | J18: =I18*2 -> 577.32772 | K18: =L18/6 -> 2.817 | L18: =6*2.817 -> 16.902 | M18: =IFERROR(SUMIFS('PU CAST'!$AI$10:$AI$150,'PU CAST'!$AA$10:$AA$150,"DE",'PU CAST'!$AK$10:$AK$150,$B18),0) -> 101.01839 | N18: =M18*6 -> 606.11034 | O18: Tubo DN 8'' sch 40 | P18: Ø 219,1 mm x Comp. 739,6 mm | Q18: 1 | R18: Sucata MC | S18: =INDEX(PARÂMETROS!$B$83:$B$101,MATCH($B18,PARÂMETROS!$A$83:$A$101,0)) -> 609.9 | T18: Flange DN24" BUMPER | U18: Ø380 x 250 x 1/4 | V18: 1 | W18: OXIMETAL | X18: =INDEX(PARÂMETROS!$C$83:$C$101,MATCH($B18,PARÂMETROS!$A$83:$A$101,0)) -> 155 | Y18: =X18*2 -> 310 | Z18: =AA18/2 -> 2.817 | AA18: =2*2.817 -> 5.634 | AB18: =Z18*PARÂMETROS!$E$6 -> 112.48281 | AC18: =AB18*2 -> 224.96562 | AD18: Flange DN24" BUMPER | AE18: Ø380 x 250 x 1/4 | AF18: 1 | AG18: OXIMETAL | AH18: =INDEX(PARÂMETROS!$D$83:$D$101,MATCH($B18,PARÂMETROS!$A$83:$A$101,0)) -> 155 | AI18: =AH18*2 -> 310 | AJ18: Parafuso Sextavado Aço Carbono | AK18: 1/2" × 10" | AL18: 32 | AM18: =INDEX(PARÂMETROS!$E$83:$E$101,MATCH($B18,PARÂMETROS!$A$83:$A$101,0)) -> 14.5 | AN18: =AM18*AL18 -> 464 | AO18: Arruela lisa 1/2" | AP18: 1/2'' | AQ18: 32 | AR18: =INDEX(PARÂMETROS!$F$83:$F$101,MATCH($B18,PARÂMETROS!$A$83:$A$101,0)) -> 0.6 | AS18: =AR18*AQ18 -> 19.2 | AT18: Porcas Travantes Parlock 1/2" | AU18: 1/2'' | AV18: 32 | AW18: =INDEX(PARÂMETROS!$G$83:$G$101,MATCH($B18,PARÂMETROS!$A$83:$A$101,0)) -> 0.8 | AX18: =AW18*AV18 -> 25.6 | AY18: =F18+J18+N18 -> 2512.2436 | AZ18: =S18+Y18+AC18+AI18 -> 1454.8656 | BA18: =AN18+AS18+AX18 -> 508.8 | BB18: =AY18+AZ18+BA18 -> 4475.9092 | BC18: =PARÂMETROS!$H$3 -> 40 | BD18: 0.39027778 | BE18: =(BD18*BC18)*24 -> 374.66667 | BF18: 1 | BG18: =BE18/BF18 -> 374.66667 | BH18: =BB18+BG18 -> 4850.5758 | BI18: 120 | BJ18: =BH18+BI18 -> 4970.5758
A19: LBD-DG2-DS4 | B19: 26 | C19: =D19/4 -> 8.644 | D19: =4*8.644 -> 34.576 | E19: =IFERROR(SUMIFS('PU CAST'!$AI$10:$AI$150,'PU CAST'!$AA$10:$AA$150,"DS",'PU CAST'!$AK$10:$AK$150,$B19),0) -> 396.58056 | F19: =E19*4 -> 1586.3222 | G19: =H19/2 -> 9.158 | H19: =2*9.158 -> 18.316 | I19: =IFERROR(SUMIFS('PU CAST'!$AI$10:$AI$150,'PU CAST'!$AA$10:$AA$150,"DG",'PU CAST'!$AK$10:$AK$150,$B19),0) -> 372.51827 | J19: =I19*2 -> 745.03654 | K19: =L19/6 -> 2.817 | L19: =6*2.817 -> 16.902 | M19: =IFERROR(SUMIFS('PU CAST'!$AI$10:$AI$150,'PU CAST'!$AA$10:$AA$150,"DE",'PU CAST'!$AK$10:$AK$150,$B19),0) -> 101.01839 | N19: =M19*6 -> 606.11034 | O19: Tubo DN 8'' sch 40 | P19: Ø 219,1 mm x Comp. 790,4 mm | Q19: 1 | R19: Sucata MC | S19: =INDEX(PARÂMETROS!$B$83:$B$101,MATCH($B19,PARÂMETROS!$A$83:$A$101,0)) -> 653.6 | T19: Flange DN26" BUMPER | U19: Ø400 x 285 x 1/4 | V19: 1 | W19: OXIMETAL | X19: =INDEX(PARÂMETROS!$C$83:$C$101,MATCH($B19,PARÂMETROS!$A$83:$A$101,0)) -> 167 | Y19: =X19*2 -> 334 | Z19: =AA19/2 -> 2.817 | AA19: =2*2.817 -> 5.634 | AB19: =Z19*PARÂMETROS!$E$6 -> 112.48281 | AC19: =AB19*2 -> 224.96562 | AD19: Flange DN26" BUMPER | AE19: Ø400 x 285 x 1/4 | AF19: 1 | AG19: OXIMETAL | AH19: =INDEX(PARÂMETROS!$D$83:$D$101,MATCH($B19,PARÂMETROS!$A$83:$A$101,0)) -> 167 | AI19: =AH19*2 -> 334 | AJ19: Parafuso Sextavado Aço Carbono | AK19: 1/2" × 10" | AL19: 32 | AM19: =INDEX(PARÂMETROS!$E$83:$E$101,MATCH($B19,PARÂMETROS!$A$83:$A$101,0)) -> 14.5 | AN19: =AM19*AL19 -> 464 | AO19: Arruela lisa 1/2" | AP19: 1/2'' | AQ19: 32 | AR19: =INDEX(PARÂMETROS!$F$83:$F$101,MATCH($B19,PARÂMETROS!$A$83:$A$101,0)) -> 0.6 | AS19: =AR19*AQ19 -> 19.2 | AT19: Porcas Travantes Parlock 1/2" | AU19: 1/2'' | AV19: 32 | AW19: =INDEX(PARÂMETROS!$G$83:$G$101,MATCH($B19,PARÂMETROS!$A$83:$A$101,0)) -> 0.8 | AX19: =AW19*AV19 -> 25.6 | AY19: =F19+J19+N19 -> 2937.4691 | AZ19: =S19+Y19+AC19+AI19 -> 1546.5656 | BA19: =AN19+AS19+AX19 -> 508.8 | BB19: =AY19+AZ19+BA19 -> 4992.8347 | BC19: =PARÂMETROS!$H$3 -> 40 | BD19: 0.39027778 | BE19: =(BD19*BC19)*24 -> 374.66667 | BF19: 1 | BG19: =BE19/BF19 -> 374.66667 | BH19: =BB19+BG19 -> 5367.5014 | BI19: 120 | BJ19: =BH19+BI19 -> 5487.5014
A20: LBD-DG2-DS4 | B20: 28 | C20: =D20/4 -> 9.905 | D20: =4*9.905 -> 39.62 | E20: =IFERROR(SUMIFS('PU CAST'!$AI$10:$AI$150,'PU CAST'!$AA$10:$AA$150,"DS",'PU CAST'!$AK$10:$AK$150,$B20),0) -> 449.81476 | F20: =E20*4 -> 1799.259 | G20: =H20/2 -> 12.269 | H20: =2*12.269 -> 24.538 | I20: =IFERROR(SUMIFS('PU CAST'!$AI$10:$AI$150,'PU CAST'!$AA$10:$AA$150,"DG",'PU CAST'!$AK$10:$AK$150,$B20),0) -> 488.30658 | J20: =I20*2 -> 976.61316 | K20: =L20/6 -> 3.28 | L20: =6*3.28 -> 19.68 | M20: =IFERROR(SUMIFS('PU CAST'!$AI$10:$AI$150,'PU CAST'!$AA$10:$AA$150,"DE",'PU CAST'!$AK$10:$AK$150,$B20),0) -> 112.41699 | N20: =M20*6 -> 674.50192 | O20: Tubo DN 10'' sch 40 | P20: Ø 273,0 mm x Comp. 841,2 mm | Q20: 1 | R20: Sucata MC | S20: =INDEX(PARÂMETROS!$B$83:$B$101,MATCH($B20,PARÂMETROS!$A$83:$A$101,0)) -> 1820 | T20: Flange DN28" BUMPER | U20: Ø410 x 320 x 1/4 | V20: 1 | W20: OXIMETAL | X20: =INDEX(PARÂMETROS!$C$83:$C$101,MATCH($B20,PARÂMETROS!$A$83:$A$101,0)) -> 174 | Y20: =X20*2 -> 348 | Z20: =AA20/2 -> 3.28 | AA20: =2*3.28 -> 6.56 | AB20: =Z20*PARÂMETROS!$E$6 -> 130.9704 | AC20: =AB20*2 -> 261.9408 | AD20: Flange DN28" BUMPER | AE20: Ø410 x 320 x 1/4 | AF20: 1 | AG20: OXIMETAL | AH20: =INDEX(PARÂMETROS!$D$83:$D$101,MATCH($B20,PARÂMETROS!$A$83:$A$101,0)) -> 174 | AI20: =AH20*2 -> 348 | AJ20: Parafuso Sextavado Aço Carbono | AK20: 1/2" × 11" | AL20: 32 | AM20: =INDEX(PARÂMETROS!$E$83:$E$101,MATCH($B20,PARÂMETROS!$A$83:$A$101,0)) -> 16.5 | AN20: =AM20*AL20 -> 528 | AO20: Arruela lisa 1/2" | AP20: 1/2'' | AQ20: 32 | AR20: =INDEX(PARÂMETROS!$F$83:$F$101,MATCH($B20,PARÂMETROS!$A$83:$A$101,0)) -> 0.6 | AS20: =AR20*AQ20 -> 19.2 | AT20: Porcas Travantes Parlock 1/2" | AU20: 1/2'' | AV20: 32 | AW20: =INDEX(PARÂMETROS!$G$83:$G$101,MATCH($B20,PARÂMETROS!$A$83:$A$101,0)) -> 0.8 | AX20: =AW20*AV20 -> 25.6 | AY20: =F20+J20+N20 -> 3450.3741 | AZ20: =S20+Y20+AC20+AI20 -> 2777.9408 | BA20: =AN20+AS20+AX20 -> 572.8 | BB20: =AY20+AZ20+BA20 -> 6801.1149 | BC20: =PARÂMETROS!$H$3 -> 40 | BD20: 0.39027778 | BE20: =(BD20*BC20)*24 -> 374.66667 | BF20: 1 | BG20: =BE20/BF20 -> 374.66667 | BH20: =BB20+BG20 -> 7175.7816 | BI20: 120 | BJ20: =BH20+BI20 -> 7295.7816
A21: LBD-DG2-DS4 | B21: 30 | C21: =D21/4 -> 11.708 | D21: =4*11.708 -> 46.832 | E21: =IFERROR(SUMIFS('PU CAST'!$AI$10:$AI$150,'PU CAST'!$AA$10:$AA$150,"DS",'PU CAST'!$AK$10:$AK$150,$B21),0) -> 557.59662 | F21: =E21*4 -> 2230.3865 | G21: =H21/2 -> 14.584 | H21: =2*14.584 -> 29.168 | I21: =IFERROR(SUMIFS('PU CAST'!$AI$10:$AI$150,'PU CAST'!$AA$10:$AA$150,"DG",'PU CAST'!$AK$10:$AK$150,$B21),0) -> 606.13523 | J21: =I21*2 -> 1212.2705 | K21: =L21/6 -> 3.28 | L21: =6*3.28 -> 19.68 | M21: =IFERROR(SUMIFS('PU CAST'!$AI$10:$AI$150,'PU CAST'!$AA$10:$AA$150,"DE",'PU CAST'!$AK$10:$AK$150,$B21),0) -> 144.08365 | N21: =M21*6 -> 864.50192 | O21: Tubo DN 10'' sch 40 | P21: Ø 273,0 mm x Comp. 892,0 mm | Q21: 1 | R21: Sucata MC | S21: =INDEX(PARÂMETROS!$B$83:$B$101,MATCH($B21,PARÂMETROS!$A$83:$A$101,0)) -> 1925 | T21: Flange DN30" BUMPER | U21: Ø410 x 320 x 1/4 | V21: 1 | W21: OXIMETAL | X21: =INDEX(PARÂMETROS!$C$83:$C$101,MATCH($B21,PARÂMETROS!$A$83:$A$101,0)) -> 174 | Y21: =X21*2 -> 348 | Z21: =AA21/2 -> 3.28 | AA21: =2*3.28 -> 6.56 | AB21: =Z21*PARÂMETROS!$E$6 -> 130.9704 | AC21: =AB21*2 -> 261.9408 | AD21: Flange DN30" BUMPER | AE21: Ø410 x 320 x 1/4 | AF21: 1 | AG21: OXIMETAL | AH21: =INDEX(PARÂMETROS!$D$83:$D$101,MATCH($B21,PARÂMETROS!$A$83:$A$101,0)) -> 174 | AI21: =AH21*2 -> 348 | AJ21: Parafuso Sextavado Aço Carbono | AK21: 1/2" × 11" | AL21: 32 | AM21: =INDEX(PARÂMETROS!$E$83:$E$101,MATCH($B21,PARÂMETROS!$A$83:$A$101,0)) -> 16.5 | AN21: =AM21*AL21 -> 528 | AO21: Arruela lisa 1/2" | AP21: 1/2'' | AQ21: 32 | AR21: =INDEX(PARÂMETROS!$F$83:$F$101,MATCH($B21,PARÂMETROS!$A$83:$A$101,0)) -> 0.6 | AS21: =AR21*AQ21 -> 19.2 | AT21: Porcas Travantes Parlock 1/2" | AU21: 1/2'' | AV21: 32 | AW21: =INDEX(PARÂMETROS!$G$83:$G$101,MATCH($B21,PARÂMETROS!$A$83:$A$101,0)) -> 0.8 | AX21: =AW21*AV21 -> 25.6 | AY21: =F21+J21+N21 -> 4307.1589 | AZ21: =S21+Y21+AC21+AI21 -> 2882.9408 | BA21: =AN21+AS21+AX21 -> 572.8 | BB21: =AY21+AZ21+BA21 -> 7762.8997 | BC21: =PARÂMETROS!$H$3 -> 40 | BD21: 0.39027778 | BE21: =(BD21*BC21)*24 -> 374.66667 | BF21: 1 | BG21: =BE21/BF21 -> 374.66667 | BH21: =BB21+BG21 -> 8137.5663 | BI21: 120 | BJ21: =BH21+BI21 -> 8257.5663
A22: LBD-DG2-DS4 | B22: 32 | C22: =D22/4 -> 11.795 | D22: =4*11.795 -> 47.18 | E22: =IFERROR(SUMIFS('PU CAST'!$AI$10:$AI$150,'PU CAST'!$AA$10:$AA$150,"DS",'PU CAST'!$AK$10:$AK$150,$B22),0) -> 624.60274 | F22: =E22*4 -> 2498.4109 | G22: =H22/2 -> 13.854 | H22: =2*13.854 -> 27.708 | I22: =IFERROR(SUMIFS('PU CAST'!$AI$10:$AI$150,'PU CAST'!$AA$10:$AA$150,"DG",'PU CAST'!$AK$10:$AK$150,$B22),0) -> 642.29869 | J22: =I22*2 -> 1284.5974 | K22: =L22/6 -> 4.745 | L22: =6*4.745 -> 28.47 | M22: =IFERROR(SUMIFS('PU CAST'!$AI$10:$AI$150,'PU CAST'!$AA$10:$AA$150,"DE",'PU CAST'!$AK$10:$AK$150,$B22),0) -> 239.93749 | N22: =M22*6 -> 1439.6249 | O22: Tubo DN 10'' sch 40 | P22: Ø 273,0 mm x Comp. 942,8 mm | Q22: 1 | R22: Sucata MC | S22: =INDEX(PARÂMETROS!$B$83:$B$101,MATCH($B22,PARÂMETROS!$A$83:$A$101,0)) -> 2030 | T22: Flange DN32" BUMPER | U22: Ø530 x 430 x 1/4 | V22: 1 | W22: OXIMETAL | X22: =INDEX(PARÂMETROS!$C$83:$C$101,MATCH($B22,PARÂMETROS!$A$83:$A$101,0)) -> 268 | Y22: =X22*2 -> 536 | Z22: =AA22/2 -> 4.745 | AA22: =2*4.745 -> 9.49 | AB22: =Z22*PARÂMETROS!$E$6 -> 189.46785 | AC22: =AB22*2 -> 378.9357 | AD22: Flange DN32" BUMPER | AE22: Ø530 x 430 x 1/4 | AF22: 1 | AG22: OXIMETAL | AH22: =INDEX(PARÂMETROS!$D$83:$D$101,MATCH($B22,PARÂMETROS!$A$83:$A$101,0)) -> 268 | AI22: =AH22*2 -> 536 | AJ22: Parafuso Sextavado Aço Carbono | AK22: 1/2" × 11,5" | AL22: 32 | AM22: =INDEX(PARÂMETROS!$E$83:$E$101,MATCH($B22,PARÂMETROS!$A$83:$A$101,0)) -> 17.5 | AN22: =AM22*AL22 -> 560 | AO22: Arruela lisa 1/2" | AP22: 1/2'' | AQ22: 32 | AR22: =INDEX(PARÂMETROS!$F$83:$F$101,MATCH($B22,PARÂMETROS!$A$83:$A$101,0)) -> 0.6 | AS22: =AR22*AQ22 -> 19.2 | AT22: Porcas Travantes Parlock 1/2" | AU22: 1/2'' | AV22: 32 | AW22: =INDEX(PARÂMETROS!$G$83:$G$101,MATCH($B22,PARÂMETROS!$A$83:$A$101,0)) -> 0.8 | AX22: =AW22*AV22 -> 25.6 | AY22: =F22+J22+N22 -> 5222.6333 | AZ22: =S22+Y22+AC22+AI22 -> 3480.9357 | BA22: =AN22+AS22+AX22 -> 604.8 | BB22: =AY22+AZ22+BA22 -> 9308.369 | BC22: =PARÂMETROS!$H$3 -> 40 | BD22: 0.39027778 | BE22: =(BD22*BC22)*24 -> 374.66667 | BF22: 1 | BG22: =BE22/BF22 -> 374.66667 | BH22: =BB22+BG22 -> 9683.0356 | BI22: 120 | BJ22: =BH22+BI22 -> 9803.0356
A23: LBD-DG2-DS4 | B23: 34 | C23: =D23/4 -> 13.847 | D23: =4*13.847 -> 55.388 | E23: =IFERROR(SUMIFS('PU CAST'!$AI$10:$AI$150,'PU CAST'!$AA$10:$AA$150,"DS",'PU CAST'!$AK$10:$AK$150,$B23),0) -> 711.22968 | F23: =E23*4 -> 2844.9187 | G23: =H23/2 -> 16.447 | H23: =2*16.447 -> 32.894 | I23: =IFERROR(SUMIFS('PU CAST'!$AI$10:$AI$150,'PU CAST'!$AA$10:$AA$150,"DG",'PU CAST'!$AK$10:$AK$150,$B23),0) -> 738.80756 | J23: =I23*2 -> 1477.6151 | K23: =L23/6 -> 4.745 | L23: =6*4.745 -> 28.47 | M23: =IFERROR(SUMIFS('PU CAST'!$AI$10:$AI$150,'PU CAST'!$AA$10:$AA$150,"DE",'PU CAST'!$AK$10:$AK$150,$B23),0) -> 239.93749 | N23: =M23*6 -> 1439.6249 | O23: Tubo DN 10'' sch 40 | P23: Ø 273,0 mm x Comp. 993,6 mm | Q23: 1 | R23: Sucata MC | S23: =INDEX(PARÂMETROS!$B$83:$B$101,MATCH($B23,PARÂMETROS!$A$83:$A$101,0)) -> 2135 | T23: Flange DN34" BUMPER | U23: Ø530 x 430 x 1/4 | V23: 1 | W23: OXIMETAL | X23: =INDEX(PARÂMETROS!$C$83:$C$101,MATCH($B23,PARÂMETROS!$A$83:$A$101,0)) -> 268 | Y23: =X23*2 -> 536 | Z23: =AA23/2 -> 4.745 | AA23: =2*4.745 -> 9.49 | AB23: =Z23*PARÂMETROS!$E$6 -> 189.46785 | AC23: =AB23*2 -> 378.9357 | AD23: Flange DN34" BUMPER | AE23: Ø530 x 430 x 1/4 | AF23: 1 | AG23: OXIMETAL | AH23: =INDEX(PARÂMETROS!$D$83:$D$101,MATCH($B23,PARÂMETROS!$A$83:$A$101,0)) -> 268 | AI23: =AH23*2 -> 536 | AJ23: Parafuso Sextavado Aço Carbono | AK23: 1/2" × 11,5" | AL23: 32 | AM23: =INDEX(PARÂMETROS!$E$83:$E$101,MATCH($B23,PARÂMETROS!$A$83:$A$101,0)) -> 17.5 | AN23: =AM23*AL23 -> 560 | AO23: Arruela lisa 1/2" | AP23: 1/2'' | AQ23: 32 | AR23: =INDEX(PARÂMETROS!$F$83:$F$101,MATCH($B23,PARÂMETROS!$A$83:$A$101,0)) -> 0.6 | AS23: =AR23*AQ23 -> 19.2 | AT23: Porcas Travantes Parlock 1/2" | AU23: 1/2'' | AV23: 32 | AW23: =INDEX(PARÂMETROS!$G$83:$G$101,MATCH($B23,PARÂMETROS!$A$83:$A$101,0)) -> 0.8 | AX23: =AW23*AV23 -> 25.6 | AY23: =F23+J23+N23 -> 5762.1588 | AZ23: =S23+Y23+AC23+AI23 -> 3585.9357 | BA23: =AN23+AS23+AX23 -> 604.8 | BB23: =AY23+AZ23+BA23 -> 9952.8945 | BC23: =PARÂMETROS!$H$3 -> 40 | BD23: 0.39027778 | BE23: =(BD23*BC23)*24 -> 374.66667 | BF23: 1 | BG23: =BE23/BF23 -> 374.66667 | BH23: =BB23+BG23 -> 10327.561 | BI23: 120 | BJ23: =BH23+BI23 -> 10447.561
A24: LBD-DG2-DS4 | B24: 36 | C24: =D24/4 -> 19.339 | D24: =4*19.339 -> 77.356 | E24: =IFERROR(SUMIFS('PU CAST'!$AI$10:$AI$150,'PU CAST'!$AA$10:$AA$150,"DS",'PU CAST'!$AK$10:$AK$150,$B24),0) -> 943.07918 | F24: =E24*4 -> 3772.3167 | G24: =H24/2 -> 18.322 | H24: =2*18.322 -> 36.644 | I24: =IFERROR(SUMIFS('PU CAST'!$AI$10:$AI$150,'PU CAST'!$AA$10:$AA$150,"DG",'PU CAST'!$AK$10:$AK$150,$B24),0) -> 808.59318 | J24: =I24*2 -> 1617.1864 | K24: =L24/6 -> 10.168 | L24: =6*10.168 -> 61.008 | M24: =IFERROR(SUMIFS('PU CAST'!$AI$10:$AI$150,'PU CAST'!$AA$10:$AA$150,"DE",'PU CAST'!$AK$10:$AK$150,$B24),0) -> 441.77613 | N24: =M24*6 -> 2650.6568 | O24: Tubo DN 14'' sch 40 | P24: Ø 355,6 mm x Comp. 1044,4 mm | Q24: 1 | R24: Soluaço | S24: =INDEX(PARÂMETROS!$B$83:$B$101,MATCH($B24,PARÂMETROS!$A$83:$A$101,0)) -> 1256.52 | T24: Flange DN36" BUMPER | U24: Ø710 x 530 x 1/4 | V24: 1 | W24: OXIMETAL | X24: =INDEX(PARÂMETROS!$C$83:$C$101,MATCH($B24,PARÂMETROS!$A$83:$A$101,0)) -> 460 | Y24: =X24*2 -> 920 | Z24: =AA24/2 -> 10.168 | AA24: =2*10.168 -> 20.336 | AB24: =Z24*PARÂMETROS!$E$6 -> 406.00824 | AC24: =AB24*2 -> 812.01648 | AD24: Flange DN36" BUMPER | AE24: Ø710 x 530 x 1/4 | AF24: 1 | AG24: OXIMETAL | AH24: =INDEX(PARÂMETROS!$D$83:$D$101,MATCH($B24,PARÂMETROS!$A$83:$A$101,0)) -> 460 | AI24: =AH24*2 -> 920 | AJ24: Parafuso Sextavado Aço Carbono | AK24: 1/2" × 13" | AL24: 48 | AM24: =INDEX(PARÂMETROS!$E$83:$E$101,MATCH($B24,PARÂMETROS!$A$83:$A$101,0)) -> 20.5 | AN24: =AM24*AL24 -> 984 | AO24: Arruela lisa 1/2" | AP24: 1/2'' | AQ24: 48 | AR24: =INDEX(PARÂMETROS!$F$83:$F$101,MATCH($B24,PARÂMETROS!$A$83:$A$101,0)) -> 0.6 | AS24: =AR24*AQ24 -> 28.8 | AT24: Porcas Travantes Parlock 1/2" | AU24: 1/2'' | AV24: 48 | AW24: =INDEX(PARÂMETROS!$G$83:$G$101,MATCH($B24,PARÂMETROS!$A$83:$A$101,0)) -> 0.8 | AX24: =AW24*AV24 -> 38.4 | AY24: =F24+J24+N24 -> 8040.1599 | AZ24: =S24+Y24+AC24+AI24 -> 3908.5365 | BA24: =AN24+AS24+AX24 -> 1051.2 | BB24: =AY24+AZ24+BA24 -> 12999.896 | BC24: =PARÂMETROS!$H$3 -> 40 | BD24: 0.39027778 | BE24: =(BD24*BC24)*24 -> 374.66667 | BF24: 1 | BG24: =BE24/BF24 -> 374.66667 | BH24: =BB24+BG24 -> 13374.563 | BI24: 120 | BJ24: =BH24+BI24 -> 13494.563
A25: LBD-DG2-DS4 | B25: 38 | C25: =D25/4 -> 22.561 | D25: =4*22.561 -> 90.244 | E25: =IFERROR(SUMIFS('PU CAST'!$AI$10:$AI$150,'PU CAST'!$AA$10:$AA$150,"DS",'PU CAST'!$AK$10:$AK$150,$B25),0) -> 1079.0987 | F25: =E25*4 -> 4316.3947 | G25: =H25/2 -> 23.099 | H25: =2*23.099 -> 46.198 | I25: =IFERROR(SUMIFS('PU CAST'!$AI$10:$AI$150,'PU CAST'!$AA$10:$AA$150,"DG",'PU CAST'!$AK$10:$AK$150,$B25),0) -> 986.38835 | J25: =I25*2 -> 1972.7767 | K25: =L25/6 -> 10.168 | L25: =6*10.168 -> 61.008 | M25: =IFERROR(SUMIFS('PU CAST'!$AI$10:$AI$150,'PU CAST'!$AA$10:$AA$150,"DE",'PU CAST'!$AK$10:$AK$150,$B25),0) -> 441.77613 | N25: =M25*6 -> 2650.6568 | O25: Tubo DN 14'' sch 40 | P25: Ø 355,6 mm x Comp. 1095,2 mm | Q25: 1 | R25: Soluaço | S25: =INDEX(PARÂMETROS!$B$83:$B$101,MATCH($B25,PARÂMETROS!$A$83:$A$101,0)) -> 1315.72 | T25: Flange DN38" BUMPER | U25: Ø710 x 530 x 1/4 | V25: 1 | W25: OXIMETAL | X25: =INDEX(PARÂMETROS!$C$83:$C$101,MATCH($B25,PARÂMETROS!$A$83:$A$101,0)) -> 460 | Y25: =X25*2 -> 920 | Z25: =AA25/2 -> 10.168 | AA25: =2*10.168 -> 20.336 | AB25: =Z25*PARÂMETROS!$E$6 -> 406.00824 | AC25: =AB25*2 -> 812.01648 | AD25: Flange DN38" BUMPER | AE25: Ø710 x 530 x 1/4 | AF25: 1 | AG25: OXIMETAL | AH25: =INDEX(PARÂMETROS!$D$83:$D$101,MATCH($B25,PARÂMETROS!$A$83:$A$101,0)) -> 460 | AI25: =AH25*2 -> 920 | AJ25: Parafuso Sextavado Aço Carbono | AK25: 1/2" × 13" | AL25: 48 | AM25: =INDEX(PARÂMETROS!$E$83:$E$101,MATCH($B25,PARÂMETROS!$A$83:$A$101,0)) -> 20.5 | AN25: =AM25*AL25 -> 984 | AO25: Arruela lisa 1/2" | AP25: 1/2'' | AQ25: 48 | AR25: =INDEX(PARÂMETROS!$F$83:$F$101,MATCH($B25,PARÂMETROS!$A$83:$A$101,0)) -> 0.6 | AS25: =AR25*AQ25 -> 28.8 | AT25: Porcas Travantes Parlock 1/2" | AU25: 1/2'' | AV25: 48 | AW25: =INDEX(PARÂMETROS!$G$83:$G$101,MATCH($B25,PARÂMETROS!$A$83:$A$101,0)) -> 0.8 | AX25: =AW25*AV25 -> 38.4 | AY25: =F25+J25+N25 -> 8939.8282 | AZ25: =S25+Y25+AC25+AI25 -> 3967.7365 | BA25: =AN25+AS25+AX25 -> 1051.2 | BB25: =AY25+AZ25+BA25 -> 13958.765 | BC25: =PARÂMETROS!$H$3 -> 40 | BD25: 0.39027778 | BE25: =(BD25*BC25)*24 -> 374.66667 | BF25: 1 | BG25: =BE25/BF25 -> 374.66667 | BH25: =BB25+BG25 -> 14333.431 | BI25: 120 | BJ25: =BH25+BI25 -> 14453.431
A26: LBD-DG2-DS4 | B26: 40 | C26: =D26/4 -> 24.158 | D26: =4*24.158 -> 96.632 | E26: =IFERROR(SUMIFS('PU CAST'!$AI$10:$AI$150,'PU CAST'!$AA$10:$AA$150,"DS",'PU CAST'!$AK$10:$AK$150,$B26),0) -> 1146.5174 | F26: =E26*4 -> 4586.0697 | G26: =H26/2 -> 27.698 | H26: =2*27.698 -> 55.396 | I26: =IFERROR(SUMIFS('PU CAST'!$AI$10:$AI$150,'PU CAST'!$AA$10:$AA$150,"DG",'PU CAST'!$AK$10:$AK$150,$B26),0) -> 1157.5585 | J26: =I26*2 -> 2315.1171 | K26: =L26/6 -> 12.361 | L26: =6*12.361 -> 74.166 | M26: =IFERROR(SUMIFS('PU CAST'!$AI$10:$AI$150,'PU CAST'!$AA$10:$AA$150,"DE",'PU CAST'!$AK$10:$AK$150,$B26),0) -> 523.39739 | N26: =M26*6 -> 3140.3844 | O26: Tubo DN 14'' sch 40 | P26: Ø 355,6 mm x Comp. 1146,0 mm | Q26: 1 | R26: Soluaço | S26: =INDEX(PARÂMETROS!$B$83:$B$101,MATCH($B26,PARÂMETROS!$A$83:$A$101,0)) -> 1385.28 | T26: Flange DN40" BUMPER | U26: Ø750 x 580 x 1/4 | V26: 1 | W26: OXIMETAL | X26: =INDEX(PARÂMETROS!$C$83:$C$101,MATCH($B26,PARÂMETROS!$A$83:$A$101,0)) -> 508 | Y26: =X26*2 -> 1016 | Z26: =AA26/2 -> 12.361 | AA26: =2*12.361 -> 24.722 | AB26: =Z26*PARÂMETROS!$E$6 -> 493.57473 | AC26: =AB26*2 -> 987.14946 | AD26: Flange DN40" BUMPER | AE26: Ø750 x 580 x 1/4 | AF26: 1 | AG26: OXIMETAL | AH26: =INDEX(PARÂMETROS!$D$83:$D$101,MATCH($B26,PARÂMETROS!$A$83:$A$101,0)) -> 508 | AI26: =AH26*2 -> 1016 | AJ26: Parafuso Sextavado Aço Carbono | AK26: 1/2" × 14" | AL26: 48 | AM26: =INDEX(PARÂMETROS!$E$83:$E$101,MATCH($B26,PARÂMETROS!$A$83:$A$101,0)) -> 22.5 | AN26: =AM26*AL26 -> 1080 | AO26: Arruela lisa 1/2" | AP26: 1/2'' | AQ26: 48 | AR26: =INDEX(PARÂMETROS!$F$83:$F$101,MATCH($B26,PARÂMETROS!$A$83:$A$101,0)) -> 0.6 | AS26: =AR26*AQ26 -> 28.8 | AT26: Porcas Travantes Parlock 1/2" | AU26: 1/2'' | AV26: 48 | AW26: =INDEX(PARÂMETROS!$G$83:$G$101,MATCH($B26,PARÂMETROS!$A$83:$A$101,0)) -> 0.8 | AX26: =AW26*AV26 -> 38.4 | AY26: =F26+J26+N26 -> 10041.571 | AZ26: =S26+Y26+AC26+AI26 -> 4404.4295 | BA26: =AN26+AS26+AX26 -> 1147.2 | BB26: =AY26+AZ26+BA26 -> 15593.201 | BC26: =PARÂMETROS!$H$3 -> 40 | BD26: 0.39027778 | BE26: =(BD26*BC26)*24 -> 374.66667 | BF26: 1 | BG26: =BE26/BF26 -> 374.66667 | BH26: =BB26+BG26 -> 15967.867 | BI26: 120 | BJ26: =BH26+BI26 -> 16087.867
A27: LBD-DG2-DS4 | B27: 42 | C27: =D27/4 -> 27.229 | D27: =4*27.229 -> 108.916 | E27: =IFERROR(SUMIFS('PU CAST'!$AI$10:$AI$150,'PU CAST'!$AA$10:$AA$150,"DS",'PU CAST'!$AK$10:$AK$150,$B27),0) -> 1276.1623 | F27: =E27*4 -> 5104.6493 | G27: =H27/2 -> 36.266 | H27: =2*36.266 -> 72.532 | I27: =IFERROR(SUMIFS('PU CAST'!$AI$10:$AI$150,'PU CAST'!$AA$10:$AA$150,"DG",'PU CAST'!$AK$10:$AK$150,$B27),0) -> 1476.4509 | J27: =I27*2 -> 2952.9018 | K27: =L27/6 -> 13.735 | L27: =6*13.735 -> 82.41 | M27: =IFERROR(SUMIFS('PU CAST'!$AI$10:$AI$150,'PU CAST'!$AA$10:$AA$150,"DE",'PU CAST'!$AK$10:$AK$150,$B27),0) -> 574.5363 | N27: =M27*6 -> 3447.2178 | O27: Tubo DN 14'' sch 40 | P27: Ø 355,6 mm x Comp. 1196,8 mm | Q27: 1 | R27: Soluaço | S27: =INDEX(PARÂMETROS!$B$83:$B$101,MATCH($B27,PARÂMETROS!$A$83:$A$101,0)) -> 1438.56 | T27: Flange DN42" BUMPER | U27: Ø750 x 580 x 1/4 | V27: 1 | W27: OXIMETAL | X27: =INDEX(PARÂMETROS!$C$83:$C$101,MATCH($B27,PARÂMETROS!$A$83:$A$101,0)) -> 508 | Y27: =X27*2 -> 1016 | Z27: =AA27/2 -> 13.735 | AA27: =2*13.735 -> 27.47 | AB27: =Z27*PARÂMETROS!$E$6 -> 548.43855 | AC27: =AB27*2 -> 1096.8771 | AD27: Flange DN42" BUMPER | AE27: Ø750 x 580 x 1/4 | AF27: 1 | AG27: OXIMETAL | AH27: =INDEX(PARÂMETROS!$D$83:$D$101,MATCH($B27,PARÂMETROS!$A$83:$A$101,0)) -> 508 | AI27: =AH27*2 -> 1016 | AJ27: Parafuso Sextavado Aço Carbono | AK27: 1/2" × 15" | AL27: 48 | AM27: =INDEX(PARÂMETROS!$E$83:$E$101,MATCH($B27,PARÂMETROS!$A$83:$A$101,0)) -> 24.5 | AN27: =AM27*AL27 -> 1176 | AO27: Arruela lisa 1/2" | AP27: 1/2'' | AQ27: 48 | AR27: =INDEX(PARÂMETROS!$F$83:$F$101,MATCH($B27,PARÂMETROS!$A$83:$A$101,0)) -> 0.6 | AS27: =AR27*AQ27 -> 28.8 | AT27: Porcas Travantes Parlock 1/2" | AU27: 1/2'' | AV27: 48 | AW27: =INDEX(PARÂMETROS!$G$83:$G$101,MATCH($B27,PARÂMETROS!$A$83:$A$101,0)) -> 0.8 | AX27: =AW27*AV27 -> 38.4 | AY27: =F27+J27+N27 -> 11504.769 | AZ27: =S27+Y27+AC27+AI27 -> 4567.4371 | BA27: =AN27+AS27+AX27 -> 1243.2 | BB27: =AY27+AZ27+BA27 -> 17315.406 | BC27: =PARÂMETROS!$H$3 -> 40 | BD27: 0.39027778 | BE27: =(BD27*BC27)*24 -> 374.66667 | BF27: 1 | BG27: =BE27/BF27 -> 374.66667 | BH27: =BB27+BG27 -> 17690.073 | BI27: 120 | BJ27: =BH27+BI27 -> 17810.073
N29: PARA O CUSTO FINAL COM OS ACESSORIOS, CONSIDERAR A COLUNA "S"
A30: ➕ CONFIGURADOR DE CUSTOS ADICIONAIS — ITENS DA ABA ELC_MG_PC (marque SIM para incluir no custo total)
A31: MODELO | B31: DN | C31: ELC (AÇO)? | D31: CUSTO ELC (AÇO) + CALANDRA | E31: ELP (PP)? | F31: CUSTO ELP (PP) + CALANDRA | G31: CINTA MAGNÉTICA? | H31: CUSTO CINTA MAGNÉTICA | I31: PLACA CALIBRADORA? | J31: CUSTO PLACA CALIBRADORA | K31: ALOJAMENTO? | L31: CUSTO ALOJAMENTO | M31: CUSTO ADICIONAL TOTAL | N31: CUSTO TOTAL CONFIGURADO (LBD + ADICIONAIS) | O31: QTD ACESSÓRIOS SELECIONADOS | P31: CUSTO UNIT. ESPAÇADOR (DE) | Q31: CUSTO TOTAL ESPAÇADORES | R31: CUSTO CHEIO LBD PADRÃO (HH+MP) | S31: CUSTO ADICIONAL FINAL (COM ESPAÇADORES)
A32: LBD-DG2-DS4 | B32: 2 | C32: NÃO | D32: =IF(C32="SIM",IFERROR(INDEX(ELC_MG_PC!$J$4:$J$25,MATCH($B32,ELC_MG_PC!$C$4:$C$25,0)),0)+IFERROR(INDEX($B$77:$B$99,MATCH("DN"&$B32,$A$77:$A$99,0)),0),0) -> 0 | E32: NÃO | F32: =IF(E32="SIM",IFERROR(INDEX(ELC_MG_PC!$J$26:$J$47,MATCH($B32,ELC_MG_PC!$C$26:$C$47,0)),0)+IFERROR(INDEX($B$77:$B$99,MATCH("DN"&$B32,$A$77:$A$99,0)),0),0) -> 0 | G32: NÃO | H32: =IF(G32="SIM",IFERROR(INDEX(ELC_MG_PC!$J$48:$J$69,MATCH($B32,ELC_MG_PC!$C$48:$C$69,0)),0),0) -> 0 | I32: NÃO | J32: =IF(I32="SIM",IFERROR(INDEX(ELC_MG_PC!$J$70:$J$91,MATCH($B32,ELC_MG_PC!$C$70:$C$91,0)),0),0) -> 0 | K32: NÃO | L32: =IF(K32="SIM",BI6,0) -> 0 | M32: =D32+F32+H32+J32+L32 -> 0 | N32: =R32+M32 -> 429.21333 | O32: =(C32="SIM")+(E32="SIM")+(G32="SIM")+(I32="SIM") -> 0 | P32: =IFERROR(INDEX('PU CAST'!$T$54:$T$75,MATCH($B32,'PU CAST'!$S$54:$S$75,0)),0) -> 0 | Q32: =O32*P32 -> 0 | R32: =BH6 -> 429.21333 | S32: =Q32+N32 -> 429.21333
A33: LBD-DG2-DS4 | B33: 3 | C33: NÃO | D33: =IF(C33="SIM",IFERROR(INDEX(ELC_MG_PC!$J$4:$J$25,MATCH($B33,ELC_MG_PC!$C$4:$C$25,0)),0)+IFERROR(INDEX($B$77:$B$99,MATCH("DN"&$B33,$A$77:$A$99,0)),0),0) -> 0 | E33: NÃO | F33: =IF(E33="SIM",IFERROR(INDEX(ELC_MG_PC!$J$26:$J$47,MATCH($B33,ELC_MG_PC!$C$26:$C$47,0)),0)+IFERROR(INDEX($B$77:$B$99,MATCH("DN"&$B33,$A$77:$A$99,0)),0),0) -> 0 | G33: NÃO | H33: =IF(G33="SIM",IFERROR(INDEX(ELC_MG_PC!$J$48:$J$69,MATCH($B33,ELC_MG_PC!$C$48:$C$69,0)),0),0) -> 0 | I33: NÃO | J33: =IF(I33="SIM",IFERROR(INDEX(ELC_MG_PC!$J$70:$J$91,MATCH($B33,ELC_MG_PC!$C$70:$C$91,0)),0),0) -> 0 | K33: NÃO | L33: =IF(K33="SIM",BI7,0) -> 0 | M33: =D33+F33+H33+J33+L33 -> 0 | N33: =R33+M33 -> 434.93333 | O33: =(C33="SIM")+(E33="SIM")+(G33="SIM")+(I33="SIM") -> 0 | P33: =IFERROR(INDEX('PU CAST'!$T$54:$T$75,MATCH($B33,'PU CAST'!$S$54:$S$75,0)),0) -> 0 | Q33: =O33*P33 -> 0 | R33: =BH7 -> 434.93333 | S33: =Q33+N33 -> 434.93333
A34: LBD-DG2-DS4 | B34: 4 | C34: NÃO | D34: =IF(C34="SIM",IFERROR(INDEX(ELC_MG_PC!$J$4:$J$25,MATCH($B34,ELC_MG_PC!$C$4:$C$25,0)),0)+IFERROR(INDEX($B$77:$B$99,MATCH("DN"&$B34,$A$77:$A$99,0)),0),0) -> 0 | E34: NÃO | F34: =IF(E34="SIM",IFERROR(INDEX(ELC_MG_PC!$J$26:$J$47,MATCH($B34,ELC_MG_PC!$C$26:$C$47,0)),0)+IFERROR(INDEX($B$77:$B$99,MATCH("DN"&$B34,$A$77:$A$99,0)),0),0) -> 0 | G34: NÃO | H34: =IF(G34="SIM",IFERROR(INDEX(ELC_MG_PC!$J$48:$J$69,MATCH($B34,ELC_MG_PC!$C$48:$C$69,0)),0),0) -> 0 | I34: NÃO | J34: =IF(I34="SIM",IFERROR(INDEX(ELC_MG_PC!$J$70:$J$91,MATCH($B34,ELC_MG_PC!$C$70:$C$91,0)),0),0) -> 0 | K34: NÃO | L34: =IF(K34="SIM",BI8,0) -> 0 | M34: =D34+F34+H34+J34+L34 -> 0 | N34: =R34+M34 -> 447.77333 | O34: =(C34="SIM")+(E34="SIM")+(G34="SIM")+(I34="SIM") -> 0 | P34: =IFERROR(INDEX('PU CAST'!$T$54:$T$75,MATCH($B34,'PU CAST'!$S$54:$S$75,0)),0) -> 0 | Q34: =O34*P34 -> 0 | R34: =BH8 -> 447.77333 | S34: =Q34+N34 -> 447.77333
A35: LBD-DG2-DS4 | B35: 6 | C35: NÃO | D35: =IF(C35="SIM",IFERROR(INDEX(ELC_MG_PC!$J$4:$J$25,MATCH($B35,ELC_MG_PC!$C$4:$C$25,0)),0)+IFERROR(INDEX($B$77:$B$99,MATCH("DN"&$B35,$A$77:$A$99,0)),0),0) -> 0 | E35: NÃO | F35: =IF(E35="SIM",IFERROR(INDEX(ELC_MG_PC!$J$26:$J$47,MATCH($B35,ELC_MG_PC!$C$26:$C$47,0)),0)+IFERROR(INDEX($B$77:$B$99,MATCH("DN"&$B35,$A$77:$A$99,0)),0),0) -> 0 | G35: NÃO | H35: =IF(G35="SIM",IFERROR(INDEX(ELC_MG_PC!$J$48:$J$69,MATCH($B35,ELC_MG_PC!$C$48:$C$69,0)),0),0) -> 0 | I35: NÃO | J35: =IF(I35="SIM",IFERROR(INDEX(ELC_MG_PC!$J$70:$J$91,MATCH($B35,ELC_MG_PC!$C$70:$C$91,0)),0),0) -> 0 | K35: NÃO | L35: =IF(K35="SIM",BI9,0) -> 0 | M35: =D35+F35+H35+J35+L35 -> 0 | N35: =R35+M35 -> 720.57917 | O35: =(C35="SIM")+(E35="SIM")+(G35="SIM")+(I35="SIM") -> 0 | P35: =IFERROR(INDEX('PU CAST'!$T$54:$T$75,MATCH($B35,'PU CAST'!$S$54:$S$75,0)),0) -> 2.584995 | Q35: =O35*P35 -> 0 | R35: =BH9 -> 720.57917 | S35: =Q35+N35 -> 720.57917
A36: LBD-DG2-DS4 | B36: 8 | C36: NÃO | D36: =IF(C36="SIM",IFERROR(INDEX(ELC_MG_PC!$J$4:$J$25,MATCH($B36,ELC_MG_PC!$C$4:$C$25,0)),0)+IFERROR(INDEX($B$77:$B$99,MATCH("DN"&$B36,$A$77:$A$99,0)),0),0) -> 0 | E36: NÃO | F36: =IF(E36="SIM",IFERROR(INDEX(ELC_MG_PC!$J$26:$J$47,MATCH($B36,ELC_MG_PC!$C$26:$C$47,0)),0)+IFERROR(INDEX($B$77:$B$99,MATCH("DN"&$B36,$A$77:$A$99,0)),0),0) -> 0 | G36: NÃO | H36: =IF(G36="SIM",IFERROR(INDEX(ELC_MG_PC!$J$48:$J$69,MATCH($B36,ELC_MG_PC!$C$48:$C$69,0)),0),0) -> 0 | I36: NÃO | J36: =IF(I36="SIM",IFERROR(INDEX(ELC_MG_PC!$J$70:$J$91,MATCH($B36,ELC_MG_PC!$C$70:$C$91,0)),0),0) -> 0 | K36: NÃO | L36: =IF(K36="SIM",BI10,0) -> 0 | M36: =D36+F36+H36+J36+L36 -> 0 | N36: =R36+M36 -> 886.35237 | O36: =(C36="SIM")+(E36="SIM")+(G36="SIM")+(I36="SIM") -> 0 | P36: =IFERROR(INDEX('PU CAST'!$T$54:$T$75,MATCH($B36,'PU CAST'!$S$54:$S$75,0)),0) -> 4.948419 | Q36: =O36*P36 -> 0 | R36: =BH10 -> 886.35237 | S36: =Q36+N36 -> 886.35237
A37: LBD-DG2-DS4 | B37: 10 | C37: NÃO | D37: =IF(C37="SIM",IFERROR(INDEX(ELC_MG_PC!$J$4:$J$25,MATCH($B37,ELC_MG_PC!$C$4:$C$25,0)),0)+IFERROR(INDEX($B$77:$B$99,MATCH("DN"&$B37,$A$77:$A$99,0)),0),0) -> 0 | E37: NÃO | F37: =IF(E37="SIM",IFERROR(INDEX(ELC_MG_PC!$J$26:$J$47,MATCH($B37,ELC_MG_PC!$C$26:$C$47,0)),0)+IFERROR(INDEX($B$77:$B$99,MATCH("DN"&$B37,$A$77:$A$99,0)),0),0) -> 0 | G37: NÃO | H37: =IF(G37="SIM",IFERROR(INDEX(ELC_MG_PC!$J$48:$J$69,MATCH($B37,ELC_MG_PC!$C$48:$C$69,0)),0),0) -> 0 | I37: NÃO | J37: =IF(I37="SIM",IFERROR(INDEX(ELC_MG_PC!$J$70:$J$91,MATCH($B37,ELC_MG_PC!$C$70:$C$91,0)),0),0) -> 0 | K37: NÃO | L37: =IF(K37="SIM",BI11,0) -> 0 | M37: =D37+F37+H37+J37+L37 -> 0 | N37: =R37+M37 -> 1079.0991 | O37: =(C37="SIM")+(E37="SIM")+(G37="SIM")+(I37="SIM") -> 0 | P37: =IFERROR(INDEX('PU CAST'!$T$54:$T$75,MATCH($B37,'PU CAST'!$S$54:$S$75,0)),0) -> 6.425559 | Q37: =O37*P37 -> 0 | R37: =BH11 -> 1079.0991 | S37: =Q37+N37 -> 1079.0991
A38: LBD-DG2-DS4 | B38: 12 | C38: NÃO | D38: =IF(C38="SIM",IFERROR(INDEX(ELC_MG_PC!$J$4:$J$25,MATCH($B38,ELC_MG_PC!$C$4:$C$25,0)),0)+IFERROR(INDEX($B$77:$B$99,MATCH("DN"&$B38,$A$77:$A$99,0)),0),0) -> 0 | E38: NÃO | F38: =IF(E38="SIM",IFERROR(INDEX(ELC_MG_PC!$J$26:$J$47,MATCH($B38,ELC_MG_PC!$C$26:$C$47,0)),0)+IFERROR(INDEX($B$77:$B$99,MATCH("DN"&$B38,$A$77:$A$99,0)),0),0) -> 0 | G38: NÃO | H38: =IF(G38="SIM",IFERROR(INDEX(ELC_MG_PC!$J$48:$J$69,MATCH($B38,ELC_MG_PC!$C$48:$C$69,0)),0),0) -> 0 | I38: NÃO | J38: =IF(I38="SIM",IFERROR(INDEX(ELC_MG_PC!$J$70:$J$91,MATCH($B38,ELC_MG_PC!$C$70:$C$91,0)),0),0) -> 0 | K38: NÃO | L38: =IF(K38="SIM",BI12,0) -> 0 | M38: =D38+F38+H38+J38+L38 -> 0 | N38: =R38+M38 -> 1454.0179 | O38: =(C38="SIM")+(E38="SIM")+(G38="SIM")+(I38="SIM") -> 0 | P38: =IFERROR(INDEX('PU CAST'!$T$54:$T$75,MATCH($B38,'PU CAST'!$S$54:$S$75,0)),0) -> 10.389218 | Q38: =O38*P38 -> 0 | R38: =BH12 -> 1454.0179 | S38: =Q38+N38 -> 1454.0179
A39: LBD-DG2-DS4 | B39: 14 | C39: NÃO | D39: =IF(C39="SIM",IFERROR(INDEX(ELC_MG_PC!$J$4:$J$25,MATCH($B39,ELC_MG_PC!$C$4:$C$25,0)),0)+IFERROR(INDEX($B$77:$B$99,MATCH("DN"&$B39,$A$77:$A$99,0)),0),0) -> 0 | E39: NÃO | F39: =IF(E39="SIM",IFERROR(INDEX(ELC_MG_PC!$J$26:$J$47,MATCH($B39,ELC_MG_PC!$C$26:$C$47,0)),0)+IFERROR(INDEX($B$77:$B$99,MATCH("DN"&$B39,$A$77:$A$99,0)),0),0) -> 0 | G39: NÃO | H39: =IF(G39="SIM",IFERROR(INDEX(ELC_MG_PC!$J$48:$J$69,MATCH($B39,ELC_MG_PC!$C$48:$C$69,0)),0),0) -> 0 | I39: NÃO | J39: =IF(I39="SIM",IFERROR(INDEX(ELC_MG_PC!$J$70:$J$91,MATCH($B39,ELC_MG_PC!$C$70:$C$91,0)),0),0) -> 0 | K39: NÃO | L39: =IF(K39="SIM",BI13,0) -> 0 | M39: =D39+F39+H39+J39+L39 -> 0 | N39: =R39+M39 -> 1635.2635 | O39: =(C39="SIM")+(E39="SIM")+(G39="SIM")+(I39="SIM") -> 0 | P39: =IFERROR(INDEX('PU CAST'!$T$54:$T$75,MATCH($B39,'PU CAST'!$S$54:$S$75,0)),0) -> 16.026969 | Q39: =O39*P39 -> 0 | R39: =BH13 -> 1635.2635 | S39: =Q39+N39 -> 1635.2635
A40: LBD-DG2-DS4 | B40: 16 | C40: SIM | D40: =IF(C40="SIM",IFERROR(INDEX(ELC_MG_PC!$J$4:$J$25,MATCH($B40,ELC_MG_PC!$C$4:$C$25,0)),0)+IFERROR(INDEX($B$77:$B$99,MATCH("DN"&$B40,$A$77:$A$99,0)),0),0) -> 477.91357 | E40: NÃO | F40: =IF(E40="SIM",IFERROR(INDEX(ELC_MG_PC!$J$26:$J$47,MATCH($B40,ELC_MG_PC!$C$26:$C$47,0)),0)+IFERROR(INDEX($B$77:$B$99,MATCH("DN"&$B40,$A$77:$A$99,0)),0),0) -> 0 | G40: NÃO | H40: =IF(G40="SIM",IFERROR(INDEX(ELC_MG_PC!$J$48:$J$69,MATCH($B40,ELC_MG_PC!$C$48:$C$69,0)),0),0) -> 0 | I40: NÃO | J40: =IF(I40="SIM",IFERROR(INDEX(ELC_MG_PC!$J$70:$J$91,MATCH($B40,ELC_MG_PC!$C$70:$C$91,0)),0),0) -> 0 | K40: NÃO | L40: =IF(K40="SIM",BI14,0) -> 0 | M40: =D40+F40+H40+J40+L40 -> 477.91357 | N40: =R40+M40 -> 2656.8189 | O40: =(C40="SIM")+(E40="SIM")+(G40="SIM")+(I40="SIM") -> 1 | P40: =IFERROR(INDEX('PU CAST'!$T$54:$T$75,MATCH($B40,'PU CAST'!$S$54:$S$75,0)),0) -> 25.308332 | Q40: =O40*P40 -> 25.308332 | R40: =BH14 -> 2178.9053 | S40: =Q40+N40 -> 2682.1272
A41: LBD-DG2-DS4 | B41: 18 | C41: NÃO | D41: =IF(C41="SIM",IFERROR(INDEX(ELC_MG_PC!$J$4:$J$25,MATCH($B41,ELC_MG_PC!$C$4:$C$25,0)),0)+IFERROR(INDEX($B$77:$B$99,MATCH("DN"&$B41,$A$77:$A$99,0)),0),0) -> 0 | E41: NÃO | F41: =IF(E41="SIM",IFERROR(INDEX(ELC_MG_PC!$J$26:$J$47,MATCH($B41,ELC_MG_PC!$C$26:$C$47,0)),0)+IFERROR(INDEX($B$77:$B$99,MATCH("DN"&$B41,$A$77:$A$99,0)),0),0) -> 0 | G41: NÃO | H41: =IF(G41="SIM",IFERROR(INDEX(ELC_MG_PC!$J$48:$J$69,MATCH($B41,ELC_MG_PC!$C$48:$C$69,0)),0),0) -> 0 | I41: NÃO | J41: =IF(I41="SIM",IFERROR(INDEX(ELC_MG_PC!$J$70:$J$91,MATCH($B41,ELC_MG_PC!$C$70:$C$91,0)),0),0) -> 0 | K41: NÃO | L41: =IF(K41="SIM",BI15,0) -> 0 | M41: =D41+F41+H41+J41+L41 -> 0 | N41: =R41+M41 -> 2685.8395 | O41: =(C41="SIM")+(E41="SIM")+(G41="SIM")+(I41="SIM") -> 0 | P41: =IFERROR(INDEX('PU CAST'!$T$54:$T$75,MATCH($B41,'PU CAST'!$S$54:$S$75,0)),0) -> 31.733891 | Q41: =O41*P41 -> 0 | R41: =BH15 -> 2685.8395 | S41: =Q41+N41 -> 2685.8395
A42: LBD-DG2-DS4 | B42: 20 | C42: NÃO | D42: =IF(C42="SIM",IFERROR(INDEX(ELC_MG_PC!$J$4:$J$25,MATCH($B42,ELC_MG_PC!$C$4:$C$25,0)),0)+IFERROR(INDEX($B$77:$B$99,MATCH("DN"&$B42,$A$77:$A$99,0)),0),0) -> 0 | E42: NÃO | F42: =IF(E42="SIM",IFERROR(INDEX(ELC_MG_PC!$J$26:$J$47,MATCH($B42,ELC_MG_PC!$C$26:$C$47,0)),0)+IFERROR(INDEX($B$77:$B$99,MATCH("DN"&$B42,$A$77:$A$99,0)),0),0) -> 0 | G42: NÃO | H42: =IF(G42="SIM",IFERROR(INDEX(ELC_MG_PC!$J$48:$J$69,MATCH($B42,ELC_MG_PC!$C$48:$C$69,0)),0),0) -> 0 | I42: NÃO | J42: =IF(I42="SIM",IFERROR(INDEX(ELC_MG_PC!$J$70:$J$91,MATCH($B42,ELC_MG_PC!$C$70:$C$91,0)),0),0) -> 0 | K42: NÃO | L42: =IF(K42="SIM",BI16,0) -> 0 | M42: =D42+F42+H42+J42+L42 -> 0 | N42: =R42+M42 -> 3313.921 | O42: =(C42="SIM")+(E42="SIM")+(G42="SIM")+(I42="SIM") -> 0 | P42: =IFERROR(INDEX('PU CAST'!$T$54:$T$75,MATCH($B42,'PU CAST'!$S$54:$S$75,0)),0) -> 38.528735 | Q42: =O42*P42 -> 0 | R42: =BH16 -> 3313.921 | S42: =Q42+N42 -> 3313.921
A43: LBD-DG2-DS4 | B43: 22 | C43: NÃO | D43: =IF(C43="SIM",IFERROR(INDEX(ELC_MG_PC!$J$4:$J$25,MATCH($B43,ELC_MG_PC!$C$4:$C$25,0)),0)+IFERROR(INDEX($B$77:$B$99,MATCH("DN"&$B43,$A$77:$A$99,0)),0),0) -> 0 | E43: NÃO | F43: =IF(E43="SIM",IFERROR(INDEX(ELC_MG_PC!$J$26:$J$47,MATCH($B43,ELC_MG_PC!$C$26:$C$47,0)),0)+IFERROR(INDEX($B$77:$B$99,MATCH("DN"&$B43,$A$77:$A$99,0)),0),0) -> 0 | G43: NÃO | H43: =IF(G43="SIM",IFERROR(INDEX(ELC_MG_PC!$J$48:$J$69,MATCH($B43,ELC_MG_PC!$C$48:$C$69,0)),0),0) -> 0 | I43: NÃO | J43: =IF(I43="SIM",IFERROR(INDEX(ELC_MG_PC!$J$70:$J$91,MATCH($B43,ELC_MG_PC!$C$70:$C$91,0)),0),0) -> 0 | K43: NÃO | L43: =IF(K43="SIM",BI17,0) -> 0 | M43: =D43+F43+H43+J43+L43 -> 0 | N43: =R43+M43 -> 4052.0359 | O43: =(C43="SIM")+(E43="SIM")+(G43="SIM")+(I43="SIM") -> 0 | P43: =IFERROR(INDEX('PU CAST'!$T$54:$T$75,MATCH($B43,'PU CAST'!$S$54:$S$75,0)),0) -> 64.0094 | Q43: =O43*P43 -> 0 | R43: =BH17 -> 4052.0359 | S43: =Q43+N43 -> 4052.0359
... A53: LBD-DG2-DS4 | B53: 42 | C53: NÃO | D53: =IF(C53="SIM",IFERROR(INDEX(ELC_MG_PC!$J$4:$J$25,MATCH($B53,ELC_MG_PC!$C$4:$C$25,0)),0)+IFERROR(INDEX($B$77:$B$99,MATCH("DN"&$B53,$A$77:$A$99,0)),0),0) -> 0 | E53: NÃO | F53: =IF(E53="SIM",IFERROR(INDEX(ELC_MG_PC!$J$26:$J$47,MATCH($B53,ELC_MG_PC!$C$26:$C$47,0)),0)+IFERROR(INDEX($B$77:$B$99,MATCH("DN"&$B53,$A$77:$A$99,0)),0),0) -> 0 | G53: NÃO | H53: =IF(G53="SIM",IFERROR(INDEX(ELC_MG_PC!$J$48:$J$69,MATCH($B53,ELC_MG_PC!$C$48:$C$69,0)),0),0) -> 0 | I53: NÃO | J53: =IF(I53="SIM",IFERROR(INDEX(ELC_MG_PC!$J$70:$J$91,MATCH($B53,ELC_MG_PC!$C$70:$C$91,0)),0),0) -> 0 | K53: NÃO | L53: =IF(K53="SIM",BI27,0) -> 0 | M53: =D53+F53+H53+J53+L53 -> 0 | N53: =R53+M53 -> 17690.073 | O53: =(C53="SIM")+(E53="SIM")+(G53="SIM")+(I53="SIM") -> 0 | P53: =IFERROR(INDEX('PU CAST'!$T$54:$T$75,MATCH($B53,'PU CAST'!$S$54:$S$75,0)),0) -> 511.20297 | Q53: =O53*P53 -> 0 | R53: =BH27 -> 17690.073 | S53: =Q53+N53 -> 17690.073
A54: ⚠ Para cada acessório (ELC/ELP/CINTA/PLACA) marcado SIM, um Disco Espaçador (DE) da aba PU CAST (mesma polegada/DN) é somado automaticamente ao custo adicional. 2 acessórios selecionados = 2 espaçadores, e assim por diante. "CUSTO ADICIONAL TOTAL" já inclui os espaçadores; "CUSTO TOTAL CONFIGURADO" = Custo Total LBD (MP+HH) + acessórios + espaçadores.
A75: CUSTOS CALANDRA
A76: NOMINAL | B76: 0
A77: DN2 | B77: 0
A78: DN3 | B78: 0
A79: DN4 | B79: 0
A80: DN5 | B80: 0
A81: DN6 | B81: 22.33168
A82: DN8 | B82: 22.33168
A83: DN10 | B83: 62.827632
A84: DN12 | B84: 111.69357
A85: DN14 | B85: 111.69357
A86: DN16 | B86: 111.69357
A87: DN18 | B87: 192.40962
... A99: DN42 | B99: 4010.251

Sheet CORPO MANDRIL
A1: ⬅ PAINEL | B1: CUSTOS CORPO DE PIG: LBD-DG2-DS4 OU LUN
B3: ITEM | C3: DN | D3: CUSTO TOTAL CORPO (TUBO+FLANGES+BUMPER) | E3: CUSTO TOTAL FIXAÇÃO (FIXAÇÃO+PORCA+ARRUELA) | F3: HH | G3: CICLO TOTAL | H3: CUSTO HH CICLO | I3: CUSTO TOTAL | K3: ALOJAMENTO? | L3: CUSTO ALOJAMENTO | M3: CUSTO TOTAL + ALOJAMENTO
B4: CORPO + FIXAÇÃO | C4: 2 | D4: =IFERROR(INDEX(LBD!$AZ$6:$AZ$27,MATCH($C4,LBD!$B$6:$B$27,0)),0) -> 0 | E4: =IFERROR(INDEX(LBD!$BA$6:$BA$27,MATCH($C4,LBD!$B$6:$B$27,0)),0) -> 0 | F4: =PARÂMETROS!$H$3 -> 40 | G4: 0.049490741 | H4: =(G4*F4)*24 -> 47.511111 | I4: =H4+D4 -> 47.511111 | K4: NÃO | L4: =IFERROR(IF($K4="SIM",INDEX(LBD!$BI$6:$BI$27,MATCH($C4,LBD!$B$6:$B$27,0)),0),0) -> 0 | M4: =I4+L4 -> 47.511111
B5: CORPO + FIXAÇÃO | C5: 3 | D5: =IFERROR(INDEX(LBD!$AZ$6:$AZ$27,MATCH($C5,LBD!$B$6:$B$27,0)),0) -> 0 | E5: =IFERROR(INDEX(LBD!$BA$6:$BA$27,MATCH($C5,LBD!$B$6:$B$27,0)),0) -> 0 | F5: =PARÂMETROS!$H$3 -> 40 | G5: 0.049490741 | H5: =(G5*F5)*24 -> 47.511111 | I5: =H5+D5 -> 47.511111 | K5: NÃO | L5: =IFERROR(IF($K5="SIM",INDEX(LBD!$BI$6:$BI$27,MATCH($C5,LBD!$B$6:$B$27,0)),0),0) -> 0 | M5: =I5+L5 -> 47.511111
B6: CORPO + FIXAÇÃO | C6: 4 | D6: =IFERROR(INDEX(LBD!$AZ$6:$AZ$27,MATCH($C6,LBD!$B$6:$B$27,0)),0) -> 0 | E6: =IFERROR(INDEX(LBD!$BA$6:$BA$27,MATCH($C6,LBD!$B$6:$B$27,0)),0) -> 0 | F6: =PARÂMETROS!$H$3 -> 40 | G6: 0.063398148 | H6: =(G6*F6)*24 -> 60.862222 | I6: =H6+D6 -> 60.862222 | K6: NÃO | L6: =IFERROR(IF($K6="SIM",INDEX(LBD!$BI$6:$BI$27,MATCH($C6,LBD!$B$6:$B$27,0)),0),0) -> 0 | M6: =I6+L6 -> 60.862222
B7: CORPO + FIXAÇÃO | C7: 6 | D7: =IFERROR(INDEX(LBD!$AZ$6:$AZ$27,MATCH($C7,LBD!$B$6:$B$27,0)),0) -> 117.9853 | E7: =IFERROR(INDEX(LBD!$BA$6:$BA$27,MATCH($C7,LBD!$B$6:$B$27,0)),0) -> 100.8 | F7: =PARÂMETROS!$H$3 -> 40 | G7: 0.079212963 | H7: =(G7*F7)*24 -> 76.044444 | I7: =H7+E7+D7 -> 294.82974 | K7: NÃO | L7: =IFERROR(IF($K7="SIM",INDEX(LBD!$BI$6:$BI$27,MATCH($C7,LBD!$B$6:$B$27,0)),0),0) -> 0 | M7: =I7+L7 -> 294.82974
B8: CORPO + FIXAÇÃO | C8: 8 | D8: =IFERROR(INDEX(LBD!$AZ$6:$AZ$27,MATCH($C8,LBD!$B$6:$B$27,0)),0) -> 161.25186 | E8: =IFERROR(INDEX(LBD!$BA$6:$BA$27,MATCH($C8,LBD!$B$6:$B$27,0)),0) -> 158.4 | F8: =PARÂMETROS!$H$3 -> 40 | G8: 0.097569444 | H8: =(G8*F8)*24 -> 93.666667 | I8: =H8+E8+D8 -> 413.31853 | K8: NÃO | L8: =IFERROR(IF($K8="SIM",INDEX(LBD!$BI$6:$BI$27,MATCH($C8,LBD!$B$6:$B$27,0)),0),0) -> 0 | M8: =I8+L8 -> 413.31853
B9: CORPO + FIXAÇÃO | C9: 10 | D9: =IFERROR(INDEX(LBD!$AZ$6:$AZ$27,MATCH($C9,LBD!$B$6:$B$27,0)),0) -> 247.64346 | E9: =IFERROR(INDEX(LBD!$BA$6:$BA$27,MATCH($C9,LBD!$B$6:$B$27,0)),0) -> 174.4 | F9: =PARÂMETROS!$H$3 -> 40 | G9: 0.097569444 | H9: =(G9*F9)*24 -> 93.666667 | I9: =H9+E9+D9 -> 515.71013 | K9: NÃO | L9: =IFERROR(IF($K9="SIM",INDEX(LBD!$BI$6:$BI$27,MATCH($C9,LBD!$B$6:$B$27,0)),0),0) -> 0 | M9: =I9+L9 -> 515.71013
B10: CORPO + FIXAÇÃO | C10: 12 | D10: =IFERROR(INDEX(LBD!$AZ$6:$AZ$27,MATCH($C10,LBD!$B$6:$B$27,0)),0) -> 353.50092 | E10: =IFERROR(INDEX(LBD!$BA$6:$BA$27,MATCH($C10,LBD!$B$6:$B$27,0)),0) -> 190.4 | F10: =PARÂMETROS!$H$3 -> 40 | G10: 0.097569444 | H10: =(G10*F10)*24 -> 93.666667 | I10: =H10+E10+D10 -> 637.56759 | K10: NÃO | L10: =IFERROR(IF($K10="SIM",INDEX(LBD!$BI$6:$BI$27,MATCH($C10,LBD!$B$6:$B$27,0)),0),0) -> 0 | M10: =I10+L10 -> 637.56759
B11: CORPO + FIXAÇÃO | C11: 14 | D11: =IFERROR(INDEX(LBD!$AZ$6:$AZ$27,MATCH($C11,LBD!$B$6:$B$27,0)),0) -> 418.18886 | E11: =IFERROR(INDEX(LBD!$BA$6:$BA$27,MATCH($C11,LBD!$B$6:$B$27,0)),0) -> 190.4 | F11: =PARÂMETROS!$H$3 -> 40 | G11: 0.097569444 | H11: =(G11*F11)*24 -> 93.666667 | I11: =H11+E11+D11 -> 702.25553 | K11: NÃO | L11: =IFERROR(IF($K11="SIM",INDEX(LBD!$BI$6:$BI$27,MATCH($C11,LBD!$B$6:$B$27,0)),0),0) -> 0 | M11: =I11+L11 -> 702.25553
B12: CORPO + FIXAÇÃO | C12: 16 | D12: =IFERROR(INDEX(LBD!$AZ$6:$AZ$27,MATCH($C12,LBD!$B$6:$B$27,0)),0) -> 480.49608 | E12: =IFERROR(INDEX(LBD!$BA$6:$BA$27,MATCH($C12,LBD!$B$6:$B$27,0)),0) -> 214.4 | F12: =PARÂMETROS!$H$3 -> 40 | G12: 0.19513889 | H12: =(G12*F12)*24 -> 187.33333 | I12: =H12+E12+D12 -> 882.22941 | K12: NÃO | L12: =IFERROR(IF($K12="SIM",INDEX(LBD!$BI$6:$BI$27,MATCH($C12,LBD!$B$6:$B$27,0)),0),0) -> 0 | M12: =I12+L12 -> 882.22941
B13: CORPO + FIXAÇÃO | C13: 18 | D13: =IFERROR(INDEX(LBD!$AZ$6:$AZ$27,MATCH($C13,LBD!$B$6:$B$27,0)),0) -> 750.13954 | E13: =IFERROR(INDEX(LBD!$BA$6:$BA$27,MATCH($C13,LBD!$B$6:$B$27,0)),0) -> 230.4 | F13: =PARÂMETROS!$H$3 -> 40 | G13: 0.19513889 | H13: =(G13*F13)*24 -> 187.33333 | I13: =H13+E13+D13 -> 1167.8729 | K13: NÃO | L13: =IFERROR(IF($K13="SIM",INDEX(LBD!$BI$6:$BI$27,MATCH($C13,LBD!$B$6:$B$27,0)),0),0) -> 0 | M13: =I13+L13 -> 1167.8729
B14: CORPO + FIXAÇÃO | C14: 20 | D14: =IFERROR(INDEX(LBD!$AZ$6:$AZ$27,MATCH($C14,LBD!$B$6:$B$27,0)),0) -> 1101.3809 | E14: =IFERROR(INDEX(LBD!$BA$6:$BA$27,MATCH($C14,LBD!$B$6:$B$27,0)),0) -> 345.6 | F14: =PARÂMETROS!$H$3 -> 40 | G14: 0.19513889 | H14: =(G14*F14)*24 -> 187.33333 | I14: =H14+E14+D14 -> 1634.3142 | K14: NÃO | L14: =IFERROR(IF($K14="SIM",INDEX(LBD!$BI$6:$BI$27,MATCH($C14,LBD!$B$6:$B$27,0)),0),0) -> 0 | M14: =I14+L14 -> 1634.3142
B15: CORPO + FIXAÇÃO | C15: 22 | D15: =IFERROR(INDEX(LBD!$AZ$6:$AZ$27,MATCH($C15,LBD!$B$6:$B$27,0)),0) -> 1385.636 | E15: =IFERROR(INDEX(LBD!$BA$6:$BA$27,MATCH($C15,LBD!$B$6:$B$27,0)),0) -> 403.2 | F15: =PARÂMETROS!$H$3 -> 40 | G15: 0.19513889 | H15: =(G15*F15)*24 -> 187.33333 | I15: =H15+E15+D15 -> 1976.1693 | K15: NÃO | L15: =IFERROR(IF($K15="SIM",INDEX(LBD!$BI$6:$BI$27,MATCH($C15,LBD!$B$6:$B$27,0)),0),0) -> 0 | M15: =I15+L15 -> 1976.1693
B16: CORPO + FIXAÇÃO | C16: 24 | D16: =IFERROR(INDEX(LBD!$AZ$6:$AZ$27,MATCH($C16,LBD!$B$6:$B$27,0)),0) -> 1454.8656 | E16: =IFERROR(INDEX(LBD!$BA$6:$BA$27,MATCH($C16,LBD!$B$6:$B$27,0)),0) -> 508.8 | F16: =PARÂMETROS!$H$3 -> 40 | G16: 0.19513889 | H16: =(G16*F16)*24 -> 187.33333 | I16: =H16+E16+D16 -> 2150.999 | K16: NÃO | L16: =IFERROR(IF($K16="SIM",INDEX(LBD!$BI$6:$BI$27,MATCH($C16,LBD!$B$6:$B$27,0)),0),0) -> 0 | M16: =I16+L16 -> 2150.999
B17: CORPO + FIXAÇÃO | C17: 26 | D17: =IFERROR(INDEX(LBD!$AZ$6:$AZ$27,MATCH($C17,LBD!$B$6:$B$27,0)),0) -> 1546.5656 | E17: =IFERROR(INDEX(LBD!$BA$6:$BA$27,MATCH($C17,LBD!$B$6:$B$27,0)),0) -> 508.8 | F17: =PARÂMETROS!$H$3 -> 40 | G17: 0.19513889 | H17: =(G17*F17)*24 -> 187.33333 | I17: =H17+E17+D17 -> 2242.699 | K17: NÃO | L17: =IFERROR(IF($K17="SIM",INDEX(LBD!$BI$6:$BI$27,MATCH($C17,LBD!$B$6:$B$27,0)),0),0) -> 0 | M17: =I17+L17 -> 2242.699
B18: CORPO + FIXAÇÃO | C18: 28 | D18: =IFERROR(INDEX(LBD!$AZ$6:$AZ$27,MATCH($C18,LBD!$B$6:$B$27,0)),0) -> 2777.9408 | E18: =IFERROR(INDEX(LBD!$BA$6:$BA$27,MATCH($C18,LBD!$B$6:$B$27,0)),0) -> 572.8 | F18: =PARÂMETROS!$H$3 -> 40 | G18: 0.19513889 | H18: =(G18*F18)*24 -> 187.33333 | I18: =H18+E18+D18 -> 3538.0741 | K18: NÃO | L18: =IFERROR(IF($K18="SIM",INDEX(LBD!$BI$6:$BI$27,MATCH($C18,LBD!$B$6:$B$27,0)),0),0) -> 0 | M18: =I18+L18 -> 3538.0741
... B25: CORPO + FIXAÇÃO | C25: 42 | D25: =IFERROR(INDEX(LBD!$AZ$6:$AZ$27,MATCH($C25,LBD!$B$6:$B$27,0)),0) -> 4567.4371 | E25: =IFERROR(INDEX(LBD!$BA$6:$BA$27,MATCH($C25,LBD!$B$6:$B$27,0)),0) -> 1243.2 | F25: =PARÂMETROS!$H$3 -> 40 | G25: 0.19513889 | H25: =(G25*F25)*24 -> 187.33333 | I25: =H25+E25+D25 -> 5997.9704 | K25: NÃO | L25: =IFERROR(IF($K25="SIM",INDEX(LBD!$BI$6:$BI$27,MATCH($C25,LBD!$B$6:$B$27,0)),0),0) -> 0 | M25: =I25+L25 -> 5997.9704
B28: CUSTOS CORPO DE PIG: LBD-DG2-DS4-ELC OU LUN-ELC
B30: ITEM | C30: DN | D30: CUSTO TOTAL CORPO (TUBO+FLANGES+BUMPER) | E30: CUSTO TOTAL FIXAÇÃO (FIXAÇÃO+PORCA+ARRUELA) | F30: HH | G30: CICLO TOTAL | H30: CUSTO HH CICLO | I30: CUSTO CALANDRA | J30: CUSTO TOTAL | K30: ALOJAMENTO? | L30: CUSTO ALOJAMENTO | M30: CUSTO TOTAL + ALOJAMENTO
B31: CORPO + FIXAÇÃO | C31: 2 | D31: =IFERROR(INDEX(LBD!$AZ$6:$AZ$27,MATCH($C31,LBD!$B$6:$B$27,0)),0) -> 0 | E31: =IFERROR(INDEX(LBD!$BA$6:$BA$27,MATCH($C31,LBD!$B$6:$B$27,0)),0) -> 0 | F31: =PARÂMETROS!$H$3 -> 40 | G31: 0.049490741 | H31: =(G31*F31)*24 -> 47.511111 | I31: =IFERROR(INDEX(LBD!$B$77:$B$99,MATCH("DN"&$C31,LBD!$A$77:$A$99,0)),0) -> 0 | J31: =D31+E31+H31+I31 -> 47.511111 | K31: NÃO | L31: =IFERROR(IF($K31="SIM",INDEX(LBD!$BI$6:$BI$27,MATCH($C31,LBD!$B$6:$B$27,0)),0),0) -> 0 | M31: =J31+L31 -> 47.511111
B32: CORPO + FIXAÇÃO | C32: 3 | D32: =IFERROR(INDEX(LBD!$AZ$6:$AZ$27,MATCH($C32,LBD!$B$6:$B$27,0)),0) -> 0 | E32: =IFERROR(INDEX(LBD!$BA$6:$BA$27,MATCH($C32,LBD!$B$6:$B$27,0)),0) -> 0 | F32: =PARÂMETROS!$H$3 -> 40 | G32: 0.049490741 | H32: =(G32*F32)*24 -> 47.511111 | I32: =IFERROR(INDEX(LBD!$B$77:$B$99,MATCH("DN"&$C32,LBD!$A$77:$A$99,0)),0) -> 0 | J32: =D32+E32+H32+I32 -> 47.511111 | K32: NÃO | L32: =IFERROR(IF($K32="SIM",INDEX(LBD!$BI$6:$BI$27,MATCH($C32,LBD!$B$6:$B$27,0)),0),0) -> 0 | M32: =J32+L32 -> 47.511111
B33: CORPO + FIXAÇÃO | C33: 4 | D33: =IFERROR(INDEX(LBD!$AZ$6:$AZ$27,MATCH($C33,LBD!$B$6:$B$27,0)),0) -> 0 | E33: =IFERROR(INDEX(LBD!$BA$6:$BA$27,MATCH($C33,LBD!$B$6:$B$27,0)),0) -> 0 | F33: =PARÂMETROS!$H$3 -> 40 | G33: 0.063398148 | H33: =(G33*F33)*24 -> 60.862222 | I33: =IFERROR(INDEX(LBD!$B$77:$B$99,MATCH("DN"&$C33,LBD!$A$77:$A$99,0)),0) -> 0 | J33: =D33+E33+H33+I33 -> 60.862222 | K33: NÃO | L33: =IFERROR(IF($K33="SIM",INDEX(LBD!$BI$6:$BI$27,MATCH($C33,LBD!$B$6:$B$27,0)),0),0) -> 0 | M33: =J33+L33 -> 60.862222
B34: CORPO + FIXAÇÃO | C34: 6 | D34: =IFERROR(INDEX(LBD!$AZ$6:$AZ$27,MATCH($C34,LBD!$B$6:$B$27,0)),0) -> 117.9853 | E34: =IFERROR(INDEX(LBD!$BA$6:$BA$27,MATCH($C34,LBD!$B$6:$B$27,0)),0) -> 100.8 | F34: =PARÂMETROS!$H$3 -> 40 | G34: 0.12087963 | H34: =(G34*F34)*24 -> 116.04444 | I34: =IFERROR(INDEX(LBD!$B$77:$B$99,MATCH("DN"&$C34,LBD!$A$77:$A$99,0)),0) -> 22.33168 | J34: =D34+E34+H34+I34 -> 357.16142 | K34: NÃO | L34: =IFERROR(IF($K34="SIM",INDEX(LBD!$BI$6:$BI$27,MATCH($C34,LBD!$B$6:$B$27,0)),0),0) -> 0 | M34: =J34+L34 -> 357.16142
B35: CORPO + FIXAÇÃO | C35: 8 | D35: =IFERROR(INDEX(LBD!$AZ$6:$AZ$27,MATCH($C35,LBD!$B$6:$B$27,0)),0) -> 161.25186 | E35: =IFERROR(INDEX(LBD!$BA$6:$BA$27,MATCH($C35,LBD!$B$6:$B$27,0)),0) -> 158.4 | F35: =PARÂMETROS!$H$3 -> 40 | G35: 0.18090278 | H35: =(G35*F35)*24 -> 173.66667 | I35: =IFERROR(INDEX(LBD!$B$77:$B$99,MATCH("DN"&$C35,LBD!$A$77:$A$99,0)),0) -> 22.33168 | J35: =D35+E35+H35+I35 -> 515.65021 | K35: NÃO | L35: =IFERROR(IF($K35="SIM",INDEX(LBD!$BI$6:$BI$27,MATCH($C35,LBD!$B$6:$B$27,0)),0),0) -> 0 | M35: =J35+L35 -> 515.65021
B36: CORPO + FIXAÇÃO | C36: 10 | D36: =IFERROR(INDEX(LBD!$AZ$6:$AZ$27,MATCH($C36,LBD!$B$6:$B$27,0)),0) -> 247.64346 | E36: =IFERROR(INDEX(LBD!$BA$6:$BA$27,MATCH($C36,LBD!$B$6:$B$27,0)),0) -> 174.4 | F36: =PARÂMETROS!$H$3 -> 40 | G36: 0.22256944 | H36: =(G36*F36)*24 -> 213.66667 | I36: =IFERROR(INDEX(LBD!$B$77:$B$99,MATCH("DN"&$C36,LBD!$A$77:$A$99,0)),0) -> 62.827632 | J36: =D36+E36+H36+I36 -> 698.53776 | K36: NÃO | L36: =IFERROR(IF($K36="SIM",INDEX(LBD!$BI$6:$BI$27,MATCH($C36,LBD!$B$6:$B$27,0)),0),0) -> 0 | M36: =J36+L36 -> 698.53776
B37: CORPO + FIXAÇÃO | C37: 12 | D37: =IFERROR(INDEX(LBD!$AZ$6:$AZ$27,MATCH($C37,LBD!$B$6:$B$27,0)),0) -> 353.50092 | E37: =IFERROR(INDEX(LBD!$BA$6:$BA$27,MATCH($C37,LBD!$B$6:$B$27,0)),0) -> 190.4 | F37: =PARÂMETROS!$H$3 -> 40 | G37: 0.26423611 | H37: =(G37*F37)*24 -> 253.66667 | I37: =IFERROR(INDEX(LBD!$B$77:$B$99,MATCH("DN"&$C37,LBD!$A$77:$A$99,0)),0) -> 111.69357 | J37: =D37+E37+H37+I37 -> 909.26115 | K37: NÃO | L37: =IFERROR(IF($K37="SIM",INDEX(LBD!$BI$6:$BI$27,MATCH($C37,LBD!$B$6:$B$27,0)),0),0) -> 0 | M37: =J37+L37 -> 909.26115
B38: CORPO + FIXAÇÃO | C38: 14 | D38: =IFERROR(INDEX(LBD!$AZ$6:$AZ$27,MATCH($C38,LBD!$B$6:$B$27,0)),0) -> 418.18886 | E38: =IFERROR(INDEX(LBD!$BA$6:$BA$27,MATCH($C38,LBD!$B$6:$B$27,0)),0) -> 190.4 | F38: =PARÂMETROS!$H$3 -> 40 | G38: 0.30590278 | H38: =(G38*F38)*24 -> 293.66667 | I38: =IFERROR(INDEX(LBD!$B$77:$B$99,MATCH("DN"&$C38,LBD!$A$77:$A$99,0)),0) -> 111.69357 | J38: =D38+E38+H38+I38 -> 1013.9491 | K38: NÃO | L38: =IFERROR(IF($K38="SIM",INDEX(LBD!$BI$6:$BI$27,MATCH($C38,LBD!$B$6:$B$27,0)),0),0) -> 0 | M38: =J38+L38 -> 1013.9491
B39: CORPO + FIXAÇÃO | C39: 16 | D39: =IFERROR(INDEX(LBD!$AZ$6:$AZ$27,MATCH($C39,LBD!$B$6:$B$27,0)),0) -> 480.49608 | E39: =IFERROR(INDEX(LBD!$BA$6:$BA$27,MATCH($C39,LBD!$B$6:$B$27,0)),0) -> 214.4 | F39: =PARÂMETROS!$H$3 -> 40 | G39: 0.36180556 | H39: =(G39*F39)*24 -> 347.33333 | I39: =IFERROR(INDEX(LBD!$B$77:$B$99,MATCH("DN"&$C39,LBD!$A$77:$A$99,0)),0) -> 111.69357 | J39: =D39+E39+H39+I39 -> 1153.923 | K39: NÃO | L39: =IFERROR(IF($K39="SIM",INDEX(LBD!$BI$6:$BI$27,MATCH($C39,LBD!$B$6:$B$27,0)),0),0) -> 0 | M39: =J39+L39 -> 1153.923
B40: CORPO + FIXAÇÃO | C40: 18 | D40: =IFERROR(INDEX(LBD!$AZ$6:$AZ$27,MATCH($C40,LBD!$B$6:$B$27,0)),0) -> 750.13954 | E40: =IFERROR(INDEX(LBD!$BA$6:$BA$27,MATCH($C40,LBD!$B$6:$B$27,0)),0) -> 230.4 | F40: =PARÂMETROS!$H$3 -> 40 | G40: 0.36180556 | H40: =(G40*F40)*24 -> 347.33333 | I40: =IFERROR(INDEX(LBD!$B$77:$B$99,MATCH("DN"&$C40,LBD!$A$77:$A$99,0)),0) -> 192.40962 | J40: =D40+E40+H40+I40 -> 1520.2825 | K40: NÃO | L40: =IFERROR(IF($K40="SIM",INDEX(LBD!$BI$6:$BI$27,MATCH($C40,LBD!$B$6:$B$27,0)),0),0) -> 0 | M40: =J40+L40 -> 1520.2825
B41: CORPO + FIXAÇÃO | C41: 20 | D41: =IFERROR(INDEX(LBD!$AZ$6:$AZ$27,MATCH($C41,LBD!$B$6:$B$27,0)),0) -> 1101.3809 | E41: =IFERROR(INDEX(LBD!$BA$6:$BA$27,MATCH($C41,LBD!$B$6:$B$27,0)),0) -> 345.6 | F41: =PARÂMETROS!$H$3 -> 40 | G41: 0.36180556 | H41: =(G41*F41)*24 -> 347.33333 | I41: =IFERROR(INDEX(LBD!$B$77:$B$99,MATCH("DN"&$C41,LBD!$A$77:$A$99,0)),0) -> 294.94083 | J41: =D41+E41+H41+I41 -> 2089.2551 | K41: NÃO | L41: =IFERROR(IF($K41="SIM",INDEX(LBD!$BI$6:$BI$27,MATCH($C41,LBD!$B$6:$B$27,0)),0),0) -> 0 | M41: =J41+L41 -> 2089.2551
B42: CORPO + FIXAÇÃO | C42: 22 | D42: =IFERROR(INDEX(LBD!$AZ$6:$AZ$27,MATCH($C42,LBD!$B$6:$B$27,0)),0) -> 1385.636 | E42: =IFERROR(INDEX(LBD!$BA$6:$BA$27,MATCH($C42,LBD!$B$6:$B$27,0)),0) -> 403.2 | F42: =PARÂMETROS!$H$3 -> 40 | G42: 0.36180556 | H42: =(G42*F42)*24 -> 347.33333 | I42: =IFERROR(INDEX(LBD!$B$77:$B$99,MATCH("DN"&$C42,LBD!$A$77:$A$99,0)),0) -> 294.94083 | J42: =D42+E42+H42+I42 -> 2431.1102 | K42: NÃO | L42: =IFERROR(IF($K42="SIM",INDEX(LBD!$BI$6:$BI$27,MATCH($C42,LBD!$B$6:$B$27,0)),0),0) -> 0 | M42: =J42+L42 -> 2431.1102
... B52: CORPO + FIXAÇÃO | C52: 42 | D52: =IFERROR(INDEX(LBD!$AZ$6:$AZ$27,MATCH($C52,LBD!$B$6:$B$27,0)),0) -> 4567.4371 | E52: =IFERROR(INDEX(LBD!$BA$6:$BA$27,MATCH($C52,LBD!$B$6:$B$27,0)),0) -> 1243.2 | F52: =PARÂMETROS!$H$3 -> 40 | G52: 0.36180556 | H52: =(G52*F52)*24 -> 347.33333 | I52: =IFERROR(INDEX(LBD!$B$77:$B$99,MATCH("DN"&$C52,LBD!$A$77:$A$99,0)),0) -> 4010.251 | J52: =D52+E52+H52+I52 -> 10168.221 | K52: NÃO | L52: =IFERROR(IF($K52="SIM",INDEX(LBD!$BI$6:$BI$27,MATCH($C52,LBD!$B$6:$B$27,0)),0),0) -> 0 | M52: =J52+L52 -> 10168.221

Sheet LUN
A1: 🔧 MANDRIL — DETALHAMENTO DE CUSTOS (POLIURETANO + CORPO DE PIG + FIXAÇÃO) — LBD-DG2-DS4
A2: ⚠ Preços de matéria-prima vêm de PARÂMETROS!$F$6. HH (mão de obra) vem de PARÂMETROS!$I$3 — mudando esse valor, o Custo Total + Alojamento de todas as linhas atualiza sozinho.
A3: ⬅ PAINEL | C3: INSERIR A QNT DE COMPONENTES
A4: MODELO | B4: DN | C4: COPO CONICO | F4: DISCO SELO | I4: DISCO GUIA | L4: DISCO ESPAÇADOR | O4: TUBO | T4: FLANGE BUMPER | Z4: BUMPER (ATP 85 — ELASTÔMERO) | AD4: FLANGE SOLDA | AJ4: FIXAÇÃO (PARAFUSO) | AO4: FIXAÇÃO (ARRUELA) | AT4: FIXAÇÃO (PORCA) | AY4: TOTAIS | BC4: MÃO DE OBRA (HH) / CICLO / ESCALONADO / ALOJAMENTO
C5: QTD COPO CÔNICO | D5: CUSTO UNIT. COPO CÔNICO (MP+HH) | E5: CUSTO TOTAL COPO CÔNICO | F5: QTD DISCO SELO | G5: CUSTO UNIT. DS (MP+HH) | H5: CUSTO TOTAL DS | I5: QTD DISCO GUIA | J5: CUSTO UNIT. DG (MP+HH) | K5: CUSTO TOTAL DG | L5: QTD ESPAÇADOR | M5: CUSTO UNIT. DE (MP+HH) | N5: CUSTO TOTAL DE | O5: MATERIAL/DESCRIÇÃO | P5: DIMENSÃO/ESPEC. | Q5: QTD | R5: FORNECEDOR | S5: VALOR (CUSTO TOTAL TUBO) | T5: MATERIAL/DESCRIÇÃO | U5: DIMENSÃO/ESPEC. | V5: QTD | W5: FORNECEDOR | X5: VALOR UNIT. | Y5: CUSTO TOTAL (2X) | Z5: PESO UNID. | AA5: PESO TOTAL (2X) | AB5: CUSTO UNID. | AC5: CUSTO TOTAL (2X) | AD5: MATERIAL/DESCRIÇÃO | AE5: DIMENSÃO/ESPEC. | AF5: QTD | AG5: FORNECEDOR | AH5: VALOR UNIT. | AI5: CUSTO TOTAL (2X) | AJ5: MATERIAL/DESCRIÇÃO | AK5: DIMENSÃO/ESPEC. | AL5: QTD | AM5: VALOR UNIT. | AN5: VALOR TOTAL (CONJ.) | AO5: MATERIAL/DESCRIÇÃO | AP5: DIMENSÃO/ESPEC. | AQ5: QTD | AR5: VALOR UNIT. | AS5: VALOR TOTAL (CONJ.) | AT5: MATERIAL/DESCRIÇÃO | AU5: DIMENSÃO/ESPEC. | AV5: QTD | AW5: VALOR UNIT. | AX5: VALOR TOTAL (CONJ.) | AY5: CUSTO TOTAL PU (COMPONENTES) | AZ5: CUSTO TOTAL CORPO (TUBO+FLANGES+BUMPER) | BA5: CUSTO TOTAL FIXAÇÃLO (PARAFUSO+PORCA+ARRUELA) | BB5: CUSTO TOTAL GERAL | BC5: HH (R$/h) | BD5: CICLO TOTAL | BE5: CUSTO HH CICLO | BF5: QNT PCS | BG5: CUSTO HH ESC/LOTE | BH5: CUSTO TOTAL LBD (MP + HH) | BI5: ALOJAMENTO | BJ5: CUSTO TOTAL + ALOJAMENTO
A6: LUN | B6: 2 | D6: =IFERROR(SUMIFS('PU CAST'!$AI$10:$AI$150,'PU CAST'!$AA$10:$AA$150,"COPO CONICO",'PU CAST'!$AK$10:$AK$150,$B6),0) -> 14.760069 | E6: =C6*D6 -> 0 | G6: =IFERROR(SUMIFS('PU CAST'!$AI$10:$AI$150,'PU CAST'!$AA$10:$AA$150,"DS",'PU CAST'!$AK$10:$AK$150,$B6),0) -> 20.733333 | H6: =F6*G6 -> 0 | J6: =IFERROR(SUMIFS('PU CAST'!$AI$10:$AI$150,'PU CAST'!$AA$10:$AA$150,"DG",'PU CAST'!$AK$10:$AK$150,$B6),0) -> 21.173333 | K6: =I6*J6 -> 0 | L6: 4 | M6: =IFERROR(SUMIFS('PU CAST'!$AI$10:$AI$150,'PU CAST'!$AA$10:$AA$150,"DE",'PU CAST'!$AK$10:$AK$150,$B6),0) -> 19.433333 | N6: =L6*M6 -> 77.733333 | Y6: =X6*2 -> 0 | AC6: =AB6*2 -> 0 | AI6: =AH6*2 -> 0 | AY6: =E6+H6+K6+N6 -> 77.733333 | AZ6: =S6+Y6+AC6+AI6 -> 0 | BA6: =AN6+AS6+AX6 -> 0 | BB6: =AY6+AZ6+BA6 -> 77.733333 | BC6: =PARÂMETROS!$H$3 -> 40 | BD6: 0.19513889 | BE6: =(BD6*BC6)*24 -> 187.33333 | BF6: 1 | BG6: =BE6/BF6 -> 187.33333 | BH6: =BB6+BG6 -> 265.06667 | BI6: 100 | BJ6: =BH6+BI6 -> 365.06667
A7: LUN | B7: 3 | D7: =IFERROR(SUMIFS('PU CAST'!$AI$10:$AI$150,'PU CAST'!$AA$10:$AA$150,"COPO CONICO",'PU CAST'!$AK$10:$AK$150,$B7),0) -> 15.853472 | E7: =C7*D7 -> 0 | G7: =IFERROR(SUMIFS('PU CAST'!$AI$10:$AI$150,'PU CAST'!$AA$10:$AA$150,"DS",'PU CAST'!$AK$10:$AK$150,$B7),0) -> 21.133333 | H7: =F7*G7 -> 0 | J7: =IFERROR(SUMIFS('PU CAST'!$AI$10:$AI$150,'PU CAST'!$AA$10:$AA$150,"DG",'PU CAST'!$AK$10:$AK$150,$B7),0) -> 22.633333 | K7: =I7*J7 -> 0 | L7: 4 | M7: =IFERROR(SUMIFS('PU CAST'!$AI$10:$AI$150,'PU CAST'!$AA$10:$AA$150,"DE",'PU CAST'!$AK$10:$AK$150,$B7),0) -> 19.633333 | N7: =L7*M7 -> 78.533333 | Y7: =X7*2 -> 0 | AC7: =AB7*2 -> 0 | AI7: =AH7*2 -> 0 | AY7: =E7+H7+K7+N7 -> 78.533333 | AZ7: =S7+Y7+AC7+AI7 -> 0 | BA7: =AN7+AS7+AX7 -> 0 | BB7: =AY7+AZ7+BA7 -> 78.533333 | BC7: =PARÂMETROS!$H$3 -> 40 | BD7: 0.19513889 | BE7: =(BD7*BC7)*24 -> 187.33333 | BF7: 1 | BG7: =BE7/BF7 -> 187.33333 | BH7: =BB7+BG7 -> 265.86667 | BI7: 100 | BJ7: =BH7+BI7 -> 365.86667
A8: LUN | B8: 4 | D8: =IFERROR(SUMIFS('PU CAST'!$AI$10:$AI$150,'PU CAST'!$AA$10:$AA$150,"COPO CONICO",'PU CAST'!$AK$10:$AK$150,$B8),0) -> 17.311342 | E8: =C8*D8 -> 0 | G8: =IFERROR(SUMIFS('PU CAST'!$AI$10:$AI$150,'PU CAST'!$AA$10:$AA$150,"DS",'PU CAST'!$AK$10:$AK$150,$B8),0) -> 23.333333 | H8: =F8*G8 -> 0 | J8: =IFERROR(SUMIFS('PU CAST'!$AI$10:$AI$150,'PU CAST'!$AA$10:$AA$150,"DG",'PU CAST'!$AK$10:$AK$150,$B8),0) -> 24.053333 | K8: =I8*J8 -> 0 | L8: 4 | M8: =IFERROR(SUMIFS('PU CAST'!$AI$10:$AI$150,'PU CAST'!$AA$10:$AA$150,"DE",'PU CAST'!$AK$10:$AK$150,$B8),0) -> 19.833333 | N8: =L8*M8 -> 79.333333 | Y8: =X8*2 -> 0 | AC8: =AB8*2 -> 0 | AI8: =AH8*2 -> 0 | AY8: =E8+H8+K8+N8 -> 79.333333 | AZ8: =S8+Y8+AC8+AI8 -> 0 | BA8: =AN8+AS8+AX8 -> 0 | BB8: =AY8+AZ8+BA8 -> 79.333333 | BC8: =PARÂMETROS!$H$3 -> 40 | BD8: 0.19513889 | BE8: =(BD8*BC8)*24 -> 187.33333 | BF8: 1 | BG8: =BE8/BF8 -> 187.33333 | BH8: =BB8+BG8 -> 266.66667 | BI8: 100 | BJ8: =BH8+BI8 -> 366.66667
A9: LUN | B9: 6 | D9: =IFERROR(SUMIFS('PU CAST'!$AI$10:$AI$150,'PU CAST'!$AA$10:$AA$150,"COPO CONICO",'PU CAST'!$AK$10:$AK$150,$B9),0) -> 151.24537 | E9: =C9*D9 -> 0 | G9: =IFERROR(SUMIFS('PU CAST'!$AI$10:$AI$150,'PU CAST'!$AA$10:$AA$150,"DS",'PU CAST'!$AK$10:$AK$150,$B9),0) -> 28.921045 | H9: =F9*G9 -> 0 | J9: =IFERROR(SUMIFS('PU CAST'!$AI$10:$AI$150,'PU CAST'!$AA$10:$AA$150,"DG",'PU CAST'!$AK$10:$AK$150,$B9),0) -> 28.299859 | K9: =I9*J9 -> 0 | L9: 4 | M9: =IFERROR(SUMIFS('PU CAST'!$AI$10:$AI$150,'PU CAST'!$AA$10:$AA$150,"DE",'PU CAST'!$AK$10:$AK$150,$B9),0) -> 23.696106 | N9: =L9*M9 -> 94.784424 | O9: Tubo DN 1.1/2'' sch 40 | P9: Ø 48,3 mm x Comp. 282,4 mm | Q9: 1 | R9: Sucata MC | S9: =INDEX(PARÂMETROS!$B$83:$B$101,MATCH($B9,PARÂMETROS!$A$83:$A$101,0)) -> 21.6 | T9: Flange DN6" BUMPER | U9: Ø95 x 60 x 1/4 | V9: 1 | W9: OXIMETAL | X9: =INDEX(PARÂMETROS!$C$83:$C$101,MATCH($B9,PARÂMETROS!$A$83:$A$101,0)) -> 22 | Y9: =X9*2 -> 44 | Z9: =AA9/2 -> 0.105 | AA9: =2*0.105 -> 0.21 | AB9: =Z9*PARÂMETROS!$E$6 -> 4.19265 | AC9: =AB9*2 -> 8.3853 | AD9: Flange DN6" BUMPER | AE9: Ø95 x 60 x 1/4 | AF9: 1 | AG9: OXIMETAL | AH9: =INDEX(PARÂMETROS!$D$83:$D$101,MATCH($B9,PARÂMETROS!$A$83:$A$101,0)) -> 22 | AI9: =AH9*2 -> 44 | AJ9: Parafuso Sextavado Aço Carbono | AK9: 1/2" × 5,5" | AL9: 12 | AM9: =INDEX(PARÂMETROS!$E$83:$E$101,MATCH($B9,PARÂMETROS!$A$83:$A$101,0)) -> 7 | AN9: =AM9*AL9 -> 84 | AO9: Arruela lisa 1/2" | AP9: 1/2'' | AQ9: 12 | AR9: =INDEX(PARÂMETROS!$F$83:$F$101,MATCH($B9,PARÂMETROS!$A$83:$A$101,0)) -> 0.6 | AS9: =AR9*AQ9 -> 7.2 | AT9: Porcas Travantes Parlock 1/2" | AU9: 1/2'' | AV9: 12 | AW9: =INDEX(PARÂMETROS!$G$83:$G$101,MATCH($B9,PARÂMETROS!$A$83:$A$101,0)) -> 0.8 | AX9: =AW9*AV9 -> 9.6 | AY9: =E9+H9+K9+N9 -> 94.784424 | AZ9: =S9+Y9+AC9+AI9 -> 117.9853 | BA9: =AN9+AS9+AX9 -> 100.8 | BB9: =AY9+AZ9+BA9 -> 313.56972 | BC9: =PARÂMETROS!$H$3 -> 40 | BD9: 0.19513889 | BE9: =(BD9*BC9)*24 -> 187.33333 | BF9: 1 | BG9: =BE9/BF9 -> 187.33333 | BH9: =BB9+BG9 -> 500.90306 | BI9: 100 | BJ9: =BH9+BI9 -> 600.90306
A10: LUN | B10: 8 | D10: =IFERROR(SUMIFS('PU CAST'!$AI$10:$AI$150,'PU CAST'!$AA$10:$AA$150,"COPO CONICO",'PU CAST'!$AK$10:$AK$150,$B10),0) -> 165.82407 | E10: =C10*D10 -> 0 | G10: =IFERROR(SUMIFS('PU CAST'!$AI$10:$AI$150,'PU CAST'!$AA$10:$AA$150,"DS",'PU CAST'!$AK$10:$AK$150,$B10),0) -> 38.672909 | H10: =F10*G10 -> 0 | J10: =IFERROR(SUMIFS('PU CAST'!$AI$10:$AI$150,'PU CAST'!$AA$10:$AA$150,"DG",'PU CAST'!$AK$10:$AK$150,$B10),0) -> 34.159181 | K10: =I10*J10 -> 0 | L10: 4 | M10: =IFERROR(SUMIFS('PU CAST'!$AI$10:$AI$150,'PU CAST'!$AA$10:$AA$150,"DE",'PU CAST'!$AK$10:$AK$150,$B10),0) -> 26.05953 | N10: =L10*M10 -> 104.23812 | O10: Tubo DN 1.1/2'' sch 40 | P10: Ø 48,3 mm x Comp. 333,2 mm | Q10: 1 | R10: Sucata MC | S10: =INDEX(PARÂMETROS!$B$83:$B$101,MATCH($B10,PARÂMETROS!$A$83:$A$101,0)) -> 25.2 | T10: Flange DN8" BUMPER | U10: Ø120 x 60 x 1/4 | V10: 1 | W10: OXIMETAL | X10: =INDEX(PARÂMETROS!$C$83:$C$101,MATCH($B10,PARÂMETROS!$A$83:$A$101,0)) -> 30 | Y10: =X10*2 -> 60 | Z10: =AA10/2 -> 0.201 | AA10: =2*0.201 -> 0.402 | AB10: =Z10*PARÂMETROS!$E$6 -> 8.02593 | AC10: =AB10*2 -> 16.05186 | AD10: Flange DN8" BUMPER | AE10: Ø120 x 60 x 1/4 | AF10: 1 | AG10: OXIMETAL | AH10: =INDEX(PARÂMETROS!$D$83:$D$101,MATCH($B10,PARÂMETROS!$A$83:$A$101,0)) -> 30 | AI10: =AH10*2 -> 60 | AJ10: Parafuso Sextavado Aço Carbono | AK10: 1/2" × 6,5" | AL10: 16 | AM10: =INDEX(PARÂMETROS!$E$83:$E$101,MATCH($B10,PARÂMETROS!$A$83:$A$101,0)) -> 8.5 | AN10: =AM10*AL10 -> 136 | AO10: Arruela lisa 1/2" | AP10: 1/2'' | AQ10: 16 | AR10: =INDEX(PARÂMETROS!$F$83:$F$101,MATCH($B10,PARÂMETROS!$A$83:$A$101,0)) -> 0.6 | AS10: =AR10*AQ10 -> 9.6 | AT10: Porcas Travantes Parlock 1/2" | AU10: 1/2'' | AV10: 16 | AW10: =INDEX(PARÂMETROS!$G$83:$G$101,MATCH($B10,PARÂMETROS!$A$83:$A$101,0)) -> 0.8 | AX10: =AW10*AV10 -> 12.8 | AY10: =E10+H10+K10+N10 -> 104.23812 | AZ10: =S10+Y10+AC10+AI10 -> 161.25186 | BA10: =AN10+AS10+AX10 -> 158.4 | BB10: =AY10+AZ10+BA10 -> 423.88998 | BC10: =PARÂMETROS!$H$3 -> 40 | BD10: 0.19513889 | BE10: =(BD10*BC10)*24 -> 187.33333 | BF10: 1 | BG10: =BE10/BF10 -> 187.33333 | BH10: =BB10+BG10 -> 611.22331 | BI10: 100 | BJ10: =BH10+BI10 -> 711.22331
A11: LUN | B11: 10 | D11: =IFERROR(SUMIFS('PU CAST'!$AI$10:$AI$150,'PU CAST'!$AA$10:$AA$150,"COPO CONICO",'PU CAST'!$AK$10:$AK$150,$B11),0) -> 191.33679 | E11: =C11*D11 -> 0 | F11: 4 | G11: =IFERROR(SUMIFS('PU CAST'!$AI$10:$AI$150,'PU CAST'!$AA$10:$AA$150,"DS",'PU CAST'!$AK$10:$AK$150,$B11),0) -> 54.208345 | H11: =F11*G11 -> 216.83338 | I11: 2 | J11: =IFERROR(SUMIFS('PU CAST'!$AI$10:$AI$150,'PU CAST'!$AA$10:$AA$150,"DG",'PU CAST'!$AK$10:$AK$150,$B11),0) -> 43.834448 | K11: =I11*J11 -> 87.668896 | L11: 4 | M11: =IFERROR(SUMIFS('PU CAST'!$AI$10:$AI$150,'PU CAST'!$AA$10:$AA$150,"DE",'PU CAST'!$AK$10:$AK$150,$B11),0) -> 27.53667 | N11: =L11*M11 -> 110.14668 | O11: Tubo DN 3'' sch 40 | P11: Ø 88,9 mm x Comp. 384,0 mm | Q11: 1 | R11: Sucata MC | S11: =INDEX(PARÂMETROS!$B$83:$B$101,MATCH($B11,PARÂMETROS!$A$83:$A$101,0)) -> 82.8 | T11: Flange DN10" BUMPER | U11: Ø140 x 100 x 1/4 | V11: 1 | W11: OXIMETAL | X11: =INDEX(PARÂMETROS!$C$83:$C$101,MATCH($B11,PARÂMETROS!$A$83:$A$101,0)) -> 36 | Y11: =X11*2 -> 72 | Z11: =AA11/2 -> 0.261 | AA11: =2*0.261 -> 0.522 | AB11: =Z11*PARÂMETROS!$E$6 -> 10.42173 | AC11: =AB11*2 -> 20.84346 | AD11: Flange DN10" BUMPER | AE11: Ø140 x 100 x 1/4 | AF11: 1 | AG11: OXIMETAL | AH11: =INDEX(PARÂMETROS!$D$83:$D$101,MATCH($B11,PARÂMETROS!$A$83:$A$101,0)) -> 36 | AI11: =AH11*2 -> 72 | AJ11: Parafuso Sextavado Aço Carbono | AK11: 1/2" × 7" | AL11: 16 | AM11: =INDEX(PARÂMETROS!$E$83:$E$101,MATCH($B11,PARÂMETROS!$A$83:$A$101,0)) -> 9.5 | AN11: =AM11*AL11 -> 152 | AO11: Arruela lisa 1/2" | AP11: 1/2'' | AQ11: 16 | AR11: =INDEX(PARÂMETROS!$F$83:$F$101,MATCH($B11,PARÂMETROS!$A$83:$A$101,0)) -> 0.6 | AS11: =AR11*AQ11 -> 9.6 | AT11: Porcas Travantes Parlock 1/2" | AU11: 1/2'' | AV11: 16 | AW11: =INDEX(PARÂMETROS!$G$83:$G$101,MATCH($B11,PARÂMETROS!$A$83:$A$101,0)) -> 0.8 | AX11: =AW11*AV11 -> 12.8 | AY11: =E11+H11+K11+N11 -> 414.64896 | AZ11: =S11+Y11+AC11+AI11 -> 247.64346 | BA11: =AN11+AS11+AX11 -> 174.4 | BB11: =AY11+AZ11+BA11 -> 836.69242 | BC11: =PARÂMETROS!$H$3 -> 40 | BD11: 0.19513889 | BE11: =(BD11*BC11)*24 -> 187.33333 | BF11: 1 | BG11: =BE11/BF11 -> 187.33333 | BH11: =BB11+BG11 -> 1024.0258 | BI11: 120 | BJ11: =BH11+BI11 -> 1144.0258
A12: LUN | B12: 12 | D12: =IFERROR(SUMIFS('PU CAST'!$AI$10:$AI$150,'PU CAST'!$AA$10:$AA$150,"COPO CONICO",'PU CAST'!$AK$10:$AK$150,$B12),0) -> 235.07289 | E12: =C12*D12 -> 0 | G12: =IFERROR(SUMIFS('PU CAST'!$AI$10:$AI$150,'PU CAST'!$AA$10:$AA$150,"DS",'PU CAST'!$AK$10:$AK$150,$B12),0) -> 84.225412 | H12: =F12*G12 -> 0 | J12: =IFERROR(SUMIFS('PU CAST'!$AI$10:$AI$150,'PU CAST'!$AA$10:$AA$150,"DG",'PU CAST'!$AK$10:$AK$150,$B12),0) -> 66.773361 | K12: =I12*J12 -> 0 | L12: 4 | M12: =IFERROR(SUMIFS('PU CAST'!$AI$10:$AI$150,'PU CAST'!$AA$10:$AA$150,"DE",'PU CAST'!$AK$10:$AK$150,$B12),0) -> 42.055885 | N12: =L12*M12 -> 168.22354 | O12: Tubo DN 4'' sch 40 | P12: Ø 114,3 mm x Comp. 434,8 mm | Q12: 1 | R12: Sucata MC | S12: =INDEX(PARÂMETROS!$B$83:$B$101,MATCH($B12,PARÂMETROS!$A$83:$A$101,0)) -> 127.8 | T12: Flange DN12" BUMPER | U12: Ø185 x 125 x 1/4 | V12: 1 | W12: OXIMETAL | X12: =INDEX(PARÂMETROS!$C$83:$C$101,MATCH($B12,PARÂMETROS!$A$83:$A$101,0)) -> 48 | Y12: =X12*2 -> 96 | Z12: =AA12/2 -> 0.422 | AA12: =2*0.422 -> 0.844 | AB12: =Z12*PARÂMETROS!$E$6 -> 16.85046 | AC12: =AB12*2 -> 33.70092 | AD12: Flange DN12" BUMPER | AE12: Ø185 x 125 x 1/4 | AF12: 1 | AG12: OXIMETAL | AH12: =INDEX(PARÂMETROS!$D$83:$D$101,MATCH($B12,PARÂMETROS!$A$83:$A$101,0)) -> 48 | AI12: =AH12*2 -> 96 | AJ12: Parafuso Sextavado Aço Carbono | AK12: 1/2" × 7,5" | AL12: 16 | AM12: =INDEX(PARÂMETROS!$E$83:$E$101,MATCH($B12,PARÂMETROS!$A$83:$A$101,0)) -> 10.5 | AN12: =AM12*AL12 -> 168 | AO12: Arruela lisa 1/2" | AP12: 1/2'' | AQ12: 16 | AR12: =INDEX(PARÂMETROS!$F$83:$F$101,MATCH($B12,PARÂMETROS!$A$83:$A$101,0)) -> 0.6 | AS12: =AR12*AQ12 -> 9.6 | AT12: Porcas Travantes Parlock 1/2" | AU12: 1/2'' | AV12: 16 | AW12: =INDEX(PARÂMETROS!$G$83:$G$101,MATCH($B12,PARÂMETROS!$A$83:$A$101,0)) -> 0.8 | AX12: =AW12*AV12 -> 12.8 | AY12: =E12+H12+K12+N12 -> 168.22354 | AZ12: =S12+Y12+AC12+AI12 -> 353.50092 | BA12: =AN12+AS12+AX12 -> 190.4 | BB12: =AY12+AZ12+BA12 -> 712.12446 | BC12: =PARÂMETROS!$H$3 -> 40 | BD12: 0.19513889 | BE12: =(BD12*BC12)*24 -> 187.33333 | BF12: 1 | BG12: =BE12/BF12 -> 187.33333 | BH12: =BB12+BG12 -> 899.45779 | BI12: 120 | BJ12: =BH12+BI12 -> 1019.4578
A13: LUN | B13: 14 | D13: =IFERROR(SUMIFS('PU CAST'!$AI$10:$AI$150,'PU CAST'!$AA$10:$AA$150,"COPO CONICO",'PU CAST'!$AK$10:$AK$150,$B13),0) -> 242.36224 | E13: =C13*D13 -> 0 | G13: =IFERROR(SUMIFS('PU CAST'!$AI$10:$AI$150,'PU CAST'!$AA$10:$AA$150,"DS",'PU CAST'!$AK$10:$AK$150,$B13),0) -> 100.56295 | H13: =F13*G13 -> 0 | J13: =IFERROR(SUMIFS('PU CAST'!$AI$10:$AI$150,'PU CAST'!$AA$10:$AA$150,"DG",'PU CAST'!$AK$10:$AK$150,$B13),0) -> 75.463868 | K13: =I13*J13 -> 0 | L13: 4 | M13: =IFERROR(SUMIFS('PU CAST'!$AI$10:$AI$150,'PU CAST'!$AA$10:$AA$150,"DE",'PU CAST'!$AK$10:$AK$150,$B13),0) -> 47.693636 | N13: =L13*M13 -> 190.77454 | O13: Tubo DN 4'' sch 40 | P13: Ø 114,3 mm x Comp. 485,6 mm | Q13: 1 | R13: Sucata MC | S13: =INDEX(PARÂMETROS!$B$83:$B$101,MATCH($B13,PARÂMETROS!$A$83:$A$101,0)) -> 142.2 | T13: Flange DN14" BUMPER | U13: Ø205 x 125 x 1/4 | V13: 1 | W13: OXIMETAL | X13: =INDEX(PARÂMETROS!$C$83:$C$101,MATCH($B13,PARÂMETROS!$A$83:$A$101,0)) -> 56 | Y13: =X13*2 -> 112 | Z13: =AA13/2 -> 0.651 | AA13: =2*0.651 -> 1.302 | AB13: =Z13*PARÂMETROS!$E$6 -> 25.99443 | AC13: =AB13*2 -> 51.98886 | AD13: Flange DN14" BUMPER | AE13: Ø205 x 125 x 1/4 | AF13: 1 | AG13: OXIMETAL | AH13: =INDEX(PARÂMETROS!$D$83:$D$101,MATCH($B13,PARÂMETROS!$A$83:$A$101,0)) -> 56 | AI13: =AH13*2 -> 112 | AJ13: Parafuso Sextavado Aço Carbono | AK13: 1/2" × 7,5" | AL13: 16 | AM13: =INDEX(PARÂMETROS!$E$83:$E$101,MATCH($B13,PARÂMETROS!$A$83:$A$101,0)) -> 10.5 | AN13: =AM13*AL13 -> 168 | AO13: Arruela lisa 1/2" | AP13: 1/2'' | AQ13: 16 | AR13: =INDEX(PARÂMETROS!$F$83:$F$101,MATCH($B13,PARÂMETROS!$A$83:$A$101,0)) -> 0.6 | AS13: =AR13*AQ13 -> 9.6 | AT13: Porcas Travantes Parlock 1/2" | AU13: 1/2'' | AV13: 16 | AW13: =INDEX(PARÂMETROS!$G$83:$G$101,MATCH($B13,PARÂMETROS!$A$83:$A$101,0)) -> 0.8 | AX13: =AW13*AV13 -> 12.8 | AY13: =E13+H13+K13+N13 -> 190.77454 | AZ13: =S13+Y13+AC13+AI13 -> 418.18886 | BA13: =AN13+AS13+AX13 -> 190.4 | BB13: =AY13+AZ13+BA13 -> 799.3634 | BC13: =PARÂMETROS!$H$3 -> 40 | BD13: 0.19513889 | BE13: =(BD13*BC13)*24 -> 187.33333 | BF13: 1 | BG13: =BE13/BF13 -> 187.33333 | BH13: =BB13+BG13 -> 986.69674 | BI13: 120 | BJ13: =BH13+BI13 -> 1106.6967
A14: LUN | B14: 16 | D14: =IFERROR(SUMIFS('PU CAST'!$AI$10:$AI$150,'PU CAST'!$AA$10:$AA$150,"COPO CONICO",'PU CAST'!$AK$10:$AK$150,$B14),0) -> 348.05782 | E14: =C14*D14 -> 0 | G14: =IFERROR(SUMIFS('PU CAST'!$AI$10:$AI$150,'PU CAST'!$AA$10:$AA$150,"DS",'PU CAST'!$AK$10:$AK$150,$B14),0) -> 139.14825 | H14: =F14*G14 -> 0 | J14: =IFERROR(SUMIFS('PU CAST'!$AI$10:$AI$150,'PU CAST'!$AA$10:$AA$150,"DG",'PU CAST'!$AK$10:$AK$150,$B14),0) -> 105.44981 | K14: =I14*J14 -> 0 | L14: 4 | M14: =IFERROR(SUMIFS('PU CAST'!$AI$10:$AI$150,'PU CAST'!$AA$10:$AA$150,"DE",'PU CAST'!$AK$10:$AK$150,$B14),0) -> 56.974999 | N14: =L14*M14 -> 227.89999 | O14: Tubo DN 4'' sch 40 | P14: Ø 114,3 mm x Comp. 536,4 mm | Q14: 1 | R14: Sucata MC | S14: =INDEX(PARÂMETROS!$B$83:$B$101,MATCH($B14,PARÂMETROS!$A$83:$A$101,0)) -> 158.4 | T14: Flange DN16" BUMPER | U14: Ø215 x 125 x 1/4 | V14: 1 | W14: OXIMETAL | X14: =INDEX(PARÂMETROS!$C$83:$C$101,MATCH($B14,PARÂMETROS!$A$83:$A$101,0)) -> 60 | Y14: =X14*2 -> 120 | Z14: =AA14/2 -> 1.028 | AA14: =2*1.028 -> 2.056 | AB14: =Z14*PARÂMETROS!$E$6 -> 41.04804 | AC14: =AB14*2 -> 82.09608 | AD14: Flange DN16" BUMPER | AE14: Ø215 x 125 x 1/4 | AF14: 1 | AG14: OXIMETAL | AH14: =INDEX(PARÂMETROS!$D$83:$D$101,MATCH($B14,PARÂMETROS!$A$83:$A$101,0)) -> 60 | AI14: =AH14*2 -> 120 | AJ14: Parafuso Sextavado Aço Carbono | AK14: 1/2" × 8,5" | AL14: 16 | AM14: =INDEX(PARÂMETROS!$E$83:$E$101,MATCH($B14,PARÂMETROS!$A$83:$A$101,0)) -> 12 | AN14: =AM14*AL14 -> 192 | AO14: Arruela lisa 1/2" | AP14: 1/2'' | AQ14: 16 | AR14: =INDEX(PARÂMETROS!$F$83:$F$101,MATCH($B14,PARÂMETROS!$A$83:$A$101,0)) -> 0.6 | AS14: =AR14*AQ14 -> 9.6 | AT14: Porcas Travantes Parlock 1/2" | AU14: 1/2'' | AV14: 16 | AW14: =INDEX(PARÂMETROS!$G$83:$G$101,MATCH($B14,PARÂMETROS!$A$83:$A$101,0)) -> 0.8 | AX14: =AW14*AV14 -> 12.8 | AY14: =E14+H14+K14+N14 -> 227.89999 | AZ14: =S14+Y14+AC14+AI14 -> 480.49608 | BA14: =AN14+AS14+AX14 -> 214.4 | BB14: =AY14+AZ14+BA14 -> 922.79607 | BC14: =PARÂMETROS!$H$3 -> 40 | BD14: 0.39027778 | BE14: =(BD14*BC14)*24 -> 374.66667 | BF14: 1 | BG14: =BE14/BF14 -> 374.66667 | BH14: =BB14+BG14 -> 1297.4627 | BI14: 120 | BJ14: =BH14+BI14 -> 1417.4627
A15: LUN | B15: 18 | D15: =IFERROR(SUMIFS('PU CAST'!$AI$10:$AI$150,'PU CAST'!$AA$10:$AA$150,"COPO CONICO",'PU CAST'!$AK$10:$AK$150,$B15),0) -> 369.92587 | E15: =C15*D15 -> 0 | G15: =IFERROR(SUMIFS('PU CAST'!$AI$10:$AI$150,'PU CAST'!$AA$10:$AA$150,"DS",'PU CAST'!$AK$10:$AK$150,$B15),0) -> 177.60689 | H15: =F15*G15 -> 0 | J15: =IFERROR(SUMIFS('PU CAST'!$AI$10:$AI$150,'PU CAST'!$AA$10:$AA$150,"DG",'PU CAST'!$AK$10:$AK$150,$B15),0) -> 119.90116 | K15: =I15*J15 -> 0 | L15: 4 | M15: =IFERROR(SUMIFS('PU CAST'!$AI$10:$AI$150,'PU CAST'!$AA$10:$AA$150,"DE",'PU CAST'!$AK$10:$AK$150,$B15),0) -> 63.400558 | N15: =L15*M15 -> 253.60223 | O15: Tubo DN 6'' sch 40 | P15: Ø 168,3 mm x Comp. 587,2 mm | Q15: 1 | R15: Sucata MC | S15: =INDEX(PARÂMETROS!$B$83:$B$101,MATCH($B15,PARÂMETROS!$A$83:$A$101,0)) -> 319.2 | T15: Flange DN18" BUMPER | U15: Ø270 x 195 x 1/4 | V15: 1 | W15: OXIMETAL | X15: =INDEX(PARÂMETROS!$C$83:$C$101,MATCH($B15,PARÂMETROS!$A$83:$A$101,0)) -> 82 | Y15: =X15*2 -> 164 | Z15: =AA15/2 -> 1.289 | AA15: =2*1.289 -> 2.578 | AB15: =Z15*PARÂMETROS!$E$6 -> 51.46977 | AC15: =AB15*2 -> 102.93954 | AD15: Flange DN18" BUMPER | AE15: Ø270 x 195 x 1/4 | AF15: 1 | AG15: OXIMETAL | AH15: =INDEX(PARÂMETROS!$D$83:$D$101,MATCH($B15,PARÂMETROS!$A$83:$A$101,0)) -> 82 | AI15: =AH15*2 -> 164 | AJ15: Parafuso Sextavado Aço Carbono | AK15: 1/2" × 9" | AL15: 16 | AM15: =INDEX(PARÂMETROS!$E$83:$E$101,MATCH($B15,PARÂMETROS!$A$83:$A$101,0)) -> 13 | AN15: =AM15*AL15 -> 208 | AO15: Arruela lisa 1/2" | AP15: 1/2'' | AQ15: 16 | AR15: =INDEX(PARÂMETROS!$F$83:$F$101,MATCH($B15,PARÂMETROS!$A$83:$A$101,0)) -> 0.6 | AS15: =AR15*AQ15 -> 9.6 | AT15: Porcas Travantes Parlock 1/2" | AU15: 1/2'' | AV15: 16 | AW15: =INDEX(PARÂMETROS!$G$83:$G$101,MATCH($B15,PARÂMETROS!$A$83:$A$101,0)) -> 0.8 | AX15: =AW15*AV15 -> 12.8 | AY15: =E15+H15+K15+N15 -> 253.60223 | AZ15: =S15+Y15+AC15+AI15 -> 750.13954 | BA15: =AN15+AS15+AX15 -> 230.4 | BB15: =AY15+AZ15+BA15 -> 1234.1418 | BC15: =PARÂMETROS!$H$3 -> 40 | BD15: 0.39027778 | BE15: =(BD15*BC15)*24 -> 374.66667 | BF15: 1 | BG15: =BE15/BF15 -> 374.66667 | BH15: =BB15+BG15 -> 1608.8084 | BI15: 120 | BJ15: =BH15+BI15 -> 1728.8084
A16: LUN | B16: 20 | D16: =IFERROR(SUMIFS('PU CAST'!$AI$10:$AI$150,'PU CAST'!$AA$10:$AA$150,"COPO CONICO",'PU CAST'!$AK$10:$AK$150,$B16),0) -> 439.17469 | E16: =C16*D16 -> 0 | G16: =IFERROR(SUMIFS('PU CAST'!$AI$10:$AI$150,'PU CAST'!$AA$10:$AA$150,"DS",'PU CAST'!$AK$10:$AK$150,$B16),0) -> 201.66993 | H16: =F16*G16 -> 0 | J16: =IFERROR(SUMIFS('PU CAST'!$AI$10:$AI$150,'PU CAST'!$AA$10:$AA$150,"DG",'PU CAST'!$AK$10:$AK$150,$B16),0) -> 132.21066 | K16: =I16*J16 -> 0 | L16: 4 | M16: =IFERROR(SUMIFS('PU CAST'!$AI$10:$AI$150,'PU CAST'!$AA$10:$AA$150,"DE",'PU CAST'!$AK$10:$AK$150,$B16),0) -> 70.195402 | N16: =L16*M16 -> 280.78161 | O16: Tubo DN 8'' sch 40 | P16: Ø 219,1 mm x Comp. 638,0 mm | Q16: 1 | R16: Sucata MC | S16: =INDEX(PARÂMETROS!$B$83:$B$101,MATCH($B16,PARÂMETROS!$A$83:$A$101,0)) -> 524.4 | T16: Flange DN20" BUMPER | U16: Ø320 x 250 x 1/4 | V16: 1 | W16: OXIMETAL | X16: =INDEX(PARÂMETROS!$C$83:$C$101,MATCH($B16,PARÂMETROS!$A$83:$A$101,0)) -> 113 | Y16: =X16*2 -> 226 | Z16: =AA16/2 -> 1.565 | AA16: =2*1.565 -> 3.13 | AB16: =Z16*PARÂMETROS!$E$6 -> 62.49045 | AC16: =AB16*2 -> 124.9809 | AD16: Flange DN20" BUMPER | AE16: Ø320 x 250 x 1/4 | AF16: 1 | AG16: OXIMETAL | AH16: =INDEX(PARÂMETROS!$D$83:$D$101,MATCH($B16,PARÂMETROS!$A$83:$A$101,0)) -> 113 | AI16: =AH16*2 -> 226 | AJ16: Parafuso Sextavado Aço Carbono | AK16: 1/2" × 9" | AL16: 24 | AM16: =INDEX(PARÂMETROS!$E$83:$E$101,MATCH($B16,PARÂMETROS!$A$83:$A$101,0)) -> 13 | AN16: =AM16*AL16 -> 312 | AO16: Arruela lisa 1/2" | AP16: 1/2'' | AQ16: 24 | AR16: =INDEX(PARÂMETROS!$F$83:$F$101,MATCH($B16,PARÂMETROS!$A$83:$A$101,0)) -> 0.6 | AS16: =AR16*AQ16 -> 14.4 | AT16: Porcas Travantes Parlock 1/2" | AU16: 1/2'' | AV16: 24 | AW16: =INDEX(PARÂMETROS!$G$83:$G$101,MATCH($B16,PARÂMETROS!$A$83:$A$101,0)) -> 0.8 | AX16: =AW16*AV16 -> 19.2 | AY16: =E16+H16+K16+N16 -> 280.78161 | AZ16: =S16+Y16+AC16+AI16 -> 1101.3809 | BA16: =AN16+AS16+AX16 -> 345.6 | BB16: =AY16+AZ16+BA16 -> 1727.7625 | BC16: =PARÂMETROS!$H$3 -> 40 | BD16: 0.39027778 | BE16: =(BD16*BC16)*24 -> 374.66667 | BF16: 1 | BG16: =BE16/BF16 -> 374.66667 | BH16: =BB16+BG16 -> 2102.4292 | BI16: 120 | BJ16: =BH16+BI16 -> 2222.4292
A17: LUN | B17: 22 | D17: =IFERROR(SUMIFS('PU CAST'!$AI$10:$AI$150,'PU CAST'!$AA$10:$AA$150,"COPO CONICO",'PU CAST'!$AK$10:$AK$150,$B17),0) -> 570.38299 | E17: =C17*D17 -> 0 | G17: =IFERROR(SUMIFS('PU CAST'!$AI$10:$AI$150,'PU CAST'!$AA$10:$AA$150,"DS",'PU CAST'!$AK$10:$AK$150,$B17),0) -> 244.89898 | H17: =F17*G17 -> 0 | J17: =IFERROR(SUMIFS('PU CAST'!$AI$10:$AI$150,'PU CAST'!$AA$10:$AA$150,"DG",'PU CAST'!$AK$10:$AK$150,$B17),0) -> 167.44045 | K17: =I17*J17 -> 0 | L17: 4 | M17: =IFERROR(SUMIFS('PU CAST'!$AI$10:$AI$150,'PU CAST'!$AA$10:$AA$150,"DE",'PU CAST'!$AK$10:$AK$150,$B17),0) -> 95.676067 | N17: =L17*M17 -> 382.70427 | O17: Tubo DN 8'' sch 40 | P17: Ø 219,1 mm x Comp. 688,8 mm | Q17: 1 | R17: Sucata MC | S17: =INDEX(PARÂMETROS!$B$83:$B$101,MATCH($B17,PARÂMETROS!$A$83:$A$101,0)) -> 570 | T17: Flange DN22" BUMPER | U17: Ø380 x 250 x 1/4 | V17: 1 | W17: OXIMETAL | X17: =INDEX(PARÂMETROS!$C$83:$C$101,MATCH($B17,PARÂMETROS!$A$83:$A$101,0)) -> 152 | Y17: =X17*2 -> 304 | Z17: =AA17/2 -> 2.6 | AA17: =2*2.6 -> 5.2 | AB17: =Z17*PARÂMETROS!$E$6 -> 103.818 | AC17: =AB17*2 -> 207.636 | AD17: Flange DN22" BUMPER | AE17: Ø380 x 250 x 1/4 | AF17: 1 | AG17: OXIMETAL | AH17: =INDEX(PARÂMETROS!$D$83:$D$101,MATCH($B17,PARÂMETROS!$A$83:$A$101,0)) -> 152 | AI17: =AH17*2 -> 304 | AJ17: Parafuso Sextavado Aço Carbono | AK17: 1/2" × 9" | AL17: 28 | AM17: =INDEX(PARÂMETROS!$E$83:$E$101,MATCH($B17,PARÂMETROS!$A$83:$A$101,0)) -> 13 | AN17: =AM17*AL17 -> 364 | AO17: Arruela lisa 1/2" | AP17: 1/2'' | AQ17: 28 | AR17: =INDEX(PARÂMETROS!$F$83:$F$101,MATCH($B17,PARÂMETROS!$A$83:$A$101,0)) -> 0.6 | AS17: =AR17*AQ17 -> 16.8 | AT17: Porcas Travantes Parlock 1/2" | AU17: 1/2'' | AV17: 28 | AW17: =INDEX(PARÂMETROS!$G$83:$G$101,MATCH($B17,PARÂMETROS!$A$83:$A$101,0)) -> 0.8 | AX17: =AW17*AV17 -> 22.4 | AY17: =E17+H17+K17+N17 -> 382.70427 | AZ17: =S17+Y17+AC17+AI17 -> 1385.636 | BA17: =AN17+AS17+AX17 -> 403.2 | BB17: =AY17+AZ17+BA17 -> 2171.5403 | BC17: =PARÂMETROS!$H$3 -> 40 | BD17: 0.39027778 | BE17: =(BD17*BC17)*24 -> 374.66667 | BF17: 1 | BG17: =BE17/BF17 -> 374.66667 | BH17: =BB17+BG17 -> 2546.2069 | BI17: 120 | BJ17: =BH17+BI17 -> 2666.2069
A18: LUN | B18: 24 | D18: =IFERROR(SUMIFS('PU CAST'!$AI$10:$AI$150,'PU CAST'!$AA$10:$AA$150,"COPO CONICO",'PU CAST'!$AK$10:$AK$150,$B18),0) -> 581.31702 | E18: =C18*D18 -> 0 | G18: =IFERROR(SUMIFS('PU CAST'!$AI$10:$AI$150,'PU CAST'!$AA$10:$AA$150,"DS",'PU CAST'!$AK$10:$AK$150,$B18),0) -> 332.20137 | H18: =F18*G18 -> 0 | J18: =IFERROR(SUMIFS('PU CAST'!$AI$10:$AI$150,'PU CAST'!$AA$10:$AA$150,"DG",'PU CAST'!$AK$10:$AK$150,$B18),0) -> 288.66386 | K18: =I18*J18 -> 0 | L18: 4 | M18: =IFERROR(SUMIFS('PU CAST'!$AI$10:$AI$150,'PU CAST'!$AA$10:$AA$150,"DE",'PU CAST'!$AK$10:$AK$150,$B18),0) -> 101.01839 | N18: =L18*M18 -> 404.07356 | O18: Tubo DN 8'' sch 40 | P18: Ø 219,1 mm x Comp. 739,6 mm | Q18: 1 | R18: Sucata MC | S18: =INDEX(PARÂMETROS!$B$83:$B$101,MATCH($B18,PARÂMETROS!$A$83:$A$101,0)) -> 609.9 | T18: Flange DN24" BUMPER | U18: Ø380 x 250 x 1/4 | V18: 1 | W18: OXIMETAL | X18: =INDEX(PARÂMETROS!$C$83:$C$101,MATCH($B18,PARÂMETROS!$A$83:$A$101,0)) -> 155 | Y18: =X18*2 -> 310 | Z18: =AA18/2 -> 2.817 | AA18: =2*2.817 -> 5.634 | AB18: =Z18*PARÂMETROS!$E$6 -> 112.48281 | AC18: =AB18*2 -> 224.96562 | AD18: Flange DN24" BUMPER | AE18: Ø380 x 250 x 1/4 | AF18: 1 | AG18: OXIMETAL | AH18: =INDEX(PARÂMETROS!$D$83:$D$101,MATCH($B18,PARÂMETROS!$A$83:$A$101,0)) -> 155 | AI18: =AH18*2 -> 310 | AJ18: Parafuso Sextavado Aço Carbono | AK18: 1/2" × 10" | AL18: 32 | AM18: =INDEX(PARÂMETROS!$E$83:$E$101,MATCH($B18,PARÂMETROS!$A$83:$A$101,0)) -> 14.5 | AN18: =AM18*AL18 -> 464 | AO18: Arruela lisa 1/2" | AP18: 1/2'' | AQ18: 32 | AR18: =INDEX(PARÂMETROS!$F$83:$F$101,MATCH($B18,PARÂMETROS!$A$83:$A$101,0)) -> 0.6 | AS18: =AR18*AQ18 -> 19.2 | AT18: Porcas Travantes Parlock 1/2" | AU18: 1/2'' | AV18: 32 | AW18: =INDEX(PARÂMETROS!$G$83:$G$101,MATCH($B18,PARÂMETROS!$A$83:$A$101,0)) -> 0.8 | AX18: =AW18*AV18 -> 25.6 | AY18: =E18+H18+K18+N18 -> 404.07356 | AZ18: =S18+Y18+AC18+AI18 -> 1454.8656 | BA18: =AN18+AS18+AX18 -> 508.8 | BB18: =AY18+AZ18+BA18 -> 2367.7392 | BC18: =PARÂMETROS!$H$3 -> 40 | BD18: 0.39027778 | BE18: =(BD18*BC18)*24 -> 374.66667 | BF18: 1 | BG18: =BE18/BF18 -> 374.66667 | BH18: =BB18+BG18 -> 2742.4058 | BI18: 120 | BJ18: =BH18+BI18 -> 2862.4058
A19: LUN | B19: 26 | D19: =IFERROR(SUMIFS('PU CAST'!$AI$10:$AI$150,'PU CAST'!$AA$10:$AA$150,"COPO CONICO",'PU CAST'!$AK$10:$AK$150,$B19),0) -> 883.82504 | E19: =C19*D19 -> 0 | G19: =IFERROR(SUMIFS('PU CAST'!$AI$10:$AI$150,'PU CAST'!$AA$10:$AA$150,"DS",'PU CAST'!$AK$10:$AK$150,$B19),0) -> 396.58056 | H19: =F19*G19 -> 0 | J19: =IFERROR(SUMIFS('PU CAST'!$AI$10:$AI$150,'PU CAST'!$AA$10:$AA$150,"DG",'PU CAST'!$AK$10:$AK$150,$B19),0) -> 372.51827 | K19: =I19*J19 -> 0 | L19: 4 | M19: =IFERROR(SUMIFS('PU CAST'!$AI$10:$AI$150,'PU CAST'!$AA$10:$AA$150,"DE",'PU CAST'!$AK$10:$AK$150,$B19),0) -> 101.01839 | N19: =L19*M19 -> 404.07356 | O19: Tubo DN 8'' sch 40 | P19: Ø 219,1 mm x Comp. 790,4 mm | Q19: 1 | R19: Sucata MC | S19: =INDEX(PARÂMETROS!$B$83:$B$101,MATCH($B19,PARÂMETROS!$A$83:$A$101,0)) -> 653.6 | T19: Flange DN26" BUMPER | U19: Ø400 x 285 x 1/4 | V19: 1 | W19: OXIMETAL | X19: =INDEX(PARÂMETROS!$C$83:$C$101,MATCH($B19,PARÂMETROS!$A$83:$A$101,0)) -> 167 | Y19: =X19*2 -> 334 | Z19: =AA19/2 -> 2.817 | AA19: =2*2.817 -> 5.634 | AB19: =Z19*PARÂMETROS!$E$6 -> 112.48281 | AC19: =AB19*2 -> 224.96562 | AD19: Flange DN26" BUMPER | AE19: Ø400 x 285 x 1/4 | AF19: 1 | AG19: OXIMETAL | AH19: =INDEX(PARÂMETROS!$D$83:$D$101,MATCH($B19,PARÂMETROS!$A$83:$A$101,0)) -> 167 | AI19: =AH19*2 -> 334 | AJ19: Parafuso Sextavado Aço Carbono | AK19: 1/2" × 10" | AL19: 32 | AM19: =INDEX(PARÂMETROS!$E$83:$E$101,MATCH($B19,PARÂMETROS!$A$83:$A$101,0)) -> 14.5 | AN19: =AM19*AL19 -> 464 | AO19: Arruela lisa 1/2" | AP19: 1/2'' | AQ19: 32 | AR19: =INDEX(PARÂMETROS!$F$83:$F$101,MATCH($B19,PARÂMETROS!$A$83:$A$101,0)) -> 0.6 | AS19: =AR19*AQ19 -> 19.2 | AT19: Porcas Travantes Parlock 1/2" | AU19: 1/2'' | AV19: 32 | AW19: =INDEX(PARÂMETROS!$G$83:$G$101,MATCH($B19,PARÂMETROS!$A$83:$A$101,0)) -> 0.8 | AX19: =AW19*AV19 -> 25.6 | AY19: =E19+H19+K19+N19 -> 404.07356 | AZ19: =S19+Y19+AC19+AI19 -> 1546.5656 | BA19: =AN19+AS19+AX19 -> 508.8 | BB19: =AY19+AZ19+BA19 -> 2459.4392 | BC19: =PARÂMETROS!$H$3 -> 40 | BD19: 0.39027778 | BE19: =(BD19*BC19)*24 -> 374.66667 | BF19: 1 | BG19: =BE19/BF19 -> 374.66667 | BH19: =BB19+BG19 -> 2834.1058 | BI19: 120 | BJ19: =BH19+BI19 -> 2954.1058
A20: LUN | B20: 28 | D20: =IFERROR(SUMIFS('PU CAST'!$AI$10:$AI$150,'PU CAST'!$AA$10:$AA$150,"COPO CONICO",'PU CAST'!$AK$10:$AK$150,$B20),0) -> 1047.8354 | E20: =C20*D20 -> 0 | G20: =IFERROR(SUMIFS('PU CAST'!$AI$10:$AI$150,'PU CAST'!$AA$10:$AA$150,"DS",'PU CAST'!$AK$10:$AK$150,$B20),0) -> 449.81476 | H20: =F20*G20 -> 0 | J20: =IFERROR(SUMIFS('PU CAST'!$AI$10:$AI$150,'PU CAST'!$AA$10:$AA$150,"DG",'PU CAST'!$AK$10:$AK$150,$B20),0) -> 488.30658 | K20: =I20*J20 -> 0 | L20: 4 | M20: =IFERROR(SUMIFS('PU CAST'!$AI$10:$AI$150,'PU CAST'!$AA$10:$AA$150,"DE",'PU CAST'!$AK$10:$AK$150,$B20),0) -> 112.41699 | N20: =L20*M20 -> 449.66795 | O20: Tubo DN 10'' sch 40 | P20: Ø 273,0 mm x Comp. 841,2 mm | Q20: 1 | R20: Sucata MC | S20: =INDEX(PARÂMETROS!$B$83:$B$101,MATCH($B20,PARÂMETROS!$A$83:$A$101,0)) -> 1820 | T20: Flange DN28" BUMPER | U20: Ø410 x 320 x 1/4 | V20: 1 | W20: OXIMETAL | X20: =INDEX(PARÂMETROS!$C$83:$C$101,MATCH($B20,PARÂMETROS!$A$83:$A$101,0)) -> 174 | Y20: =X20*2 -> 348 | Z20: =AA20/2 -> 3.28 | AA20: =2*3.28 -> 6.56 | AB20: =Z20*PARÂMETROS!$E$6 -> 130.9704 | AC20: =AB20*2 -> 261.9408 | AD20: Flange DN28" BUMPER | AE20: Ø410 x 320 x 1/4 | AF20: 1 | AG20: OXIMETAL | AH20: =INDEX(PARÂMETROS!$D$83:$D$101,MATCH($B20,PARÂMETROS!$A$83:$A$101,0)) -> 174 | AI20: =AH20*2 -> 348 | AJ20: Parafuso Sextavado Aço Carbono | AK20: 1/2" × 11" | AL20: 32 | AM20: =INDEX(PARÂMETROS!$E$83:$E$101,MATCH($B20,PARÂMETROS!$A$83:$A$101,0)) -> 16.5 | AN20: =AM20*AL20 -> 528 | AO20: Arruela lisa 1/2" | AP20: 1/2'' | AQ20: 32 | AR20: =INDEX(PARÂMETROS!$F$83:$F$101,MATCH($B20,PARÂMETROS!$A$83:$A$101,0)) -> 0.6 | AS20: =AR20*AQ20 -> 19.2 | AT20: Porcas Travantes Parlock 1/2" | AU20: 1/2'' | AV20: 32 | AW20: =INDEX(PARÂMETROS!$G$83:$G$101,MATCH($B20,PARÂMETROS!$A$83:$A$101,0)) -> 0.8 | AX20: =AW20*AV20 -> 25.6 | AY20: =E20+H20+K20+N20 -> 449.66795 | AZ20: =S20+Y20+AC20+AI20 -> 2777.9408 | BA20: =AN20+AS20+AX20 -> 572.8 | BB20: =AY20+AZ20+BA20 -> 3800.4087 | BC20: =PARÂMETROS!$H$3 -> 40 | BD20: 0.39027778 | BE20: =(BD20*BC20)*24 -> 374.66667 | BF20: 1 | BG20: =BE20/BF20 -> 374.66667 | BH20: =BB20+BG20 -> 4175.0754 | BI20: 120 | BJ20: =BH20+BI20 -> 4295.0754
A21: LUN | B21: 30 | D21: =IFERROR(SUMIFS('PU CAST'!$AI$10:$AI$150,'PU CAST'!$AA$10:$AA$150,"COPO CONICO",'PU CAST'!$AK$10:$AK$150,$B21),0) -> 1193.6224 | E21: =C21*D21 -> 0 | F21: 4 | G21: =IFERROR(SUMIFS('PU CAST'!$AI$10:$AI$150,'PU CAST'!$AA$10:$AA$150,"DS",'PU CAST'!$AK$10:$AK$150,$B21),0) -> 557.59662 | H21: =F21*G21 -> 2230.3865 | I21: 2 | J21: =IFERROR(SUMIFS('PU CAST'!$AI$10:$AI$150,'PU CAST'!$AA$10:$AA$150,"DG",'PU CAST'!$AK$10:$AK$150,$B21),0) -> 606.13523 | K21: =I21*J21 -> 1212.2705 | L21: 4 | M21: =IFERROR(SUMIFS('PU CAST'!$AI$10:$AI$150,'PU CAST'!$AA$10:$AA$150,"DE",'PU CAST'!$AK$10:$AK$150,$B21),0) -> 144.08365 | N21: =L21*M21 -> 576.33461 | O21: Tubo DN 10'' sch 40 | P21: Ø 273,0 mm x Comp. 892,0 mm | Q21: 1 | R21: Sucata MC | S21: =INDEX(PARÂMETROS!$B$83:$B$101,MATCH($B21,PARÂMETROS!$A$83:$A$101,0)) -> 1925 | T21: Flange DN30" BUMPER | U21: Ø410 x 320 x 1/4 | V21: 1 | W21: OXIMETAL | X21: =INDEX(PARÂMETROS!$C$83:$C$101,MATCH($B21,PARÂMETROS!$A$83:$A$101,0)) -> 174 | Y21: =X21*2 -> 348 | Z21: =AA21/2 -> 3.28 | AA21: =2*3.28 -> 6.56 | AB21: =Z21*PARÂMETROS!$E$6 -> 130.9704 | AC21: =AB21*2 -> 261.9408 | AD21: Flange DN30" BUMPER | AE21: Ø410 x 320 x 1/4 | AF21: 1 | AG21: OXIMETAL | AH21: =INDEX(PARÂMETROS!$D$83:$D$101,MATCH($B21,PARÂMETROS!$A$83:$A$101,0)) -> 174 | AI21: =AH21*2 -> 348 | AJ21: Parafuso Sextavado Aço Carbono | AK21: 1/2" × 11" | AL21: 32 | AM21: =INDEX(PARÂMETROS!$E$83:$E$101,MATCH($B21,PARÂMETROS!$A$83:$A$101,0)) -> 16.5 | AN21: =AM21*AL21 -> 528 | AO21: Arruela lisa 1/2" | AP21: 1/2'' | AQ21: 32 | AR21: =INDEX(PARÂMETROS!$F$83:$F$101,MATCH($B21,PARÂMETROS!$A$83:$A$101,0)) -> 0.6 | AS21: =AR21*AQ21 -> 19.2 | AT21: Porcas Travantes Parlock 1/2" | AU21: 1/2'' | AV21: 32 | AW21: =INDEX(PARÂMETROS!$G$83:$G$101,MATCH($B21,PARÂMETROS!$A$83:$A$101,0)) -> 0.8 | AX21: =AW21*AV21 -> 25.6 | AY21: =E21+H21+K21+N21 -> 4018.9916 | AZ21: =S21+Y21+AC21+AI21 -> 2882.9408 | BA21: =AN21+AS21+AX21 -> 572.8 | BB21: =AY21+AZ21+BA21 -> 7474.7324 | BC21: =PARÂMETROS!$H$3 -> 40 | BD21: 0.39027778 | BE21: =(BD21*BC21)*24 -> 374.66667 | BF21: 1 | BG21: =BE21/BF21 -> 374.66667 | BH21: =BB21+BG21 -> 7849.399 | BI21: 120 | BJ21: =BH21+BI21 -> 7969.399
A22: LUN | B22: 32 | D22: =IFERROR(SUMIFS('PU CAST'!$AI$10:$AI$150,'PU CAST'!$AA$10:$AA$150,"COPO CONICO",'PU CAST'!$AK$10:$AK$150,$B22),0) -> 2323.4717 | E22: =C22*D22 -> 0 | G22: =IFERROR(SUMIFS('PU CAST'!$AI$10:$AI$150,'PU CAST'!$AA$10:$AA$150,"DS",'PU CAST'!$AK$10:$AK$150,$B22),0) -> 624.60274 | H22: =F22*G22 -> 0 | J22: =IFERROR(SUMIFS('PU CAST'!$AI$10:$AI$150,'PU CAST'!$AA$10:$AA$150,"DG",'PU CAST'!$AK$10:$AK$150,$B22),0) -> 642.29869 | K22: =I22*J22 -> 0 | L22: 4 | M22: =IFERROR(SUMIFS('PU CAST'!$AI$10:$AI$150,'PU CAST'!$AA$10:$AA$150,"DE",'PU CAST'!$AK$10:$AK$150,$B22),0) -> 239.93749 | N22: =L22*M22 -> 959.74995 | O22: Tubo DN 10'' sch 40 | P22: Ø 273,0 mm x Comp. 942,8 mm | Q22: 1 | R22: Sucata MC | S22: =INDEX(PARÂMETROS!$B$83:$B$101,MATCH($B22,PARÂMETROS!$A$83:$A$101,0)) -> 2030 | T22: Flange DN32" BUMPER | U22: Ø530 x 430 x 1/4 | V22: 1 | W22: OXIMETAL | X22: =INDEX(PARÂMETROS!$C$83:$C$101,MATCH($B22,PARÂMETROS!$A$83:$A$101,0)) -> 268 | Y22: =X22*2 -> 536 | Z22: =AA22/2 -> 4.745 | AA22: =2*4.745 -> 9.49 | AB22: =Z22*PARÂMETROS!$E$6 -> 189.46785 | AC22: =AB22*2 -> 378.9357 | AD22: Flange DN32" BUMPER | AE22: Ø530 x 430 x 1/4 | AF22: 1 | AG22: OXIMETAL | AH22: =INDEX(PARÂMETROS!$D$83:$D$101,MATCH($B22,PARÂMETROS!$A$83:$A$101,0)) -> 268 | AI22: =AH22*2 -> 536 | AJ22: Parafuso Sextavado Aço Carbono | AK22: 1/2" × 11,5" | AL22: 32 | AM22: =INDEX(PARÂMETROS!$E$83:$E$101,MATCH($B22,PARÂMETROS!$A$83:$A$101,0)) -> 17.5 | AN22: =AM22*AL22 -> 560 | AO22: Arruela lisa 1/2" | AP22: 1/2'' | AQ22: 32 | AR22: =INDEX(PARÂMETROS!$F$83:$F$101,MATCH($B22,PARÂMETROS!$A$83:$A$101,0)) -> 0.6 | AS22: =AR22*AQ22 -> 19.2 | AT22: Porcas Travantes Parlock 1/2" | AU22: 1/2'' | AV22: 32 | AW22: =INDEX(PARÂMETROS!$G$83:$G$101,MATCH($B22,PARÂMETROS!$A$83:$A$101,0)) -> 0.8 | AX22: =AW22*AV22 -> 25.6 | AY22: =E22+H22+K22+N22 -> 959.74995 | AZ22: =S22+Y22+AC22+AI22 -> 3480.9357 | BA22: =AN22+AS22+AX22 -> 604.8 | BB22: =AY22+AZ22+BA22 -> 5045.4857 | BC22: =PARÂMETROS!$H$3 -> 40 | BD22: 0.39027778 | BE22: =(BD22*BC22)*24 -> 374.66667 | BF22: 1 | BG22: =BE22/BF22 -> 374.66667 | BH22: =BB22+BG22 -> 5420.1523 | BI22: 120 | BJ22: =BH22+BI22 -> 5540.1523
A23: LUN | B23: 34 | D23: =IFERROR(SUMIFS('PU CAST'!$AI$10:$AI$150,'PU CAST'!$AA$10:$AA$150,"COPO CONICO",'PU CAST'!$AK$10:$AK$150,$B23),0) -> 2287.0249 | E23: =C23*D23 -> 0 | G23: =IFERROR(SUMIFS('PU CAST'!$AI$10:$AI$150,'PU CAST'!$AA$10:$AA$150,"DS",'PU CAST'!$AK$10:$AK$150,$B23),0) -> 711.22968 | H23: =F23*G23 -> 0 | J23: =IFERROR(SUMIFS('PU CAST'!$AI$10:$AI$150,'PU CAST'!$AA$10:$AA$150,"DG",'PU CAST'!$AK$10:$AK$150,$B23),0) -> 738.80756 | K23: =I23*J23 -> 0 | L23: 4 | M23: =IFERROR(SUMIFS('PU CAST'!$AI$10:$AI$150,'PU CAST'!$AA$10:$AA$150,"DE",'PU CAST'!$AK$10:$AK$150,$B23),0) -> 239.93749 | N23: =L23*M23 -> 959.74995 | O23: Tubo DN 10'' sch 40 | P23: Ø 273,0 mm x Comp. 993,6 mm | Q23: 1 | R23: Sucata MC | S23: =INDEX(PARÂMETROS!$B$83:$B$101,MATCH($B23,PARÂMETROS!$A$83:$A$101,0)) -> 2135 | T23: Flange DN34" BUMPER | U23: Ø530 x 430 x 1/4 | V23: 1 | W23: OXIMETAL | X23: =INDEX(PARÂMETROS!$C$83:$C$101,MATCH($B23,PARÂMETROS!$A$83:$A$101,0)) -> 268 | Y23: =X23*2 -> 536 | Z23: =AA23/2 -> 4.745 | AA23: =2*4.745 -> 9.49 | AB23: =Z23*PARÂMETROS!$E$6 -> 189.46785 | AC23: =AB23*2 -> 378.9357 | AD23: Flange DN34" BUMPER | AE23: Ø530 x 430 x 1/4 | AF23: 1 | AG23: OXIMETAL | AH23: =INDEX(PARÂMETROS!$D$83:$D$101,MATCH($B23,PARÂMETROS!$A$83:$A$101,0)) -> 268 | AI23: =AH23*2 -> 536 | AJ23: Parafuso Sextavado Aço Carbono | AK23: 1/2" × 11,5" | AL23: 32 | AM23: =INDEX(PARÂMETROS!$E$83:$E$101,MATCH($B23,PARÂMETROS!$A$83:$A$101,0)) -> 17.5 | AN23: =AM23*AL23 -> 560 | AO23: Arruela lisa 1/2" | AP23: 1/2'' | AQ23: 32 | AR23: =INDEX(PARÂMETROS!$F$83:$F$101,MATCH($B23,PARÂMETROS!$A$83:$A$101,0)) -> 0.6 | AS23: =AR23*AQ23 -> 19.2 | AT23: Porcas Travantes Parlock 1/2" | AU23: 1/2'' | AV23: 32 | AW23: =INDEX(PARÂMETROS!$G$83:$G$101,MATCH($B23,PARÂMETROS!$A$83:$A$101,0)) -> 0.8 | AX23: =AW23*AV23 -> 25.6 | AY23: =E23+H23+K23+N23 -> 959.74995 | AZ23: =S23+Y23+AC23+AI23 -> 3585.9357 | BA23: =AN23+AS23+AX23 -> 604.8 | BB23: =AY23+AZ23+BA23 -> 5150.4857 | BC23: =PARÂMETROS!$H$3 -> 40 | BD23: 0.39027778 | BE23: =(BD23*BC23)*24 -> 374.66667 | BF23: 1 | BG23: =BE23/BF23 -> 374.66667 | BH23: =BB23+BG23 -> 5525.1523 | BI23: 120 | BJ23: =BH23+BI23 -> 5645.1523
A24: LUN | B24: 36 | D24: =IFERROR(SUMIFS('PU CAST'!$AI$10:$AI$150,'PU CAST'!$AA$10:$AA$150,"COPO CONICO",'PU CAST'!$AK$10:$AK$150,$B24),0) -> 2104.7912 | E24: =C24*D24 -> 0 | G24: =IFERROR(SUMIFS('PU CAST'!$AI$10:$AI$150,'PU CAST'!$AA$10:$AA$150,"DS",'PU CAST'!$AK$10:$AK$150,$B24),0) -> 943.07918 | H24: =F24*G24 -> 0 | J24: =IFERROR(SUMIFS('PU CAST'!$AI$10:$AI$150,'PU CAST'!$AA$10:$AA$150,"DG",'PU CAST'!$AK$10:$AK$150,$B24),0) -> 808.59318 | K24: =I24*J24 -> 0 | L24: 4 | M24: =IFERROR(SUMIFS('PU CAST'!$AI$10:$AI$150,'PU CAST'!$AA$10:$AA$150,"DE",'PU CAST'!$AK$10:$AK$150,$B24),0) -> 441.77613 | N24: =L24*M24 -> 1767.1045 | O24: Tubo DN 14'' sch 40 | P24: Ø 355,6 mm x Comp. 1044,4 mm | Q24: 1 | R24: Soluaço | S24: =INDEX(PARÂMETROS!$B$83:$B$101,MATCH($B24,PARÂMETROS!$A$83:$A$101,0)) -> 1256.52 | T24: Flange DN36" BUMPER | U24: Ø710 x 530 x 1/4 | V24: 1 | W24: OXIMETAL | X24: =INDEX(PARÂMETROS!$C$83:$C$101,MATCH($B24,PARÂMETROS!$A$83:$A$101,0)) -> 460 | Y24: =X24*2 -> 920 | Z24: =AA24/2 -> 10.168 | AA24: =2*10.168 -> 20.336 | AB24: =Z24*PARÂMETROS!$E$6 -> 406.00824 | AC24: =AB24*2 -> 812.01648 | AD24: Flange DN36" BUMPER | AE24: Ø710 x 530 x 1/4 | AF24: 1 | AG24: OXIMETAL | AH24: =INDEX(PARÂMETROS!$D$83:$D$101,MATCH($B24,PARÂMETROS!$A$83:$A$101,0)) -> 460 | AI24: =AH24*2 -> 920 | AJ24: Parafuso Sextavado Aço Carbono | AK24: 1/2" × 13" | AL24: 48 | AM24: =INDEX(PARÂMETROS!$E$83:$E$101,MATCH($B24,PARÂMETROS!$A$83:$A$101,0)) -> 20.5 | AN24: =AM24*AL24 -> 984 | AO24: Arruela lisa 1/2" | AP24: 1/2'' | AQ24: 48 | AR24: =INDEX(PARÂMETROS!$F$83:$F$101,MATCH($B24,PARÂMETROS!$A$83:$A$101,0)) -> 0.6 | AS24: =AR24*AQ24 -> 28.8 | AT24: Porcas Travantes Parlock 1/2" | AU24: 1/2'' | AV24: 48 | AW24: =INDEX(PARÂMETROS!$G$83:$G$101,MATCH($B24,PARÂMETROS!$A$83:$A$101,0)) -> 0.8 | AX24: =AW24*AV24 -> 38.4 | AY24: =E24+H24+K24+N24 -> 1767.1045 | AZ24: =S24+Y24+AC24+AI24 -> 3908.5365 | BA24: =AN24+AS24+AX24 -> 1051.2 | BB24: =AY24+AZ24+BA24 -> 6726.841 | BC24: =PARÂMETROS!$H$3 -> 40 | BD24: 0.39027778 | BE24: =(BD24*BC24)*24 -> 374.66667 | BF24: 1 | BG24: =BE24/BF24 -> 374.66667 | BH24: =BB24+BG24 -> 7101.5076 | BI24: 120 | BJ24: =BH24+BI24 -> 7221.5076
A25: LUN | B25: 38 | D25: =IFERROR(SUMIFS('PU CAST'!$AI$10:$AI$150,'PU CAST'!$AA$10:$AA$150,"COPO CONICO",'PU CAST'!$AK$10:$AK$150,$B25),0) -> 2323.4717 | E25: =C25*D25 -> 0 | G25: =IFERROR(SUMIFS('PU CAST'!$AI$10:$AI$150,'PU CAST'!$AA$10:$AA$150,"DS",'PU CAST'!$AK$10:$AK$150,$B25),0) -> 1079.0987 | H25: =F25*G25 -> 0 | J25: =IFERROR(SUMIFS('PU CAST'!$AI$10:$AI$150,'PU CAST'!$AA$10:$AA$150,"DG",'PU CAST'!$AK$10:$AK$150,$B25),0) -> 986.38835 | K25: =I25*J25 -> 0 | L25: 4 | M25: =IFERROR(SUMIFS('PU CAST'!$AI$10:$AI$150,'PU CAST'!$AA$10:$AA$150,"DE",'PU CAST'!$AK$10:$AK$150,$B25),0) -> 441.77613 | N25: =L25*M25 -> 1767.1045 | O25: Tubo DN 14'' sch 40 | P25: Ø 355,6 mm x Comp. 1095,2 mm | Q25: 1 | R25: Soluaço | S25: =INDEX(PARÂMETROS!$B$83:$B$101,MATCH($B25,PARÂMETROS!$A$83:$A$101,0)) -> 1315.72 | T25: Flange DN38" BUMPER | U25: Ø710 x 530 x 1/4 | V25: 1 | W25: OXIMETAL | X25: =INDEX(PARÂMETROS!$C$83:$C$101,MATCH($B25,PARÂMETROS!$A$83:$A$101,0)) -> 460 | Y25: =X25*2 -> 920 | Z25: =AA25/2 -> 10.168 | AA25: =2*10.168 -> 20.336 | AB25: =Z25*PARÂMETROS!$E$6 -> 406.00824 | AC25: =AB25*2 -> 812.01648 | AD25: Flange DN38" BUMPER | AE25: Ø710 x 530 x 1/4 | AF25: 1 | AG25: OXIMETAL | AH25: =INDEX(PARÂMETROS!$D$83:$D$101,MATCH($B25,PARÂMETROS!$A$83:$A$101,0)) -> 460 | AI25: =AH25*2 -> 920 | AJ25: Parafuso Sextavado Aço Carbono | AK25: 1/2" × 13" | AL25: 48 | AM25: =INDEX(PARÂMETROS!$E$83:$E$101,MATCH($B25,PARÂMETROS!$A$83:$A$101,0)) -> 20.5 | AN25: =AM25*AL25 -> 984 | AO25: Arruela lisa 1/2" | AP25: 1/2'' | AQ25: 48 | AR25: =INDEX(PARÂMETROS!$F$83:$F$101,MATCH($B25,PARÂMETROS!$A$83:$A$101,0)) -> 0.6 | AS25: =AR25*AQ25 -> 28.8 | AT25: Porcas Travantes Parlock 1/2" | AU25: 1/2'' | AV25: 48 | AW25: =INDEX(PARÂMETROS!$G$83:$G$101,MATCH($B25,PARÂMETROS!$A$83:$A$101,0)) -> 0.8 | AX25: =AW25*AV25 -> 38.4 | AY25: =E25+H25+K25+N25 -> 1767.1045 | AZ25: =S25+Y25+AC25+AI25 -> 3967.7365 | BA25: =AN25+AS25+AX25 -> 1051.2 | BB25: =AY25+AZ25+BA25 -> 6786.041 | BC25: =PARÂMETROS!$H$3 -> 40 | BD25: 0.39027778 | BE25: =(BD25*BC25)*24 -> 374.66667 | BF25: 1 | BG25: =BE25/BF25 -> 374.66667 | BH25: =BB25+BG25 -> 7160.7076 | BI25: 120 | BJ25: =BH25+BI25 -> 7280.7076
A26: LUN | B26: 40 | D26: =IFERROR(SUMIFS('PU CAST'!$AI$10:$AI$150,'PU CAST'!$AA$10:$AA$150,"COPO CONICO",'PU CAST'!$AK$10:$AK$150,$B26),0) -> 2287.0249 | E26: =C26*D26 -> 0 | G26: =IFERROR(SUMIFS('PU CAST'!$AI$10:$AI$150,'PU CAST'!$AA$10:$AA$150,"DS",'PU CAST'!$AK$10:$AK$150,$B26),0) -> 1146.5174 | H26: =F26*G26 -> 0 | J26: =IFERROR(SUMIFS('PU CAST'!$AI$10:$AI$150,'PU CAST'!$AA$10:$AA$150,"DG",'PU CAST'!$AK$10:$AK$150,$B26),0) -> 1157.5585 | K26: =I26*J26 -> 0 | L26: 4 | M26: =IFERROR(SUMIFS('PU CAST'!$AI$10:$AI$150,'PU CAST'!$AA$10:$AA$150,"DE",'PU CAST'!$AK$10:$AK$150,$B26),0) -> 523.39739 | N26: =L26*M26 -> 2093.5896 | O26: Tubo DN 14'' sch 40 | P26: Ø 355,6 mm x Comp. 1146,0 mm | Q26: 1 | R26: Soluaço | S26: =INDEX(PARÂMETROS!$B$83:$B$101,MATCH($B26,PARÂMETROS!$A$83:$A$101,0)) -> 1385.28 | T26: Flange DN40" BUMPER | U26: Ø750 x 580 x 1/4 | V26: 1 | W26: OXIMETAL | X26: =INDEX(PARÂMETROS!$C$83:$C$101,MATCH($B26,PARÂMETROS!$A$83:$A$101,0)) -> 508 | Y26: =X26*2 -> 1016 | Z26: =AA26/2 -> 12.361 | AA26: =2*12.361 -> 24.722 | AB26: =Z26*PARÂMETROS!$E$6 -> 493.57473 | AC26: =AB26*2 -> 987.14946 | AD26: Flange DN40" BUMPER | AE26: Ø750 x 580 x 1/4 | AF26: 1 | AG26: OXIMETAL | AH26: =INDEX(PARÂMETROS!$D$83:$D$101,MATCH($B26,PARÂMETROS!$A$83:$A$101,0)) -> 508 | AI26: =AH26*2 -> 1016 | AJ26: Parafuso Sextavado Aço Carbono | AK26: 1/2" × 14" | AL26: 48 | AM26: =INDEX(PARÂMETROS!$E$83:$E$101,MATCH($B26,PARÂMETROS!$A$83:$A$101,0)) -> 22.5 | AN26: =AM26*AL26 -> 1080 | AO26: Arruela lisa 1/2" | AP26: 1/2'' | AQ26: 48 | AR26: =INDEX(PARÂMETROS!$F$83:$F$101,MATCH($B26,PARÂMETROS!$A$83:$A$101,0)) -> 0.6 | AS26: =AR26*AQ26 -> 28.8 | AT26: Porcas Travantes Parlock 1/2" | AU26: 1/2'' | AV26: 48 | AW26: =INDEX(PARÂMETROS!$G$83:$G$101,MATCH($B26,PARÂMETROS!$A$83:$A$101,0)) -> 0.8 | AX26: =AW26*AV26 -> 38.4 | AY26: =E26+H26+K26+N26 -> 2093.5896 | AZ26: =S26+Y26+AC26+AI26 -> 4404.4295 | BA26: =AN26+AS26+AX26 -> 1147.2 | BB26: =AY26+AZ26+BA26 -> 7645.219 | BC26: =PARÂMETROS!$H$3 -> 40 | BD26: 0.39027778 | BE26: =(BD26*BC26)*24 -> 374.66667 | BF26: 1 | BG26: =BE26/BF26 -> 374.66667 | BH26: =BB26+BG26 -> 8019.8857 | BI26: 120 | BJ26: =BH26+BI26 -> 8139.8857
