Workbook

Sheet GESTAO OPERACAO
A1: CLIENTE | B1: VENDEDOR | C1: TIPO DE PEDIDO | D1: CONTRATO | E1: PEDIDO COMPRA CLIENTE | F1: PROPOSTA | G1: Nº PEDIDO TOTVS | H1: DATA INCLUSÃO PEDIDO | I1: DATA SOLICITADA ENTREGA | J1: PRAZO TOTAL (DIAS CORRIDOS) | K1: MODALIDADE FRETE | L1: PAIS | M1: ESTADO | N1: CIDADE | O1: STATUS DO PEDIDO (INFORMAÇÕES) | P1: VALOR TOTAL PEDIDO | Q1: CRITICIDADE | R1: DATA INCLUSÃO PEDIDO | S1: STATUS PRODUÇÃO | T1: PREVISÃO DE LIBERAÇÃO (PCP) | U1: DATA EFETIVA DE LIBERAÇÃO (PCP) | V1: DATA SOLICITADA NO CLIENTE OU RETIRA | W1: PRAZO COMERCIAL DIAS CORRIDOS | X1: LEAD TIME PRODUÇÃO (INCLUSÃO X LIBERAÇÃO) DIAS CORRIDOS | Y1: ATRASO / ANTECIPAÇÃO LT PRODUCAO X PRAZO TOTAL DEMANDA | Z1: CUSTO PRODUÇÃO REAL (MP/SERVIÇOS) | AA1: TÉRMINO SEMANAL (CENÁRIO REAL) PCP | AB1: DATA EMISSÃO NF | AC1: VALOR NF EMITIDA | AD1: Nº NF | AE1: STATUS LOGISTICA | AF1: DATA PEDIDO EXPEDIDO | AG1: MODALIDADE FRETE | AH1: TRANSPORTADORA (CIF) | AI1: CUSTO FRETE PREVISTO | AJ1: CUSTO FRETE FINAL | AK1: CUSTO DO FRETE SOBRE A NOTA | AL1: DATA PREVISTA ENTREGA (CIF) COLETA (FOB) (TRANSPORTE) | AM1: DATA REAL ENTREGA / COLETA | AN1: LEAD TIME FRETE (SAIDA X CHEGADA) | AO1: OTD (On-Time Delivery) *ENTREGA NO PRAZO* | AP1: DATA SOLICITADA CLIENTE | AQ1: DATA ENTREGUE CLIENTE | AR1: LEAD TIME COMERCIAL (ENTREGA NO CLIENTE OU RETIRADA) *DIAS CORRIDOS * | AS1: LEAD TIME OPERAÇÃO (ENTREGA NO CLIENTE OU RETIRADA) * DIAS CORRIDOS * | AT1: DIAS ATRASO OU ANTECIPAÇÃO * DIAS CORRIDOS * | AU1: OBS | AV1: Status Final do Pedido (ALINHAMENTO) | AW1: VALOR NF EMITIDA | AX1: CUSTO PRODUÇÃO (MP E SERVIÇOS) | AY1: CUSTO HH | AZ1: CUSTO FRETE (CIF) | BA1: CUSTO TOTAL = PRODUÇÃO + HH + FRETE
A2: ECBSEA | B2: Elder | C2: Emergencial | D2: - | E2: 3500000083 | F2: QE2025-0140-1 - | G2: 185 | H2: 45700 | I2: 46055 | J2: =I2-H2 -> 355 | K2: FOB | L2: BRASIL | M2: RJ | N2: SÃO JOÃO DA BARRA | O2: OK | P2: 693900 | Q2: Alta | R2: =H2 -> 45700 | S2: FINALIZADO | T2: 46052 | U2: 46052 | V2: =I2 -> 46055 | W2: =V2-R2 -> 355 | X2: =U2-R2 -> 352 | Y2: =W2-X2 -> 3 | Z2: 79205.68 | AA2: SEMANA 04 / JAN / 2026 | AB2: 46052 | AC2: 693900 | AD2: 7305 | AE2: Entregue / Coletado | AF2: 46055 | AG2: =K2 -> FOB | AH2: 4PIPE HIDROPIG - ENGENHARIA INDUSTRIAL LTDA | AI2: =#REF! -> #REF! | AJ2: 0 | AK2: =AJ2/AC2 -> 0 | AL2: 46055 | AM2: 46055 | AN2: =AM2-AF2 -> 0 | AO2: SIM | AP2: =I2 -> 46055 | AQ2: =AM2 -> 46055 | AR2: =AP2-H2 -> 355 | AS2: =AM2-H2 -> 355 | AT2: =AR2-AS2 -> 0 | AV2: OK | AW2: =AC2 -> 693900 | AX2: =Z2 -> 79205.68 | AZ2: =AJ2 -> 0 | BA2: =AX2+AZ2 -> 79205.68
A3: MARS MEXICO | B3: Mateus - Exportação | C3: Emergencial | D3: - | E3: 1008072089 | F3: QE2025-0053-01 | G3: 2 (SERVIÇOS) | H3: 45954 | I3: 46050 | J3: =I3-H3 -> 96 | K3: CIF | L3: MEXICO | M3: EX | N3: TOLUCA | O3: OK | P3: 211335.42 | Q3: Alta | R3: =H3 -> 45954 | S3: FINALIZADO | T3: 46043 | U3: 46043 | V3: =I3 -> 46050 | W3: =V3-R3 -> 96 | X3: =U3-R3 -> 89 | Y3: =W3-X3 -> 7 | AA3: SEMANA 03 / JAN / 2026 | AB3: 46049 | AC3: 211335.42 | AD3: 6824 | AE3: Entregue / Coletado | AF3: 46051 | AG3: =K3 -> CIF | AH3: TSA LOGISTICA LTDA | AI3: =#REF! -> #REF! | AJ3: 9497.58 | AK3: =AJ3/AC3 -> 0.044940787 | AL3: 46086 | AM3: 46086 | AN3: =AM3-AF3 -> 35 | AP3: =I3 -> 46050 | AQ3: =AM3 -> 46086 | AR3: =AP3-H3 -> 96 | AS3: =AM3-H3 -> 132 | AT3: =AR3-AS3 -> -36 | AW3: =AC3 -> 211335.42 | AX3: =Z3 -> 0 | AZ3: =AJ3 -> 9497.58 | BA3: =AX3+AZ3 -> 9497.58
A4: SUBSEA7 | B4: Elias | C4: Pedido Padrão | D4: - | E4: 3100009464 | F4: QOG2025-0248 | G4: 106(261) | H4: 45957 | I4: 46006 | J4: =I4-H4 -> 49 | K4: FOB | L4: BRASIL | M4: ES | N4: ANCHIETA | O4: OK | P4: 229259.21 | Q4: Alta | R4: =H4 -> 45957 | S4: FINALIZADO | T4: 45994 | U4: =T4 -> 45994 | V4: =I4 -> 46006 | W4: =V4-R4 -> 49 | X4: =U4-R4 -> 37 | Y4: =W4-X4 -> 12 | AA4: NOVEMBRO/2025 | AB4: 46037 | AC4: 229259.21 | AD4: 7258 | AE4: Entregue / Coletado | AF4: 46029 | AG4: =K4 -> FOB | AH4: FELKA TRANSPORTES E LOGISTICA LIMITADA | AI4: =#REF! -> #REF! | AJ4: 0 | AK4: =AJ4/AC4 -> 0 | AL4: 45994 | AM4: 45994 | AN4: =AM4-AF4 -> -35 | AO4: SIM | AP4: =I4 -> 46006 | AQ4: =AM4 -> 45994 | AR4: =AP4-H4 -> 49 | AS4: =AM4-H4 -> 37 | AT4: =AR4-AS4 -> 12 | AV4: OK | AW4: =AC4 -> 229259.21 | AX4: =Z4 -> 0 | AZ4: =AJ4 -> 0 | BA4: =AX4+AZ4 -> 0
A5: PERENCO | B5: Elder | C5: Pedido Padrão | D5: - | E5: 123026825 | F5: QOG2025-0259-7 | G5: 146 | H5: 45972 | I5: 45994 | J5: =I5-H5 -> 22 | K5: FOB | L5: BRASIL | M5: RJ | N5: MACAÉ | O5: OK | P5: 81444 | Q5: Alta | R5: =H5 -> 45972 | S5: FINALIZADO | T5: 45993 | U5: 45993 | V5: 45994 | W5: =V5-R5 -> 22 | X5: =U5-R5 -> 21 | Y5: =W5-X5 -> 1 | AA5: DEZEMBRO/2025 | AB5: 45994 | AC5: 81844 | AD5: 7185 | AE5: Entregue / Coletado | AF5: 46045 | AG5: =K5 -> FOB | AH5: EXPRESSO PREDILETO TRANSPORTES, LOGISTIC | AI5: =#REF! -> #REF! | AJ5: 0 | AK5: =AJ5/AC5 -> 0 | AL5: 45993 | AM5: 45993 | AN5: =AM5-AF5 -> -52 | AO5: SIM | AP5: =I5 -> 45994 | AQ5: =AM5 -> 45993 | AR5: =AP5-H5 -> 22 | AS5: =AM5-H5 -> 21 | AT5: =AR5-AS5 -> 1 | AV5: OK | AW5: =AC5 -> 81844 | AX5: =Z5 -> 0 | AZ5: =AJ5 -> 0 | BA5: =AX5+AZ5 -> 0
A6: PERENCO | B6: Elder | C6: Pedido Padrão | D6: - | E6: 123026825 | F6: QOG2025-0259-7 | G6: 146 | H6: 45972 | I6: 46045 | J6: =I6-H6 -> 73 | K6: FOB | L6: BRASIL | M6: RJ | N6: MACAÉ | O6: OK | P6: 43278 | Q6: Alta | R6: =H6 -> 45972 | S6: FINALIZADO | T6: 46045 | U6: 46045 | V6: =I6 -> 46045 | W6: =V6-R6 -> 73 | X6: =U6-R6 -> 73 | Y6: =W6-X6 -> 0 | AA6: DEZEMBRO/2025 | AB6: 46045 | AC6: 43278 | AD6: 7288 | AE6: Entregue / Coletado | AF6: 46045 | AG6: =K6 -> FOB | AH6: EXPRESSO PREDILETO TRANSPORTES, LOGISTIC | AI6: =#REF! -> #REF! | AJ6: 0 | AK6: =AJ6/AC6 -> 0 | AL6: 46045 | AM6: 46045 | AN6: =AM6-AF6 -> 0 | AO6: SIM | AP6: =I6 -> 46045 | AQ6: =AM6 -> 46045 | AR6: =AP6-H6 -> 73 | AS6: =AM6-H6 -> 73 | AT6: =AR6-AS6 -> 0 | AV6: OK | AW6: =AC6 -> 43278 | AX6: =Z6 -> 0 | AZ6: =AJ6 -> 0 | BA6: =AX6+AZ6 -> 0
A7: DANFOSS | B7: José Carlos | C7: Pedido Padrão | D7: - | E7: 4411884463 | F7: - | G7: 157 | H7: 45978 | I7: 46028 | J7: =I7-H7 -> 50 | K7: CIF | L7: BRASIL | M7: SP | N7: GUARATINGUETA | O7: OK | P7: 1077 | Q7: Baixa | R7: =H7 -> 45978 | S7: FINALIZADO | T7: 45999 | U7: =T7 -> 45999 | V7: =I7 -> 46028 | W7: =V7-R7 -> 50 | X7: =U7-R7 -> 21 | Y7: =W7-X7 -> 29 | AA7: DEZEMBRO/2025 | AB7: 46027 | AC7: 1077 | AD7: 7230 | AE7: Entregue / Coletado | AF7: 46028 | AG7: =K7 -> CIF | AH7: 4PIPE HIDROPIG - ENGENHARIA INDUSTRIAL LTDA | AI7: =#REF! -> #REF! | AJ7: 0 | AK7: =AJ7/AC7 -> 0 | AL7: 46028 | AM7: 46028 | AN7: =AM7-AF7 -> 0 | AO7: SIM | AP7: =I7 -> 46028 | AQ7: =AM7 -> 46028 | AR7: =AP7-H7 -> 50 | AS7: =AM7-H7 -> 50 | AT7: =AR7-AS7 -> 0 | AV7: OK | AW7: =AC7 -> 1077 | AX7: =Z7 -> 0 | AZ7: =AJ7 -> 0 | BA7: =AX7+AZ7 -> 0
A8: DANFOSS | B8: José Carlos | C8: Pedido Padrão | D8: - | E8: 4411896430 | F8: - | G8: 158 | H8: 45978 | I8: 46028 | J8: =I8-H8 -> 50 | K8: CIF | L8: BRASIL | M8: SP | N8: GUARATINGUETA | O8: OK | P8: 11790 | Q8: Baixa | R8: =H8 -> 45978 | S8: FINALIZADO | T8: 45999 | U8: =T8 -> 45999 | V8: =I8 -> 46028 | W8: =V8-R8 -> 50 | X8: =U8-R8 -> 21 | Y8: =W8-X8 -> 29 | AA8: DEZEMBRO/2025 | AB8: 46027 | AC8: 11790 | AD8: 7229 | AE8: Entregue / Coletado | AF8: 46028 | AG8: =K8 -> CIF | AH8: 4PIPE HIDROPIG - ENGENHARIA INDUSTRIAL LTDA | AI8: =#REF! -> #REF! | AJ8: 0 | AK8: =AJ8/AC8 -> 0 | AL8: 46028 | AM8: 46028 | AN8: =AM8-AF8 -> 0 | AO8: SIM | AP8: =I8 -> 46028 | AQ8: =AM8 -> 46028 | AR8: =AP8-H8 -> 50 | AS8: =AM8-H8 -> 50 | AT8: =AR8-AS8 -> 0 | AV8: OK | AW8: =AC8 -> 11790 | AX8: =Z8 -> 0 | AZ8: =AJ8 -> 0 | BA8: =AX8+AZ8 -> 0
A9: CATTALINI | B9: Isaias | C9: Pedido Padrão | D9: 113/2023 | E9: 4500009499 | F9: - | G9: 162 | H9: 45979 | I9: 46010 | J9: =I9-H9 -> 31 | K9: CIF | L9: BRASIL | M9: PR | N9: PARANAGUA | O9: OK | P9: 19374.84 | Q9: Média | R9: =H9 -> 45979 | S9: FINALIZADO | T9: 46042 | U9: 46041 | V9: =I9 -> 46010 | W9: =V9-R9 -> 31 | X9: =U9-R9 -> 62 | Y9: =W9-X9 -> -31 | Z9: 8834.86 | AA9: SEMANA 02 / JAN / 2026 | AB9: 46043 | AC9: 20437.6 | AD9: 7276 | AE9: Entregue / Coletado | AF9: 46043 | AG9: =K9 -> CIF | AH9: RODONAVES TRANSPORTES ENCOM LTDA | AI9: =#REF! -> #REF! | AJ9: 334.63 | AK9: =AJ9/AC9 -> 0.016373253 | AL9: 46052 | AM9: 46048 | AN9: =AM9-AF9 -> 5 | AO9: NÃO | AP9: =I9 -> 46010 | AQ9: =AM9 -> 46048 | AR9: =AP9-H9 -> 31 | AS9: =AM9-H9 -> 69 | AT9: =AR9-AS9 -> -38 | AU9: atraso maxbor | AV9: CRÍTICO | AW9: =AC9 -> 20437.6 | AX9: =Z9 -> 8834.86 | AZ9: =AJ9 -> 334.63 | BA9: =AX9+AZ9 -> 9169.49
A10: TOTAL EP DO BRASIL | B10: Elder | C10: Pedido Padrão | D10: - | E10: 4500176958 | F10: 4PIPE000014 | G10: 184/235 | H10: 45993 | I10: 46035 | J10: =I10-H10 -> 42 | K10: CIF | L10: BRASIL | M10: RJ | N10: CAJU | O10: OK | P10: 7335 | Q10: Alta | R10: =H10 -> 45993 | S10: FINALIZADO | T10: 46009 | U10: 46009 | V10: =I10 -> 46035 | W10: =V10-R10 -> 42 | X10: =U10-R10 -> 16 | Y10: =W10-X10 -> 26 | AA10: DEZEMBRO/2025 | AB10: 46031 | AC10: 7335 | AD10: 7239 | AE10: Entregue / Coletado | AF10: 46035 | AG10: =K10 -> CIF | AH10: 4PIPE HIDROPIG - ENGENHARIA INDUSTRIAL LTDA | AI10: =#REF! -> #REF! | AJ10: 0 | AK10: =AJ10/AC10 -> 0 | AL10: 46035 | AM10: 46035 | AN10: =AM10-AF10 -> 0 | AO10: SIM | AP10: =I10 -> 46035 | AQ10: =AM10 -> 46035 | AR10: =AP10-H10 -> 42 | AS10: =AM10-H10 -> 42 | AT10: =AR10-AS10 -> 0 | AV10: OK | AW10: =AC10 -> 7335 | AX10: =Z10 -> 0 | AZ10: =AJ10 -> 0 | BA10: =AX10+AZ10 -> 0
A11: D&D INGENIERIA CONSTRUCCION | B11: Mateus - Exportação | C11: Pedido Padrão | D11: - | E11: 0412-25 | F11: 4PIPE000096 | G11: 191 | H11: 45996 | I11: 46013 | J11: =I11-H11 -> 17 | K11: FOB | L11: CHILE | M11: EX | N11: PROVIDENCIA | O11: OK | P11: 18670.77 | Q11: Alta | R11: =H11 -> 45996 | S11: FINALIZADO | T11: 46013 | U11: =T11 -> 46013 | V11: =I11 -> 46013 | W11: =V11-R11 -> 17 | X11: =U11-R11 -> 17 | Y11: =W11-X11 -> 0 | AA11: DEZEMBRO/2025 | AB11: 46028 | AC11: 18670.77 | AD11: 7232 | AE11: Entregue / Coletado | AF11: 46029 | AG11: =K11 -> FOB | AH11: TRANS-FERRARI TRANSPORTE E LOGISTICA LTD | AI11: =#REF! -> #REF! | AJ11: 0 | AK11: =AJ11/AC11 -> 0 | AL11: 46014 | AM11: 46014 | AN11: =AM11-AF11 -> -15 | AO11: NÃO | AP11: =I11 -> 46013 | AQ11: =AM11 -> 46014 | AR11: =AP11-H11 -> 17 | AS11: =AM11-H11 -> 18 | AT11: =AR11-AS11 -> -1 | AV11: ATENÇÃO | AW11: =AC11 -> 18670.77 | AX11: =Z11 -> 0 | AZ11: =AJ11 -> 0 | BA11: =AX11+AZ11 -> 0
A12: VOPAK SANTOS | B12: José Carlos | C12: Pedido Padrão | D12: - | E12: P6913483 | F12: 4PIPE000152 | G12: 192 (226) | H12: 45996 | I12: 46048 | J12: =I12-H12 -> 52 | K12: CIF | L12: BRASIL | M12: SP | N12: SANTOS | O12: OK | P12: 36862.2 | Q12: Alta | R12: =H12 -> 45996 | S12: FINALIZADO | T12: 46048 | U12: 46045 | V12: =I12 -> 46048 | W12: =V12-R12 -> 52 | X12: =U12-R12 -> 49 | Y12: =W12-X12 -> 3 | Z12: 7919.93 | AA12: SEMANA 03 / JAN / 2026 | AB12: 46045 | AC12: 36862.2 | AD12: 7287 | AE12: Entregue / Coletado | AF12: 46048 | AG12: =K12 -> CIF | AH12: 4PIPE HIDROPIG - ENGENHARIA INDUSTRIAL LTDA | AI12: =#REF! -> #REF! | AJ12: 0 | AK12: =AJ12/AC12 -> 0 | AL12: 46048 | AM12: 46048 | AN12: =AM12-AF12 -> 0 | AO12: SIM | AP12: =I12 -> 46048 | AQ12: =AM12 -> 46048 | AR12: =AP12-H12 -> 52 | AS12: =AM12-H12 -> 52 | AT12: =AR12-AS12 -> 0 | AV12: OK | AW12: =AC12 -> 36862.2 | AX12: =Z12 -> 7919.93 | AZ12: =AJ12 -> 0 | BA12: =AX12+AZ12 -> 7919.93
A13: BAKER HUGHES | B13: Elder | C13: Pedido Padrão | D13: - | E13: 555730763 | F13: - | G13: 194 | H13: 45999 | I13: 46035 | J13: =I13-H13 -> 36 | K13: CIF | L13: BRASIL | M13: RJ | N13: NITERÓI | O13: OK | P13: 5253 | Q13: Média | R13: =H13 -> 45999 | S13: FINALIZADO | T13: 46009 | U13: =T13 -> 46009 | V13: =I13 -> 46035 | W13: =V13-R13 -> 36 | X13: =U13-R13 -> 10 | Y13: =W13-X13 -> 26 | AA13: DEZEMBRO/2025 | AB13: 46034 | AC13: 5253 | AD13: 7244 | AE13: Entregue / Coletado | AF13: 46035 | AG13: =K13 -> CIF | AH13: 4PIPE HIDROPIG - ENGENHARIA INDUSTRIAL LTDA | AI13: =#REF! -> #REF! | AJ13: 0 | AK13: =AJ13/AC13 -> 0 | AL13: 46035 | AM13: 46035 | AN13: =AM13-AF13 -> 0 | AO13: SIM | AP13: =I13 -> 46035 | AQ13: =AM13 -> 46035 | AR13: =AP13-H13 -> 36 | AS13: =AM13-H13 -> 36 | AT13: =AR13-AS13 -> 0 | AV13: OK | AW13: =AC13 -> 5253 | AX13: =Z13 -> 0 | AZ13: =AJ13 -> 0 | BA13: =AX13+AZ13 -> 0
A14: BAKER HUGHES | B14: Elder | C14: Pedido Padrão | D14: - | E14: 555730764 | F14: - | G14: 195 | H14: 45999 | I14: 46035 | J14: =I14-H14 -> 36 | K14: CIF | L14: BRASIL | M14: RJ | N14: NITERÓI | O14: OK | P14: 22541 | Q14: Média | R14: =H14 -> 45999 | S14: FINALIZADO | T14: =T13 -> 46009 | U14: =T14 -> 46009 | V14: =I14 -> 46035 | W14: =V14-R14 -> 36 | X14: =U14-R14 -> 10 | Y14: =W14-X14 -> 26 | AA14: DEZEMBRO/2025 | AB14: 46034 | AC14: 22541 | AD14: 7245 | AE14: Entregue / Coletado | AF14: 46035 | AG14: =K14 -> CIF | AH14: 4PIPE HIDROPIG - ENGENHARIA INDUSTRIAL LTDA | AI14: =#REF! -> #REF! | AJ14: 0 | AK14: =AJ14/AC14 -> 0 | AL14: 46035 | AM14: 46035 | AN14: =AM14-AF14 -> 0 | AO14: SIM | AP14: =I14 -> 46035 | AQ14: =AM14 -> 46035 | AR14: =AP14-H14 -> 36 | AS14: =AM14-H14 -> 36 | AT14: =AR14-AS14 -> 0 | AV14: OK | AW14: =AC14 -> 22541 | AX14: =Z14 -> 0 | AZ14: =AJ14 -> 0 | BA14: =AX14+AZ14 -> 0
A15: PETROBRAS MACAÉ | B15: Elder | C15: Pedido Padrão | D15: - | F15: 4PIPE000097 | G15: 205 | H15: 46002 | I15: 46091 | J15: =I15-H15 -> 89 | K15: CIF | L15: BRASIL | M15: RJ | N15: MACAÉ | O15: OK | P15: 3873.04 | Q15: Baixa | R15: =H15 -> 46002 | S15: FINALIZADO | T15: 46027 | U15: 46028 | V15: =I15 -> 46091 | W15: =V15-R15 -> 89 | X15: =U15-R15 -> 26 | Y15: =W15-X15 -> 63 | Z15: 175.08 | AA15: SEMANA 01 / JAN / 2026 | AB15: 46043 | AC15: 3873.06 | AD15: 7280 | AE15: Entregue / Coletado | AF15: 46045 | AG15: =K15 -> CIF | AH15: EMPRESA DE TRANSPORTES MARTINS LTDA | AI15: =#REF! -> #REF! | AJ15: 216.09 | AK15: =AJ15/AC15 -> 0.055793094 | AL15: 46052 | AM15: 46052 | AN15: =AM15-AF15 -> 7 | AO15: SIM | AP15: =I15 -> 46091 | AQ15: =AM15 -> 46052 | AR15: =AP15-H15 -> 89 | AS15: =AM15-H15 -> 50 | AT15: =AR15-AS15 -> 39 | AV15: OK | AW15: =AC15 -> 3873.06 | AX15: =Z15 -> 175.08 | AZ15: =AJ15 -> 216.09 | BA15: =AX15+AZ15 -> 391.17
A16: BAKER HUGHES | B16: Elder | C16: Pedido Padrão | D16: - | E16: 950263111 | F16: - | G16: 203 | H16: 46006 | I16: 46035 | J16: =I16-H16 -> 29 | K16: CIF | L16: BRASIL | M16: RJ | N16: NITERÓI | O16: OK | P16: 11708.55 | Q16: Média | R16: =H16 -> 46006 | S16: FINALIZADO | T16: 46013 | U16: =T16 -> 46013 | V16: =I16 -> 46035 | W16: =V16-R16 -> 29 | X16: =U16-R16 -> 7 | Y16: =W16-X16 -> 22 | AA16: DEZEMBRO/2025 | AB16: 46034 | AC16: 11708.55 | AD16: 7241 | AE16: Entregue / Coletado | AF16: 46034 | AG16: =K16 -> CIF | AH16: 4PIPE HIDROPIG - ENGENHARIA INDUSTRIAL LTDA | AI16: =#REF! -> #REF! | AJ16: 0 | AK16: =AJ16/AC16 -> 0 | AL16: 46035 | AM16: 46035 | AN16: =AM16-AF16 -> 1 | AO16: SIM | AP16: =I16 -> 46035 | AQ16: =AM16 -> 46035 | AR16: =AP16-H16 -> 29 | AS16: =AM16-H16 -> 29 | AT16: =AR16-AS16 -> 0 | AV16: OK | AW16: =AC16 -> 11708.55 | AX16: =Z16 -> 0 | AZ16: =AJ16 -> 0 | BA16: =AX16+AZ16 -> 0
A17: BAKER HUGHES | B17: Elder | C17: Pedido Padrão | D17: - | E17: 950263145 | F17: - | G17: 204 | H17: 46006 | I17: 46035 | J17: =I17-H17 -> 29 | K17: CIF | L17: BRASIL | M17: RJ | N17: NITERÓI | O17: OK | P17: 8962.1 | Q17: Média | R17: =H17 -> 46006 | S17: FINALIZADO | T17: =T16 -> 46013 | U17: 46013 | V17: =I17 -> 46035 | W17: =V17-R17 -> 29 | X17: =U17-R17 -> 7 | Y17: =W17-X17 -> 22 | AA17: DEZEMBRO/2025 | AB17: 46034 | AC17: 8962.1 | AD17: 7242 | AE17: Entregue / Coletado | AF17: 46034 | AG17: =K17 -> CIF | AH17: 4PIPE HIDROPIG - ENGENHARIA INDUSTRIAL LTDA | AI17: =#REF! -> #REF! | AJ17: 0 | AK17: =AJ17/AC17 -> 0 | AL17: 46035 | AM17: 46035 | AN17: =AM17-AF17 -> 1 | AO17: SIM | AP17: =I17 -> 46035 | AQ17: =AM17 -> 46035 | AR17: =AP17-H17 -> 29 | AS17: =AM17-H17 -> 29 | AT17: =AR17-AS17 -> 0 | AV17: OK | AW17: =AC17 -> 8962.1 | AX17: =Z17 -> 0 | AZ17: =AJ17 -> 0 | BA17: =AX17+AZ17 -> 0
A18: PETROBRAS MACAÉ | B18: Elder | C18: Pedido Padrão | D18: - | E18: 4514848558 | F18: - | G18: 206 | H18: 46006 | I18: 46035 | J18: =I18-H18 -> 29 | K18: CIF | L18: BRASIL | M18: RJ | N18: MACAÉ | O18: OK | P18: 17871.1 | Q18: Média | R18: =H18 -> 46006 | S18: FINALIZADO | T18: 46034 | U18: 46034 | V18: =I18 -> 46035 | W18: =V18-R18 -> 29 | X18: =U18-R18 -> 28 | Y18: =W18-X18 -> 1 | Z18: 1700.73 | AA18: SEMANA 01 / JAN / 2026 | AB18: 46036 | AC18: 17871.1 | AD18: 7250 | AE18: Entregue / Coletado | AF18: 46038 | AG18: =K18 -> CIF | AH18: EMPRESA DE TRANSPORTES MARTINS LTDA | AI18: =#REF! -> #REF! | AJ18: 550.49 | AK18: =AJ18/AC18 -> 0.030803364 | AL18: 46045 | AM18: 46045 | AN18: =AM18-AF18 -> 7 | AO18: NÃO | AP18: =I18 -> 46035 | AQ18: =AM18 -> 46045 | AR18: =AP18-H18 -> 29 | AS18: =AM18-H18 -> 39 | AT18: =AR18-AS18 -> -10 | AU18: ATRASO PRODUÇÃO DEVIDO A PAUSA DO RECESSO FIM DE ANO. | AV18: ATENÇÃO | AW18: =AC18 -> 17871.1 | AX18: =Z18 -> 1700.73 | AZ18: =AJ18 -> 550.49 | BA18: =AX18+AZ18 -> 2251.22
A19: PETROBRAS MACAÉ | B19: José Carlos | C19: Pedido Padrão | D19: 4600677427 | E19: 4514868591 | F19: - | G19: 208 /424 | H19: 46006 | I19: 46036 | J19: =I19-H19 -> 30 | K19: CIF | L19: BRASIL | M19: SP | N19: CUBATÃO | O19: OK | P19: 2123.54 | Q19: Média | R19: =H19 -> 46006 | S19: FINALIZADO | T19: 46028 | U19: 46028 | V19: =I19 -> 46036 | W19: =V19-R19 -> 30 | X19: =U19-R19 -> 22 | Y19: =W19-X19 -> 8 | Z19: 207.93 | AA19: SEMANA 01 / JAN / 2026 | AB19: 46104 | AC19: 2123.54 | AD19: 7440 | AE19: Entregue / Coletado | AF19: 46104 | AG19: =K19 -> CIF | AH19: 4PIPE HIDROPIG - ENGENHARIA INDUSTRIAL LTDA | AI19: =#REF! -> #REF! | AJ19: 0 | AK19: =AJ19/AC19 -> 0 | AL19: 46028 | AM19: 46105 | AN19: =AM19-AF19 -> 1 | AO19: SIM | AP19: 46105 | AQ19: =AM19 -> 46105 | AR19: =AP19-H19 -> 99 | AS19: =AM19-H19 -> 99 | AT19: =AR19-AS19 -> 0 | AU19: recusa na entrega em janeiro /// entrega feita em março /// prazo entrega ajustado na gestao para não prejudicar o OTD | AV19: CRÍTICO | AW19: =AC19 -> 2123.54 | AX19: =Z19 -> 207.93 | AZ19: =AJ19 -> 0 | BA19: =AX19+AZ19 -> 207.93
A20: TRANSPETRO CARAGUA | B20: José Carlos | C20: Reforma | D20: - | G20: N/A | H20: 46006 | I20: 46052 | J20: =I20-H20 -> 46 | K20: CIF | M20: SP | O20: OK | P20: 91000 | Q20: Alta | R20: =H20 -> 46006 | S20: FINALIZADO | T20: 46041 | U20: 46042 | V20: =I20 -> 46052 | W20: =V20-R20 -> 46 | X20: =U20-R20 -> 36 | Y20: =W20-X20 -> 10 | AA20: SEMANA 02 / JAN / 2026 | AB20: 46042 | AC20: 91000 | AD20: 7270 | AE20: Entregue / Coletado | AF20: 46043 | AG20: =K20 -> CIF | AH20: 4PIPE HIDROPIG - ENGENHARIA INDUSTRIAL LTDA | AI20: =#REF! -> #REF! | AJ20: 0 | AK20: =AJ20/AC20 -> 0 | AL20: 46044 | AM20: 46044 | AN20: =AM20-AF20 -> 1 | AO20: SIM | AP20: =I20 -> 46052 | AQ20: =AM20 -> 46044 | AR20: =AP20-H20 -> 46 | AS20: =AM20-H20 -> 38 | AT20: =AR20-AS20 -> 8 | AU20: comunicação produção (liderança x operação), impactando planejamento realizado... Discutir com lideres causa x plano de ação | AV20: ATENÇÃO | AW20: 0 | AX20: =Z20 -> 0 | AZ20: =AJ20 -> 0 | BA20: =AX20+AZ20 -> 0
A21: PETROBRAS MACAÉ | B21: Elder | C21: Pedido Padrão | D21: 4600677427 | E21: 4514868099 | F21: - | G21: 209 | H21: 46007 | I21: 46036 | J21: =I21-H21 -> 29 | K21: CIF | L21: BRASIL | M21: RJ | N21: MACAÉ | O21: OK | P21: 3130.16 | Q21: Média | R21: =H21 -> 46007 | S21: FINALIZADO | T21: 46028 | U21: 46028 | V21: =I21 -> 46036 | W21: =V21-R21 -> 29 | X21: =U21-R21 -> 21 | Y21: =W21-X21 -> 8 | Z21: 1001.37 | AA21: SEMANA 01 / JAN / 2026 | AB21: 46029 | AC21: 3130.16 | AD21: 7235 | AE21: Entregue / Coletado | AF21: 46045 | AG21: CIF | AH21: EMPRESA DE TRANSPORTES MARTINS LTDA | AI21: =#REF! -> #REF! | AJ21: 500 | AK21: =AJ21/AC21 -> 0.15973624 | AL21: 46050 | AM21: 46050 | AN21: =AM21-AF21 -> 5 | AO21: SIM | AP21: =I21 -> 46036 | AQ21: =AM21 -> 46050 | AR21: =AP21-H21 -> 29 | AS21: =AM21-H21 -> 43 | AT21: =AR21-AS21 -> -14 | AV21: ATENÇÃO | AW21: =AC21 -> 3130.16 | AX21: =Z21 -> 1001.37 | AZ21: =AJ21 -> 500 | BA21: =AX21+AZ21 -> 1501.37
A22: ERAM | B22: Mateus - Exportação | C22: Pedido Padrão | D22: - | E22: - | F22: 4PIPE00078 | G22: 210 | H22: 46007 | I22: 46079 | J22: =I22-H22 -> 72 | K22: CIF | L22: ARGENTINA | M22: EX | N22: BUENOS AIRES | O22: OK | P22: 87407.33 | Q22: Alta | R22: =H22 -> 46007 | S22: FINALIZADO | T22: 46079 | U22: 46079 | V22: =I22 -> 46079 | W22: =V22-R22 -> 72 | X22: =U22-R22 -> 72 | Y22: =W22-X22 -> 0 | Z22: 32373.63 | AA22: SEMANA 04 / FEV / 2026 | AB22: 46080 | AC22: 94904.81 | AD22: 7377 | AE22: Entregue / Coletado | AF22: 46084 | AG22: FOB | AH22: TRANSPORTES VITANGELO MUNHOZ LOGISTICA | AI22: =#REF! -> #REF! | AJ22: 0 | AK22: =AJ22/AC22 -> 0 | AL22: 46084 | AM22: 46079 | AN22: =AM22-AF22 -> -5 | AO22: SIM | AP22: =I22 -> 46079 | AQ22: =AM22 -> 46079 | AR22: =AP22-H22 -> 72 | AS22: =AM22-H22 -> 72 | AT22: =AR22-AS22 -> 0 | AV22: OK | AW22: =AC22 -> 94904.81 | AX22: =Z22 -> 32373.63 | AZ22: =AJ22 -> 0 | BA22: =AX22+AZ22 -> 32373.63
A23: NOVELIS | B23: José Carlos | C23: Pedido Padrão | D23: - | E23: 496601 | F23: 4PIPE000141 | G23: 212 | H23: 46007 | I23: 46052 | J23: =I23-H23 -> 45 | K23: FOB | L23: BRASIL | M23: SP | N23: PINDAMONHANGABA | O23: OK | P23: 6178 | Q23: Baixa | R23: =H23 -> 46007 | S23: FINALIZADO | T23: 46042 | U23: 46031 | V23: =I23 -> 46052 | W23: =V23-R23 -> 45 | X23: =U23-R23 -> 24 | Y23: =W23-X23 -> 21 | Z23: 302.11 | AA23: SEMANA 01 / JAN / 2026 | AB23: 46035 | AC23: 6178 | AD23: 7249 | AE23: Entregue / Coletado | AF23: 46045 | AG23: =K23 -> FOB | AH23: NOVELIS DO BRASIL LTDA. | AI23: =#REF! -> #REF! | AJ23: 0 | AK23: =AJ23/AC23 -> 0 | AL23: 46034 | AM23: 46034 | AN23: =AM23-AF23 -> -11 | AO23: SIM | AP23: =I23 -> 46052 | AQ23: =AM23 -> 46034 | AR23: =AP23-H23 -> 45 | AS23: =AM23-H23 -> 27 | AT23: =AR23-AS23 -> 18 | AV23: OK | AW23: =AC23 -> 6178 | AX23: =Z23 -> 302.11 | AZ23: =AJ23 -> 0 | BA23: =AX23+AZ23 -> 302.11
A24: BAKER | B24: Elder | C24: Pedido Padrão | D24: - | E24: 555731050 | F24: - | G24: 213 | H24: 46007 | I24: 46042 | J24: =I24-H24 -> 35 | K24: CIF | L24: BRASIL | M24: RJ | N24: NITERÓI | O24: OK | P24: 60588 | Q24: Média | R24: =H24 -> 46007 | S24: FINALIZADO | T24: 46037 | U24: 46037 | V24: =I24 -> 46042 | W24: =V24-R24 -> 35 | X24: =U24-R24 -> 30 | Y24: =W24-X24 -> 5 | Z24: 2931.69 | AA24: SEMANA 02 / JAN / 2026 | AB24: 46042 | AC24: 60588 | AD24: 7267 | AE24: Entregue / Coletado | AF24: 46043 | AG24: =K24 -> CIF | AH24: 4PIPE HIDROPIG - ENGENHARIA INDUSTRIAL LTDA | AI24: =#REF! -> #REF! | AJ24: 0 | AK24: =AJ24/AC24 -> 0 | AL24: 46043 | AM24: 46043 | AN24: =AM24-AF24 -> 0 | AO24: NÃO | AP24: =I24 -> 46042 | AQ24: =AM24 -> 46043 | AR24: =AP24-H24 -> 35 | AS24: =AM24-H24 -> 36 | AT24: =AR24-AS24 -> -1 | AU24: ATRASO PRODUÇÃO DEVIDO A PAUSA DO RECESSO FIM DE ANO. | AV24: ATENÇÃO | AW24: =AC24 -> 60588 | AX24: =Z24 -> 2931.69 | AZ24: =AJ24 -> 0 | BA24: =AX24+AZ24 -> 2931.69
A25: OIL STATES | B25: Elder | C25: Pedido Padrão | D25: - | E25: 060385-2 | F25: 4PIPE000177 | G25: 221 | H25: 46007 | I25: 46051 | J25: =I25-H25 -> 44 | K25: FOB | M25: RJ | N25: MACAÉ | O25: OK | P25: 13489 | Q25: Média | R25: =H25 -> 46007 | S25: FINALIZADO | T25: 46050 | U25: 46050 | V25: =I25 -> 46051 | W25: =V25-R25 -> 44 | X25: =U25-R25 -> 43 | Y25: =W25-X25 -> 1 | Z25: 9027.89 | AA25: SEMANA 04 / JAN / 2026 | AB25: 46058 | AC25: 13524.59 | AD25: 7318 | AE25: Entregue / Coletado | AF25: 46059 | AG25: =K25 -> FOB | AH25: THS TRANSPORTE E LOGISTICA LTDA - EPP | AI25: =#REF! -> #REF! | AJ25: 0 | AK25: =AJ25/AC25 -> 0 | AL25: 46051 | AM25: 46051 | AN25: =AM25-AF25 -> -8 | AO25: SIM | AP25: =I25 -> 46051 | AQ25: =AM25 -> 46051 | AR25: =AP25-H25 -> 44 | AS25: =AM25-H25 -> 44 | AT25: =AR25-AS25 -> 0 | AU25: REVISAR CUSTOS PRODUÇÃO/COMERCIAL | AV25: CRÍTICO | AW25: =AC25 -> 13524.59 | AX25: =Z25 -> 9027.89 | AZ25: =AJ25 -> 0 | BA25: =AX25+AZ25 -> 9027.89
A26: LOGUM | B26: Mateus - Exportação | C26: Reforma | D26: - | E26: 4500013180 | F26: 4PIPE000157 | G26: 218 | H26: 46013 | I26: 46052 | J26: =I26-H26 -> 39 | K26: FOB | L26: BRASIL | M26: SP | N26: CUMBICA | O26: OK | P26: 7105.7 | Q26: Alta | R26: =H26 -> 46013 | S26: FINALIZADO | T26: 46043 | U26: 46038 | V26: =I26 -> 46052 | W26: =V26-R26 -> 39 | X26: =U26-R26 -> 25 | Y26: =W26-X26 -> 14 | Z26: 1056.86 | AA26: SEMANA 02 / JAN / 2026 | AB26: 46042 | AC26: 8578.5 | AD26: 7274 | AE26: Entregue / Coletado | AF26: 46043 | AG26: =K26 -> FOB | AH26: LOGUM LOGISTICA S A | AI26: =#REF! -> #REF! | AJ26: 0 | AK26: =AJ26/AC26 -> 0 | AL26: 46043 | AM26: 46043 | AN26: =AM26-AF26 -> 0 | AO26: SIM | AP26: =I26 -> 46052 | AQ26: =AM26 -> 46043 | AR26: =AP26-H26 -> 39 | AS26: =AM26-H26 -> 30 | AT26: =AR26-AS26 -> 9 | AV26: OK | AW26: =AC26 -> 8578.5 | AX26: =Z26 -> 1056.86 | AZ26: =AJ26 -> 0 | BA26: =AX26+AZ26 -> 1056.86
A27: AURORA | B27: Isaias | C27: Pedido Padrão | D27: - | E27: 4448633 | F27: 4PIPE000187 | G27: 219 | H27: 46013 | I27: 46048 | J27: =I27-H27 -> 35 | K27: CIF | L27: BRASIL | M27: SC | N27: ABELARDO LUZ | O27: OK | P27: 8353.2 | Q27: Média | R27: =H27 -> 46013 | S27: FINALIZADO | T27: 46029 | U27: 46030 | V27: =I27 -> 46048 | W27: =V27-R27 -> 35 | X27: =U27-R27 -> 17 | Y27: =W27-X27 -> 18 | Z27: 172.18 | AA27: SEMANA 01 / JAN / 2026 | AB27: 46035 | AC27: 8353.2 | AD27: 7247 | AE27: Entregue / Coletado | AF27: 46036 | AG27: =K27 -> CIF | AH27: RODONAVES TRANSPORTES ENCOM LTDA | AI27: =#REF! -> #REF! | AJ27: 198.22 | AK27: =AJ27/AC27 -> 0.023729828 | AL27: 46048 | AM27: 46043 | AN27: =AM27-AF27 -> 7 | AO27: SIM | AP27: =I27 -> 46048 | AQ27: =AM27 -> 46043 | AR27: =AP27-H27 -> 35 | AS27: =AM27-H27 -> 30 | AT27: =AR27-AS27 -> 5 | AV27: OK | AW27: =AC27 -> 8353.2 | AX27: =Z27 -> 172.18 | AZ27: =AJ27 -> 198.22 | BA27: =AX27+AZ27 -> 370.4 | BB27: VENDA CUSTO BAIXO
A28: ULTRACARGO | B28: Saulo | C28: Pedido Padrão | D28: - | E28: 5700023797 | F28: 4PIPE000190 | G28: 220 | H28: 46013 | I28: 46048 | J28: =I28-H28 -> 35 | K28: CIF | L28: BRASIL | M28: PE | N28: IPOJUCA | O28: OK | P28: 3507 | Q28: Média | R28: =H28 -> 46013 | S28: FINALIZADO | T28: 46035 | U28: 46031 | V28: =I28 -> 46048 | W28: =V28-R28 -> 35 | X28: =U28-R28 -> 18 | Y28: =W28-X28 -> 17 | Z28: 391.82 | AA28: SEMANA 01 / JAN / 2026 | AB28: 46035 | AC28: 3507 | AD28: 7248 | AE28: Entregue / Coletado | AF28: 46036 | AG28: =K28 -> CIF | AH28: RODONAVES TRANSPORTES MULTIMODAL LTDA | AI28: =#REF! -> #REF! | AJ28: 183.52 | AK28: =AJ28/AC28 -> 0.052329626 | AL28: 46045 | AM28: 46043 | AN28: =AM28-AF28 -> 7 | AO28: SIM | AP28: =I28 -> 46048 | AQ28: =AM28 -> 46043 | AR28: =AP28-H28 -> 35 | AS28: =AM28-H28 -> 30 | AT28: =AR28-AS28 -> 5 | AV28: OK | AW28: =AC28 -> 3507 | AX28: =Z28 -> 391.82 | AZ28: =AJ28 -> 183.52 | BA28: =AX28+AZ28 -> 575.34
A29: AURORA | B29: Isaias | C29: Pedido Padrão | D29: - | E29: 4452851 | F29: 4PIPE000181 | G29: 223 | H29: 46027 | I29: 46050 | J29: =I29-H29 -> 23 | K29: CIF | L29: BRASIL | M29: SC | N29: CHAPECÓ | O29: OK | P29: 3510 | Q29: Média | R29: =H29 -> 46027 | S29: FINALIZADO | T29: 46036 | U29: 46037 | V29: =I29 -> 46050 | W29: =V29-R29 -> 23 | X29: =U29-R29 -> 10 | Y29: =W29-X29 -> 13 | Z29: 102.4 | AA29: SEMANA 02 / JAN / 2026 | AB29: 46038 | AC29: 3510 | AD29: 7260 | AE29: Entregue / Coletado | AF29: 46038 | AG29: =K29 -> CIF | AH29: RODONAVES TRANSPORTES ENCOM LTDA | AI29: =#REF! -> #REF! | AJ29: 369.95 | AK29: =AJ29/AC29 -> 0.10539886 | AL29: 46048 | AM29: 46050 | AN29: =AM29-AF29 -> 12 | AO29: SIM | AP29: =I29 -> 46050 | AQ29: =AM29 -> 46050 | AR29: =AP29-H29 -> 23 | AS29: =AM29-H29 -> 23 | AT29: =AR29-AS29 -> 0 | AV29: OK | AW29: =AC29 -> 3510 | AX29: =Z29 -> 102.4 | AZ29: =AJ29 -> 369.95 | BA29: =AX29+AZ29 -> 472.35
A30: CARMO ENERGY | B30: Rui | C30: Pedido Padrão | D30: - | E30: 4300000145 | F30: 4PIPE000184 | G30: 225 | H30: 46027 | I30: 46051 | J30: =I30-H30 -> 24 | K30: CIF | L30: BRASIL | M30: SE | N30: JAPARATUBA | O30: OK | P30: 6440 | Q30: Média | R30: =H30 -> 46027 | S30: FINALIZADO | T30: 46038 | U30: 46037 | V30: =I30 -> 46051 | W30: =V30-R30 -> 24 | X30: =U30-R30 -> 10 | Y30: =W30-X30 -> 14 | Z30: 414.94 | AA30: SEMANA 02 / JAN / 2026 | AB30: 46038 | AC30: 6440.02 | AD30: 7261 | AE30: Entregue / Coletado | AF30: 46041 | AG30: =K30 -> CIF | AH30: GRU AVIAT CARGO EXPRESS TRANSPORTES LTDA | AI30: =#REF! -> #REF! | AJ30: 817.79 | AK30: =AJ30/AC30 -> 0.12698563 | AL30: 46049 | AM30: 46052 | AN30: =AM30-AF30 -> 11 | AO30: NÃO | AP30: =I30 -> 46051 | AQ30: =AM30 -> 46052 | AR30: =AP30-H30 -> 24 | AS30: =AM30-H30 -> 25 | AT30: =AR30-AS30 -> -1 | AV30: ATENÇÃO | AW30: =AC30 -> 6440.02 | AX30: =Z30 -> 414.94 | AZ30: =AJ30 -> 817.79 | BA30: =AX30+AZ30 -> 1232.73
A31: 3R BRAVA | B31: Saulo | C31: Pedido Padrão | D31: - | E31: 218155 | F31: 4PIPE000171 | G31: 227 | H31: 46027 | I31: 46062 | J31: =I31-H31 -> 35 | K31: CIF | L31: BRASIL | M31: RN | N31: MOSSÓRO | O31: OK | P31: 26000 | Q31: Média | R31: =H31 -> 46027 | S31: FINALIZADO | T31: 46038 | U31: 46041 | V31: =I31 -> 46062 | W31: =V31-R31 -> 35 | X31: =U31-R31 -> 14 | Y31: =W31-X31 -> 21 | Z31: 3909.86 | AA31: SEMANA 02 / JAN / 2026 | AB31: 46042 | AC31: 26000 | AD31: 7275 | AE31: Entregue / Coletado | AF31: 46045 | AG31: =K31 -> CIF | AH31: AVIAT CARGO EXPRESS TRANSPORTES LTDA | AI31: =#REF! -> #REF! | AJ31: 1721.29 | AK31: =AJ31/AC31 -> 0.066203462 | AL31: 46058 | AM31: 46052 | AN31: =AM31-AF31 -> 7 | AO31: SIM | AP31: =I31 -> 46062 | AQ31: =AM31 -> 46052 | AR31: =AP31-H31 -> 35 | AS31: =AM31-H31 -> 25 | AT31: =AR31-AS31 -> 10 | AV31: OK | AW31: =AC31 -> 26000 | AX31: =Z31 -> 3909.86 | AZ31: =AJ31 -> 1721.29 | BA31: =AX31+AZ31 -> 5631.15
A32: PERENCO | B32: Elder | C32: Pedido Padrão | D32: - | E32: 123027795 | F32: 4PIPE000168-1 | G32: 228 | H32: 46027 | I32: 46052 | J32: =I32-H32 -> 25 | K32: FOB | L32: BRASIL | M32: RJ | N32: SÃO JOÃO DA BARRA | O32: OK | P32: 25019.64 | Q32: Alta | R32: =H32 -> 46027 | S32: FINALIZADO | T32: 46045 | U32: 46045 | V32: =I32 -> 46052 | W32: =V32-R32 -> 25 | X32: =U32-R32 -> 18 | Y32: =W32-X32 -> 7 | Z32: 5940 | AA32: SEMANA 03 / JAN / 2026 | AB32: 46044 | AC32: 25019.63 | AD32: 7292 | AE32: Entregue / Coletado | AF32: 46045 | AG32: =K32 -> FOB | AH32: EXPRESSO PREDILETO TRANSPORTES, LOGISTIC | AI32: =#REF! -> #REF! | AJ32: 0 | AK32: =AJ32/AC32 -> 0 | AL32: 46045 | AM32: 46045 | AN32: =AM32-AF32 -> 0 | AO32: SIM | AP32: =I32 -> 46052 | AQ32: =AM32 -> 46045 | AR32: =AP32-H32 -> 25 | AS32: =AM32-H32 -> 18 | AT32: =AR32-AS32 -> 7 | AV32: OK | AW32: =AC32 -> 25019.63 | AX32: =Z32 -> 5940 | AZ32: =AJ32 -> 0 | BA32: =AX32+AZ32 -> 5940
A33: PERENCO | B33: Elder | C33: Pedido Padrão | D33: - | E33: 123027809 | F33: 4PIPE000183 | G33: 253 | H33: 46027 | I33: 46036 | J33: =I33-H33 -> 9 | K33: FOB | L33: BRASIL | M33: RJ | N33: SÃO JOÃO DA BARRA | O33: OK | P33: 10559.12 | Q33: Alta | R33: =H33 -> 46027 | S33: FINALIZADO | T33: 46036 | U33: 46036 | V33: =I33 -> 46036 | W33: =V33-R33 -> 9 | X33: =U33-R33 -> 9 | Y33: =W33-X33 -> 0 | Z33: 1478.75 | AA33: SEMANA 02 / JAN / 2026 | AB33: 46036 | AC33: 10559.12 | AD33: 7253 | AE33: Entregue / Coletado | AF33: 46036 | AG33: =K33 -> FOB | AH33: EXPRESSO PREDILETO TRANSPORTES, LOGISTIC | AI33: =#REF! -> #REF! | AJ33: 0 | AK33: =AJ33/AC33 -> 0 | AL33: 46036 | AM33: =AF33 -> 46036 | AN33: =AM33-AF33 -> 0 | AO33: SIM | AP33: =I33 -> 46036 | AQ33: =AM33 -> 46036 | AR33: =AP33-H33 -> 9 | AS33: =AM33-H33 -> 9 | AT33: =AR33-AS33 -> 0 | AV33: OK | AW33: =AC33 -> 10559.12 | AX33: =Z33 -> 1478.75 | AZ33: =AJ33 -> 0 | BA33: =AX33+AZ33 -> 1478.75
A34: PERENCO | B34: Elder | C34: Pedido Padrão | D34: - | E34: 123027809 | F34: 4PIPE000183 | G34: 262 | H34: 46027 | I34: 46052 | J34: =I34-H34 -> 25 | K34: FOB | L34: BRASIL | M34: RJ | N34: SÃO JOÃO DA BARRA | O34: OK | P34: 1468.5 | Q34: Alta | R34: =H34 -> 46027 | S34: FINALIZADO | T34: 46045 | U34: 46045 | V34: =I34 -> 46052 | W34: =V34-R34 -> 25 | X34: =U34-R34 -> 18 | Y34: =W34-X34 -> 7 | Z34: 928 | AA34: SEMANA 03 / JAN / 2026 | AB34: 46045 | AC34: 1516.23 | AD34: 7291 | AE34: Entregue / Coletado | AF34: 46045 | AG34: =K34 -> FOB | AH34: EXPRESSO PREDILETO TRANSPORTES, LOGISTIC | AI34: =#REF! -> #REF! | AJ34: 0 | AK34: =AJ34/AC34 -> 0 | AL34: 46045 | AM34: 46045 | AN34: =AM34-AF34 -> 0 | AO34: SIM | AP34: =I34 -> 46052 | AQ34: =AM34 -> 46045 | AR34: =AP34-H34 -> 25 | AS34: =AM34-H34 -> 18 | AT34: =AR34-AS34 -> 7 | AV34: OK | AW34: =AC34 -> 1516.23 | AX34: =Z34 -> 928 | AZ34: =AJ34 -> 0 | BA34: =AX34+AZ34 -> 928
A35: 3R BRAVA BAHIA | B35: Rui | C35: Pedido Padrão | E35: 212242 | F35: 4PIPE000126 | G35: 230 | H35: 46028 | I35: 46065 | J35: =I35-H35 -> 37 | K35: CIF | L35: BRASIL | M35: BA | N35: SÃO FRANCISCO DO CONDE | O35: OK | P35: 2926.8 | Q35: Média | R35: =H35 -> 46028 | S35: FINALIZADO | T35: 46038 | U35: 46038 | V35: =I35 -> 46065 | W35: =V35-R35 -> 37 | X35: =U35-R35 -> 10 | Y35: =W35-X35 -> 27 | Z35: 301.41 | AA35: SEMANA 02 / JAN / 2026 | AB35: 46041 | AC35: 2926.8 | AD35: 7264 | AE35: Entregue / Coletado | AF35: 46044 | AG35: =K35 -> CIF | AH35: MODULAR TRANSPORTES LTDA | AI35: =#REF! -> #REF! | AJ35: 207.66 | AK35: =AJ35/AC35 -> 0.07095121 | AL35: 46065 | AM35: 46050 | AN35: =AM35-AF35 -> 6 | AO35: SIM | AP35: =I35 -> 46065 | AQ35: =AM35 -> 46050 | AR35: =AP35-H35 -> 37 | AS35: =AM35-H35 -> 22 | AT35: =AR35-AS35 -> 15 | AV35: OK | AW35: =AC35 -> 2926.8 | AX35: =Z35 -> 301.41 | AZ35: =AJ35 -> 207.66 | BA35: =AX35+AZ35 -> 509.07
A36: TRANSPETRO CAMAÇARI | B36: Rui | C36: Pedido Padrão | E36: 4501917517 | F36: - | G36: 231 | H36: 46028 | I36: 46087 | J36: =I36-H36 -> 59 | K36: CIF | L36: BRASIL | M36: BA | N36: CAMAÇARI | O36: OK | P36: 1252.41 | Q36: Média | R36: =H36 -> 46028 | S36: FINALIZADO | T36: 46041 | U36: 46043 | V36: =I36 -> 46087 | W36: =V36-R36 -> 59 | X36: =U36-R36 -> 15 | Y36: =W36-X36 -> 44 | Z36: 426.42 | AA36: SEMANA 02 / JAN / 2026 | AB36: 46043 | AC36: 1252.41 | AD36: 7278 | AE36: Entregue / Coletado | AF36: 46044 | AG36: =K36 -> CIF | AH36: MODULAR TRANSPORTES LTDA | AI36: =#REF! -> #REF! | AJ36: 234.75 | AK36: =AJ36/AC36 -> 0.18743862 | AL36: 46065 | AM36: 46050 | AN36: =AM36-AF36 -> 6 | AO36: SIM | AP36: =I36 -> 46087 | AQ36: =AM36 -> 46050 | AR36: =AP36-H36 -> 59 | AS36: =AM36-H36 -> 22 | AT36: =AR36-AS36 -> 37 | AU36: CUSTO BAIXO VENDA | AV36: ATENÇÃO | AW36: =AC36 -> 1252.41 | AX36: =Z36 -> 426.42 | AZ36: =AJ36 -> 234.75 | BA36: =AX36+AZ36 -> 661.17
A37: PETRORECONCAVO | B37: Rui | C37: Pedido Padrão | D37: 4600000028 | E37: 4500063626 | F37: - | G37: 232 | H37: 46029 | I37: 46052 | J37: =I37-H37 -> 23 | K37: FOB | L37: BRASIL | M37: BA | N37: IPOJUCA | O37: OK | P37: 620.29 | Q37: Média | R37: =H37 -> 46029 | S37: FINALIZADO | T37: 46038 | U37: 46038 | V37: =I37 -> 46052 | W37: =V37-R37 -> 23 | X37: =U37-R37 -> 9 | Y37: =W37-X37 -> 14 | Z37: 45.19 | AA37: SEMANA 02 / JAN / 2026 | AB37: 46041 | AC37: 620.29 | AD37: 7263 | AE37: Entregue / Coletado | AF37: 46050 | AG37: =K37 -> FOB | AH37: RAJAN TRANSPORTES COMERCIO E INDUSTRIA | AI37: =#REF! -> #REF! | AJ37: 0 | AK37: =AJ37/AC37 -> 0 | AL37: 46043 | AM37: 46043 | AN37: =AM37-AF37 -> -7 | AO37: SIM | AP37: =I37 -> 46052 | AQ37: =AM37 -> 46043 | AR37: =AP37-H37 -> 23 | AS37: =AM37-H37 -> 14 | AT37: =AR37-AS37 -> 9 | AV37: OK | AW37: =AC37 -> 620.29 | AX37: =Z37 -> 45.19 | AZ37: =AJ37 -> 0 | BA37: =AX37+AZ37 -> 45.19
A38: PETRORECONCAVO | B38: Saulo | C38: Pedido Padrão | D38: 4600000028 | E38: 4500064718 | F38: - | G38: 233 | H38: 46029 | I38: 46057 | J38: =I38-H38 -> 28 | K38: FOB | L38: BRASIL | M38: RN | N38: ROSADO | O38: OK | P38: 19360.52 | Q38: Média | R38: =H38 -> 46029 | S38: FINALIZADO | T38: 46042 | U38: 46043 | V38: =I38 -> 46057 | W38: =V38-R38 -> 28 | X38: =U38-R38 -> 14 | Y38: =W38-X38 -> 14 | Z38: 4110.9 | AA38: SEMANA 02 / JAN / 2026 | AB38: 46043 | AC38: 19360.52 | AD38: 7279 | AE38: Entregue / Coletado | AF38: 46051 | AG38: =K38 -> FOB | AH38: RAJAN TRANSPORTES COMERCIO E INDUSTRIA | AI38: =#REF! -> #REF! | AJ38: 0 | AK38: =AJ38/AC38 -> 0 | AL38: 46043 | AM38: 46043 | AN38: =AM38-AF38 -> -8 | AO38: SIM | AP38: =I38 -> 46057 | AQ38: =AM38 -> 46043 | AR38: =AP38-H38 -> 28 | AS38: =AM38-H38 -> 14 | AT38: =AR38-AS38 -> 14 | AV38: OK | AW38: =AC38 -> 19360.52 | AX38: =Z38 -> 4110.9 | AZ38: =AJ38 -> 0 | BA38: =AX38+AZ38 -> 4110.9
A39: SACOR | B39: Elder | C39: Pedido Padrão | D39: - | E39: 5132 | F39: 4PIPE000199 | G39: 236 | H39: 46030 | I39: 46037 | J39: =I39-H39 -> 7 | K39: FOB | L39: BRASIL | M39: RJ | N39: DUQUE DE CAXIAS | O39: OK | P39: 2554 | Q39: Baixa | R39: =H39 -> 46030 | S39: FINALIZADO | T39: 46035 | U39: 46031 | V39: =I39 -> 46037 | W39: =V39-R39 -> 7 | X39: =U39-R39 -> 1 | Y39: =W39-X39 -> 6 | Z39: 0 | AA39: SEMANA 01 / JAN / 2026 | AB39: 46035 | AC39: 2554 | AD39: 7246 | AE39: Entregue / Coletado | AF39: 46035 | AG39: =K39 -> FOB | AH39: EMPRESA DE TRANSPORTES MARTINS LTDA | AI39: =#REF! -> #REF! | AJ39: 0 | AK39: =AJ39/AC39 -> 0 | AL39: 46034 | AM39: 46034 | AN39: =AM39-AF39 -> -1 | AO39: SIM | AP39: =I39 -> 46037 | AQ39: =AM39 -> 46034 | AR39: =AP39-H39 -> 7 | AS39: =AM39-H39 -> 4 | AT39: =AR39-AS39 -> 3 | AV39: OK | AW39: =AC39 -> 2554 | AX39: =Z39 -> 0 | AZ39: =AJ39 -> 0 | BA39: =AX39+AZ39 -> 0
A40: WHITEFLY TRR | B40: Elder | C40: Pedido Padrão | D40: - | E40: 48 | F40: 4PIPE000207 | G40: 238 | H40: 46030 | I40: 46073 | J40: =I40-H40 -> 43 | K40: FOB | L40: BRASIL | M40: RJ | N40: MACAÉ | O40: OK | P40: 3196.8 | Q40: Média | R40: =H40 -> 46030 | S40: FINALIZADO | T40: 46059 | U40: 46058 | V40: =I40 -> 46073 | W40: =V40-R40 -> 43 | X40: =U40-R40 -> 28 | Y40: =W40-X40 -> 15 | Z40: 139.65 | AA40: SEMANA 01 / FEV / 2026 | AB40: 46064 | AC40: 3196.8 | AD40: 7333 | AE40: Entregue / Coletado | AF40: 46065 | AG40: =K40 -> FOB | AH40: BRASPRESS TRANSPORTES URGENTES LTDA | AI40: =#REF! -> #REF! | AJ40: 0 | AK40: =AJ40/AC40 -> 0 | AL40: 46064 | AM40: 46064 | AN40: =AM40-AF40 -> -1 | AO40: SIM | AP40: =I40 -> 46073 | AQ40: =AM40 -> 46064 | AR40: =AP40-H40 -> 43 | AS40: =AM40-H40 -> 34 | AT40: =AR40-AS40 -> 9 | AV40: OK | AW40: =AC40 -> 3196.8 | AX40: =Z40 -> 139.65 | AZ40: =AJ40 -> 0 | BA40: =AX40+AZ40 -> 139.65
A41: PIPEWAY | B41: Elder | C41: Pedido Padrão | D41: - | E41: 1816 | F41: 4PIPE000193-1 | G41: 239 | H41: 46030 | I41: 46045 | J41: =I41-H41 -> 15 | K41: FOB | L41: BRASIL | M41: RJ | N41: SÃO CRISTOVÃO | O41: OK | P41: 6171.3 | Q41: Média | R41: =H41 -> 46030 | S41: FINALIZADO | T41: 46045 | U41: 46045 | V41: =I41 -> 46045 | W41: =V41-R41 -> 15 | X41: =U41-R41 -> 15 | Y41: =W41-X41 -> 0 | Z41: 1213.09 | AA41: SEMANA 03 / JAN / 2026 | AB41: 46044 | AC41: 6171.3 | AD41: 7284 | AE41: Entregue / Coletado | AF41: 46045 | AG41: =K41 -> FOB | AH41: EMPRESA DE TRANSPORTES MARTINS LTDA | AI41: =#REF! -> #REF! | AJ41: 0 | AK41: =AJ41/AC41 -> 0 | AL41: 46044 | AM41: 46044 | AN41: =AM41-AF41 -> -1 | AO41: SIM | AP41: =I41 -> 46045 | AQ41: =AM41 -> 46044 | AR41: =AP41-H41 -> 15 | AS41: =AM41-H41 -> 14 | AT41: =AR41-AS41 -> 1 | AV41: OK | AW41: =AC41 -> 6171.3 | AX41: =Z41 -> 1213.09 | AZ41: =AJ41 -> 0 | BA41: =AX41+AZ41 -> 1213.09
A42: SISTEMIG | B42: Elias | C42: Pedido Padrão | D42: - | E42: - | F42: 4PIPE000164-3 | G42: 237/318 | H42: 46030 | I42: 46058 | J42: =I42-H42 -> 28 | K42: FOB | L42: BRASIL | M42: MG | N42: MONTES CLAROS | O42: OK | P42: 2694.65 | Q42: Média | R42: =H42 -> 46030 | S42: FINALIZADO | T42: 46044 | U42: 46044 | V42: =I42 -> 46058 | W42: =V42-R42 -> 28 | X42: =U42-R42 -> 14 | Y42: =W42-X42 -> 14 | Z42: 308.82 | AA42: SEMANA 03 / JAN / 2026 | AB42: 46058 | AC42: 2694.65 | AD42: 7320 | AE42: Entregue / Coletado | AF42: 46051 | AG42: =K42 -> FOB | AH42: BRASPRESS TRANSPORTES URGENTES LTDA | AI42: =#REF! -> #REF! | AJ42: 0 | AK42: =AJ42/AC42 -> 0 | AL42: 46038 | AM42: 46038 | AN42: =AM42-AF42 -> -13 | AO42: SIM | AP42: =I42 -> 46058 | AQ42: =AM42 -> 46038 | AR42: =AP42-H42 -> 28 | AS42: =AM42-H42 -> 8 | AT42: =AR42-AS42 -> 20 | AV42: OK | AW42: =AC42 -> 2694.65 | AX42: =Z42 -> 308.82 | AZ42: =AJ42 -> 0 | BA42: =AX42+AZ42 -> 308.82
A43: JEFERSON PIPE | B43: José Carlos | C43: Pedido Padrão | D43: - | E43: - | F43: 4PIPE000201-1 | G43: 240 | H43: 46031 | I43: 46041 | J43: =I43-H43 -> 10 | K43: FOB | L43: BRASIL | M43: SP | N43: SÃO PAULO | O43: OK | P43: 3736 | Q43: Média | R43: =H43 -> 46031 | S43: FINALIZADO | T43: 46041 | U43: 46037 | V43: =I43 -> 46041 | W43: =V43-R43 -> 10 | X43: =U43-R43 -> 6 | Y43: =W43-X43 -> 4 | Z43: 367.48 | AA43: SEMANA 02 / JAN / 2026 | AB43: 46037 | AC43: 3736 | AD43: 7256 | AE43: Entregue / Coletado | AF43: 46038 | AG43: =K43 -> FOB | AH43: JEFERSON PIPE | AI43: =#REF! -> #REF! | AJ43: 0 | AK43: =AJ43/AC43 -> 0 | AL43: 46037 | AM43: 46037 | AN43: =AM43-AF43 -> -1 | AO43: SIM | AP43: =I43 -> 46041 | AQ43: =AM43 -> 46037 | AR43: =AP43-H43 -> 10 | AS43: =AM43-H43 -> 6 | AT43: =AR43-AS43 -> 4 | AV43: OK | AW43: =AC43 -> 3736 | AX43: =Z43 -> 367.48 | AZ43: =AJ43 -> 0 | BA43: =AX43+AZ43 -> 367.48
A44: SEACREST | B44: Elias | C44: Pedido Padrão | D44: - | E44: 4421 | F44: 4PIPE000153-1 | G44: 242 | H44: 46031 | I44: 46063 | J44: =I44-H44 -> 32 | K44: CIF | L44: BRASIL | M44: ES | N44: SÃO MATEUS | O44: OK | P44: 8176.48 | Q44: Média | R44: =H44 -> 46031 | S44: FINALIZADO | T44: 46048 | U44: 46045 | V44: =I44 -> 46063 | W44: =V44-R44 -> 32 | X44: =U44-R44 -> 14 | Y44: =W44-X44 -> 18 | Z44: 1221.1 | AA44: SEMANA 03 / JAN / 2026 | AB44: 46048 | AC44: 8176.48 | AD44: 7294 | AE44: Entregue / Coletado | AF44: 46048 | AG44: =K44 -> CIF | AH44: MODULAR TRANSPORTES LTDA | AI44: =#REF! -> #REF! | AJ44: 436.87 | AK44: =AJ44/AC44 -> 0.053430082 | AL44: 46055 | AM44: 46055 | AN44: =AM44-AF44 -> 7 | AO44: SIM | AP44: =I44 -> 46063 | AQ44: =AM44 -> 46055 | AR44: =AP44-H44 -> 32 | AS44: =AM44-H44 -> 24 | AT44: =AR44-AS44 -> 8 | AV44: OK | AW44: =AC44 -> 8176.48 | AX44: =Z44 -> 1221.1 | AZ44: =AJ44 -> 436.87 | BA44: =AX44+AZ44 -> 1657.97
A45: PETRORECONCAVO | B45: Saulo | C45: Pedido Padrão | D45: - | E45: 4500061676 | F45: - | G45: 243 | H45: 46031 | I45: 46062 | J45: =I45-H45 -> 31 | K45: FOB | L45: BRASIL | M45: RN | N45: ROSADO | O45: OK | P45: 2467.56 | Q45: Média | R45: =H45 -> 46031 | S45: FINALIZADO | T45: 46041 | U45: 46038 | V45: =I45 -> 46062 | W45: =V45-R45 -> 31 | X45: =U45-R45 -> 7 | Y45: =W45-X45 -> 24 | Z45: 191.18 | AA45: SEMANA 02 / JAN / 2026 | AB45: 46038 | AC45: 2467.56 | AD45: 7262 | AE45: Entregue / Coletado | AF45: 46045 | AG45: =K45 -> FOB | AH45: RAJAN TRANSPORTES COMERCIO E INDUSTRIA | AI45: =#REF! -> #REF! | AJ45: 0 | AK45: =AJ45/AC45 -> 0 | AL45: 46038 | AM45: 46038 | AN45: =AM45-AF45 -> -7 | AO45: SIM | AP45: =I45 -> 46062 | AQ45: =AM45 -> 46038 | AR45: =AP45-H45 -> 31 | AS45: =AM45-H45 -> 7 | AT45: =AR45-AS45 -> 24 | AV45: OK | AW45: =AC45 -> 2467.56 | AX45: =Z45 -> 191.18 | AZ45: =AJ45 -> 0 | BA45: =AX45+AZ45 -> 191.18
A46: DELP | B46: Elias | C46: Pedido Padrão | D46: - | E46: 77868 | F46: 4PIPE000179-3 | G46: 244 | H46: 46031 | I46: 46055 | J46: =I46-H46 -> 24 | K46: FOB | L46: BRASIL | M46: MG | N46: VESPASIANO | O46: OK | P46: 26142.1 | Q46: Alta | R46: =H46 -> 46031 | S46: FINALIZADO | T46: 46052 | U46: 46052 | V46: =I46 -> 46055 | W46: =V46-R46 -> 24 | X46: =U46-R46 -> 21 | Y46: =W46-X46 -> 3 | Z46: 8525.26 | AA46: SEMANA 04 / JAN / 2026 | AB46: 46052 | AC46: 26167.87 | AD46: 7306 | AE46: Entregue / Coletado | AF46: 46059 | AG46: =K46 -> FOB | AH46: EMPRESA DE TRANSPORTES MARTINS LTDA | AI46: =#REF! -> #REF! | AJ46: 0 | AK46: =AJ46/AC46 -> 0 | AL46: 46052 | AM46: 46052 | AN46: =AM46-AF46 -> -7 | AO46: SIM | AP46: =I46 -> 46055 | AQ46: =AM46 -> 46052 | AR46: =AP46-H46 -> 24 | AS46: =AM46-H46 -> 21 | AT46: =AR46-AS46 -> 3 | AV46: OK | AW46: =AC46 -> 26167.87 | AX46: =Z46 -> 8525.26 | AZ46: =AJ46 -> 0 | BA46: =AX46+AZ46 -> 8525.26
A47: GS SERVIÇOS | B47: José Carlos | C47: Pedido Padrão | D47: - | E47: - | F47: 4PIPE000158 | G47: 247 | H47: 46034 | I47: 46048 | J47: =I47-H47 -> 14 | K47: FOB | L47: BRASIL | M47: SP | N47: JUNDIAI | O47: OK | P47: 1945.8 | Q47: Média | R47: =H47 -> 46034 | S47: FINALIZADO | T47: 46044 | U47: 46041 | V47: =I47 -> 46048 | W47: =V47-R47 -> 14 | X47: =U47-R47 -> 7 | Y47: =W47-X47 -> 7 | Z47: 68.06 | AA47: SEMANA 02 / JAN / 2026 | AB47: 46045 | AC47: 1945.8 | AD47: 7286 | AE47: Entregue / Coletado | AF47: 46045 | AG47: =K47 -> FOB | AH47: SANDRO BORRIELO | AI47: =#REF! -> #REF! | AJ47: 0 | AK47: =AJ47/AC47 -> 0 | AL47: 46041 | AM47: 46041 | AN47: =AM47-AF47 -> -4 | AO47: SIM | AP47: =I47 -> 46048 | AQ47: =AM47 -> 46041 | AR47: =AP47-H47 -> 14 | AS47: =AM47-H47 -> 7 | AT47: =AR47-AS47 -> 7 | AV47: OK | AW47: =AC47 -> 1945.8 | AX47: =Z47 -> 68.06 | AZ47: =AJ47 -> 0 | BA47: =AX47+AZ47 -> 68.06
A48: DELP | B48: Elias | C48: Pedido Padrão | D48: - | E48: 77997 | F48: 4PIPE000055 | G48: 248 | H48: 46034 | I48: 46097 | J48: =I48-H48 -> 63 | K48: FOB | L48: BRASIL | M48: MG | N48: VESPASIANO | O48: OK | P48: 22115.5 | Q48: Média | R48: =H48 -> 46034 | S48: FINALIZADO | T48: 46080 | U48: 46076 | V48: =I48 -> 46097 | W48: =V48-R48 -> 63 | X48: =U48-R48 -> 42 | Y48: =W48-X48 -> 21 | Z48: 3436.13 | AA48: SEMANA 04 / FEV / 2026 | AB48: 46078 | AC48: 22115.5 | AD48: 7363 | AE48: Entregue / Coletado | AF48: 46085 | AG48: =K48 -> FOB | AH48: EMPRESA DE TRANSPORTES MARTINS LTDA | AI48: =#REF! -> #REF! | AJ48: 0 | AK48: =AJ48/AC48 -> 0 | AL48: 46077 | AM48: 46077 | AN48: =AM48-AF48 -> -8 | AO48: SIM | AP48: =I48 -> 46097 | AQ48: =AM48 -> 46077 | AR48: =AP48-H48 -> 63 | AS48: =AM48-H48 -> 43 | AT48: =AR48-AS48 -> 20 | AV48: OK | AW48: =AC48 -> 22115.5 | AX48: =Z48 -> 3436.13 | AZ48: =AJ48 -> 0 | BA48: =AX48+AZ48 -> 3436.13
A49: TRANSPETRO SCS | B49: José Carlos | C49: Emergencial | D49: - | E49: - | F49: 4PIPE000197 | G49: 249 | H49: 46034 | I49: 46050 | J49: =I49-H49 -> 16 | K49: FOB | L49: BRASIL | M49: SP | N49: SÃO CAETANO DO SUL | O49: OK | P49: 30720 | Q49: Alta | R49: =H49 -> 46034 | S49: FINALIZADO | T49: 46045 | U49: 46045 | V49: =I49 -> 46050 | W49: =V49-R49 -> 16 | X49: =U49-R49 -> 11 | Y49: =W49-X49 -> 5 | Z49: 6569.61 | AA49: SEMANA 03 / JAN / 2026 | AB49: 46044 | AC49: 30720 | AD49: 7285 | AE49: Entregue / Coletado | AF49: 46048 | AG49: =K49 -> FOB | AH49: 4PIPE HIDROPIG - ENGENHARIA INDUSTRIAL LTDA | AI49: =#REF! -> #REF! | AJ49: 0 | AK49: =AJ49/AC49 -> 0 | AL49: 46048 | AM49: 46048 | AN49: =AM49-AF49 -> 0 | AO49: SIM | AP49: =I49 -> 46050 | AQ49: =AM49 -> 46048 | AR49: =AP49-H49 -> 16 | AS49: =AM49-H49 -> 14 | AT49: =AR49-AS49 -> 2 | AV49: OK | AW49: =AC49 -> 30720 | AX49: =Z49 -> 6569.61 | AZ49: =AJ49 -> 0 | BA49: =AX49+AZ49 -> 6569.61
A50: OCYAN E MOTA ENGIL | B50: Elder | C50: Pedido Padrão | D50: - | E50: PO821 | F50: 4PIPE000209 | G50: 250 | H50: 46034 | I50: 46073 | J50: =I50-H50 -> 39 | K50: CIF | L50: BRASIL | M50: RJ | N50: MACAÉ | O50: OK | P50: 13218.29 | Q50: Média | R50: =H50 -> 46034 | S50: FINALIZADO | T50: 46065 | U50: 46064 | V50: =I50 -> 46073 | W50: =V50-R50 -> 39 | X50: =U50-R50 -> 30 | Y50: =W50-X50 -> 9 | Z50: 2370.65 | AA50: SEMANA 02 / FEV / 2026 | AB50: 46066 | AC50: 13218.29 | AD50: 7340 | AE50: Entregue / Coletado | AF50: 46071 | AG50: =K50 -> CIF | AH50: EMPRESA DE TRANSPORTES MARTINS LTDA | AI50: =#REF! -> #REF! | AJ50: 750 | AK50: =AJ50/AC50 -> 0.056739563 | AL50: 46073 | AM50: 46073 | AN50: =AM50-AF50 -> 2 | AO50: SIM | AP50: =I50 -> 46073 | AQ50: =AM50 -> 46073 | AR50: =AP50-H50 -> 39 | AS50: =AM50-H50 -> 39 | AT50: =AR50-AS50 -> 0 | AU50: o | AV50: OK | AW50: =AC50 -> 13218.29 | AX50: =Z50 -> 2370.65 | AZ50: =AJ50 -> 750 | BA50: =AX50+AZ50 -> 3120.65
A51: PEDRA AGROINDUSTRIAL | B51: José Carlos | C51: Pedido Padrão | D51: - | E51: 6200046875 / 6200046929 | F51: 4PIPE000206 | G51: 251 | H51: 46035 | I51: 46083 | J51: =I51-H51 -> 48 | K51: FOB | L51: BRASIL | M51: SP | N51: NOVA INDEPENDENCIA | O51: OK | P51: 2565.2 | Q51: Baixa | R51: =H51 -> 46035 | S51: FINALIZADO | T51: 46045 | U51: 46044 | V51: =I51 -> 46083 | W51: =V51-R51 -> 48 | X51: =U51-R51 -> 9 | Y51: =W51-X51 -> 39 | Z51: 544.2 | AA51: SEMANA 03 / JAN / 2026 | AB51: 46045 | AC51: 2565.2 | AD51: 7293 | AE51: Entregue / Coletado | AF51: 46049 | AG51: =K51 -> FOB | AH51: TE LOG LOGISTICA LTDA | AI51: =#REF! -> #REF! | AJ51: 0 | AK51: =AJ51/AC51 -> 0 | AL51: 46045 | AM51: 46045 | AN51: =AM51-AF51 -> -4 | AO51: SIM | AP51: =I51 -> 46083 | AQ51: =AM51 -> 46045 | AR51: =AP51-H51 -> 48 | AS51: =AM51-H51 -> 10 | AT51: =AR51-AS51 -> 38 | AV51: OK | AW51: =AC51 -> 2565.2 | AX51: =Z51 -> 544.2 | AZ51: =AJ51 -> 0 | BA51: =AX51+AZ51 -> 544.2
A52: CATTALINI | B52: Isaias | C52: Pedido Padrão | D52: 113/2023 | E52: 4500010451 | F52: - | G52: 255 | H52: 46035 | I52: 46079 | J52: =I52-H52 -> 44 | K52: CIF | L52: BRASIL | M52: PR | N52: PARANAGUA | O52: OK | P52: 80393.84 | Q52: Alta | R52: =H52 -> 46035 | S52: FINALIZADO | T52: 46077 | U52: 46072 | V52: =I52 -> 46079 | W52: =V52-R52 -> 44 | X52: =U52-R52 -> 37 | Y52: =W52-X52 -> 7 | Z52: 33009.94 | AA52: SEMANA 03 / FEV / 2026 | AB52: 46076 | AC52: 80393.84 | AD52: 7356 | AE52: Entregue / Coletado | AF52: 46077 | AG52: =K52 -> CIF | AH52: 4PIPE HIDROPIG - ENGENHARIA INDUSTRIAL LTDA | AI52: =#REF! -> #REF! | AJ52: 0 | AK52: =AJ52/AC52 -> 0 | AL52: 46077 | AM52: 46077 | AN52: =AM52-AF52 -> 0 | AO52: SIM | AP52: =I52 -> 46079 | AQ52: =AM52 -> 46077 | AR52: =AP52-H52 -> 44 | AS52: =AM52-H52 -> 42 | AT52: =AR52-AS52 -> 2 | AV52: OK | AW52: =AC52 -> 80393.84 | AX52: =Z52 -> 33009.94 | AZ52: =AJ52 -> 0 | BA52: =AX52+AZ52 -> 33009.94
A53: TECMASTER | B53: Saulo | C53: Pedido Padrão | D53: - | E53: AF 008 | F53: 4PIPE000216-1 | G53: 257 | H53: 46036 | I53: 46057 | J53: =I53-H53 -> 21 | K53: FOB | L53: BRASIL | M53: AL | N53: MACEIÓ | O53: OK | P53: 1999.8 | Q53: Baixa | R53: =H53 -> 46036 | S53: FINALIZADO | T53: 46045 | U53: 46043 | V53: =I53 -> 46057 | W53: =V53-R53 -> 21 | X53: =U53-R53 -> 7 | Y53: =W53-X53 -> 14 | Z53: 126.19 | AA53: SEMANA 03 / JAN / 2026 | AB53: 46044 | AC53: 1999.8 | AD53: 7281 | AE53: Entregue / Coletado | AF53: 46045 | AG53: =K53 -> FOB | AH53: AVIAT CARGO EXPRESS TRANSPORTES LTDA | AI53: =#REF! -> #REF! | AJ53: 0 | AK53: =AJ53/AC53 -> 0 | AL53: 46043 | AM53: 46043 | AN53: =AM53-AF53 -> -2 | AO53: SIM | AP53: =I53 -> 46057 | AQ53: =AM53 -> 46043 | AR53: =AP53-H53 -> 21 | AS53: =AM53-H53 -> 7 | AT53: =AR53-AS53 -> 14 | AV53: OK | AW53: =AC53 -> 1999.8 | AX53: =Z53 -> 126.19 | AZ53: =AJ53 -> 0 | BA53: =AX53+AZ53 -> 126.19
A54: CATTALINI | B54: Isaias | C54: Pedido Padrão | D54: - | E54: 4500010450 | F54: 4PIPE000214 | G54: 258 | H54: 46036 | I54: 46066 | J54: =I54-H54 -> 30 | K54: CIF | L54: BRASIL | M54: PR | N54: PARANAGUA | O54: OK | P54: 68274.6 | Q54: Alta | R54: =H54 -> 46036 | S54: FINALIZADO | T54: 46056 | U54: 46056 | V54: =I54 -> 46066 | W54: =V54-R54 -> 30 | X54: =U54-R54 -> 20 | Y54: =W54-X54 -> 10 | Z54: 12475.97 | AA54: SEMANA 01 / FEV / 2026 | AB54: 46057 | AC54: 68274.6 | AD54: 7313 | AE54: Entregue / Coletado | AF54: 46057 | AG54: =K54 -> CIF | AH54: TECNOLOG TRANSPORTE RODO AEREO E LOGISTI | AI54: =#REF! -> #REF! | AJ54: 1300 | AK54: =AJ54/AC54 -> 0.019040756 | AL54: 46065 | AM54: 46062 | AN54: =AM54-AF54 -> 5 | AO54: SIM | AP54: =I54 -> 46066 | AQ54: =AM54 -> 46062 | AR54: =AP54-H54 -> 30 | AS54: =AM54-H54 -> 26 | AT54: =AR54-AS54 -> 4 | AV54: OK | AW54: =AC54 -> 68274.6 | AX54: =Z54 -> 12475.97 | AZ54: =AJ54 -> 1300 | BA54: =AX54+AZ54 -> 13775.97
A55: TRANSPETRO MAUA | B55: José Carlos | C55: Emergencial | D55: - | E55: - | F55: 4PIPE000222 | G55: 263 | H55: 46041 | I55: 46045 | J55: =I55-H55 -> 4 | K55: FOB | L55: BRASIL | M55: SP | N55: MAÚA | O55: OK | P55: 26420 | Q55: Alta | R55: =H55 -> 46041 | S55: FINALIZADO | T55: 46042 | U55: 46042 | V55: =I55 -> 46045 | W55: =V55-R55 -> 4 | X55: =U55-R55 -> 1 | Y55: =W55-X55 -> 3 | Z55: 2192.61 | AA55: SEMANA 03 / JAN / 2026 | AB55: 46042 | AC55: 26420 | AD55: 7271 | AE55: Entregue / Coletado | AF55: 46042 | AG55: =K55 -> FOB | AH55: PETROBRAS TRANSPORTE S.A - TRANSPETRO | AI55: =#REF! -> #REF! | AJ55: 0 | AK55: =AJ55/AC55 -> 0 | AL55: 46042 | AM55: 46042 | AN55: =AM55-AF55 -> 0 | AO55: SIM | AP55: =I55 -> 46045 | AQ55: =AM55 -> 46042 | AR55: =AP55-H55 -> 4 | AS55: =AM55-H55 -> 1 | AT55: =AR55-AS55 -> 3 | AU55: imprevisto envase pig. Impacto minimo planejamento realizar.... Discutir com lideres causa x plano de ação | AV55: ATENÇÃO | AW55: =AC55 -> 26420 | AX55: =Z55 -> 2192.61 | AZ55: =AJ55 -> 0 | BA55: =AX55+AZ55 -> 2192.61
A56: DANFOSS | B56: José Carlos | C56: Pedido Padrão | D56: - | E56: 4412311331 | F56: - | G56: 264 | H56: 46041 | I56: 46059 | J56: =I56-H56 -> 18 | K56: CIF | L56: BRASIL | M56: SP | N56: GUARATINGUETA | O56: OK | P56: 17808 | Q56: Média | R56: =H56 -> 46041 | S56: FINALIZADO | T56: 46059 | U56: 46059 | V56: =I56 -> 46059 | W56: =V56-R56 -> 18 | X56: =U56-R56 -> 18 | Y56: =W56-X56 -> 0 | AA56: SEMANA 01 / FEV / 2026 | AB56: 46059 | AC56: 17808 | AD56: 7323 | AE56: Entregue / Coletado | AF56: 46059 | AG56: =K56 -> CIF | AH56: 4PIPE HIDROPIG - ENGENHARIA INDUSTRIAL LTDA | AI56: =#REF! -> #REF! | AJ56: 0 | AK56: =AJ56/AC56 -> 0 | AL56: 46059 | AM56: 46059 | AN56: =AM56-AF56 -> 0 | AO56: SIM | AP56: =I56 -> 46059 | AQ56: =AM56 -> 46059 | AR56: =AP56-H56 -> 18 | AS56: =AM56-H56 -> 18 | AT56: =AR56-AS56 -> 0 | AV56: OK | AW56: =AC56 -> 17808 | AX56: =Z56 -> 0 | AZ56: =AJ56 -> 0 | BA56: =AX56+AZ56 -> 0
A57: DANFOSS | B57: José Carlos | C57: Pedido Padrão | D57: - | E57: 4412309537 | F57: - | G57: 265 | H57: 46041 | I57: 46059 | J57: =I57-H57 -> 18 | K57: CIF | L57: BRASIL | M57: SP | N57: GUARATINGUETA | O57: OK | P57: 1436 | Q57: Média | R57: =H57 -> 46041 | S57: FINALIZADO | T57: 46059 | U57: 46059 | V57: =I57 -> 46059 | W57: =V57-R57 -> 18 | X57: =U57-R57 -> 18 | Y57: =W57-X57 -> 0 | Z57: 142.97 | AA57: SEMANA 01 / FEV / 2026 | AB57: 46059 | AC57: 1436 | AD57: 7322 | AE57: Entregue / Coletado | AF57: 46059 | AG57: =K57 -> CIF | AH57: 4PIPE HIDROPIG - ENGENHARIA INDUSTRIAL LTDA | AI57: =#REF! -> #REF! | AJ57: 0 | AK57: =AJ57/AC57 -> 0 | AL57: 46059 | AM57: 46059 | AN57: =AM57-AF57 -> 0 | AO57: SIM | AP57: =I57 -> 46059 | AQ57: =AM57 -> 46059 | AR57: =AP57-H57 -> 18 | AS57: =AM57-H57 -> 18 | AT57: =AR57-AS57 -> 0 | AV57: OK | AW57: =AC57 -> 1436 | AX57: =Z57 -> 142.97 | AZ57: =AJ57 -> 0 | BA57: =AX57+AZ57 -> 142.97
A58: TRANSPETRO PAULINIA | B58: José Carlos | C58: Emergencial | D58: - | E58: 4501917663 | F58: - | G58: 266 | H58: 46042 | I58: 46094 | J58: =I58-H58 -> 52 | K58: CIF | L58: BRASIL | M58: SP | N58: PAULINIA | O58: OK | P58: 9266.74 | Q58: Alta | R58: =H58 -> 46042 | S58: FINALIZADO | T58: 46058 | U58: 46051 | V58: =I58 -> 46094 | W58: =V58-R58 -> 52 | X58: =U58-R58 -> 9 | Y58: =W58-X58 -> 43 | Z58: 2244.15 | AA58: SEMANA 04 / JAN / 2026 | AB58: 46052 | AC58: 9266.74 | AD58: 7303 | AE58: Entregue / Coletado | AF58: 46052 | AG58: =K58 -> CIF | AH58: 4PIPE HIDROPIG - ENGENHARIA INDUSTRIAL LTDA | AI58: =#REF! -> #REF! | AJ58: 0 | AK58: =AJ58/AC58 -> 0 | AL58: 46052 | AM58: 46052 | AN58: =AM58-AF58 -> 0 | AO58: SIM | AP58: =I58 -> 46094 | AQ58: =AM58 -> 46052 | AR58: =AP58-H58 -> 52 | AS58: =AM58-H58 -> 10 | AT58: =AR58-AS58 -> 42 | AV58: OK | AW58: =AC58 -> 9266.74 | AX58: =Z58 -> 2244.15 | AZ58: =AJ58 -> 0 | BA58: =AX58+AZ58 -> 2244.15
A59: BRF | B59: Isaias | C59: Pedido Padrão | D59: - | E59: 112387455 | F59: 4PIPE000226-1 | G59: 269 | H59: 46042 | I59: 46072 | J59: =I59-H59 -> 30 | K59: FOB | L59: BRASIL | M59: RS | N59: MARAU | O59: OK | P59: 3816.7 | Q59: Média | R59: =H59 -> 46042 | S59: FINALIZADO | T59: 46056 | U59: 46056 | V59: =I59 -> 46072 | W59: =V59-R59 -> 30 | X59: =U59-R59 -> 14 | Y59: =W59-X59 -> 16 | Z59: 387.04 | AA59: SEMANA 01 / FEV / 2026 | AB59: 46057 | AC59: 3816.7 | AD59: 7314 | AE59: Entregue / Coletado | AF59: 46057 | AG59: =K59 -> FOB | AH59: ALFA TRANSPORTES EIRELI | AI59: =#REF! -> #REF! | AJ59: 0 | AK59: =AJ59/AC59 -> 0 | AL59: 46057 | AM59: 46057 | AN59: =AM59-AF59 -> 0 | AO59: SIM | AP59: =I59 -> 46072 | AQ59: =AM59 -> 46057 | AR59: =AP59-H59 -> 30 | AS59: =AM59-H59 -> 15 | AT59: =AR59-AS59 -> 15 | AV59: OK | AW59: =AC59 -> 3816.7 | AX59: =Z59 -> 387.04 | AZ59: =AJ59 -> 0 | BA59: =AX59+AZ59 -> 387.04
A60: PANDENOR | B60: Saulo | C60: Pedido Padrão | D60: - | E60: 26886 | F60: 4PIPE000095-1 | G60: 270 | H60: 46042 | I60: 46076 | J60: =I60-H60 -> 34 | K60: CIF | L60: BRASIL | M60: PE | N60: IPOJUCA | O60: OK | P60: 7696.68 | Q60: Média | R60: =H60 -> 46042 | S60: FINALIZADO | T60: 46057 | U60: 46050 | V60: =I60 -> 46076 | W60: =V60-R60 -> 34 | X60: =U60-R60 -> 8 | Y60: =W60-X60 -> 26 | Z60: 767.63 | AA60: SEMANA 04 / JAN / 2026 | AB60: 46051 | AC60: 7696.68 | AD60: 7302 | AE60: Entregue / Coletado | AF60: 46055 | AG60: =K60 -> CIF | AH60: RODONAVES TRANSPORTES MULTIMODAL LTDA | AI60: =#REF! -> #REF! | AJ60: 244.23 | AK60: =AJ60/AC60 -> 0.031731864 | AL60: 45699 | AM60: 46059 | AN60: =AM60-AF60 -> 4 | AO60: SIM | AP60: =I60 -> 46076 | AQ60: =AM60 -> 46059 | AR60: =AP60-H60 -> 34 | AS60: =AM60-H60 -> 17 | AT60: =AR60-AS60 -> 17 | AV60: OK | AW60: =AC60 -> 7696.68 | AX60: =Z60 -> 767.63 | AZ60: =AJ60 -> 244.23 | BA60: =AX60+AZ60 -> 1011.86
A61: SAAE | B61: Elias | C61: Pedido Padrão | E61: 07 2025 | F61: 4PIPE000235 | G61: 277 | H61: 46043 | I61: 46072 | J61: =I61-H61 -> 29 | K61: CIF | L61: BRASIL | M61: MG | N61: ITABIRA | O61: OK | P61: 10420.26 | Q61: Média | R61: =H61 -> 46043 | S61: FINALIZADO | T61: 46059 | U61: 46056 | V61: =I61 -> 46072 | W61: =V61-R61 -> 29 | X61: =U61-R61 -> 13 | Y61: =W61-X61 -> 16 | Z61: 2357.29 | AA61: SEMANA 01 / FEV / 2026 | AB61: 46057 | AC61: 10420.26 | AD61: 7315 | AE61: Entregue / Coletado | AF61: 46057 | AG61: =K61 -> CIF | AH61: RODONAVES TRANSPORTES ENCOM LTDA | AI61: =#REF! -> #REF! | AJ61: 292.95 | AK61: =AJ61/AC61 -> 0.028113502 | AL61: 46064 | AM61: 46072 | AN61: =AM61-AF61 -> 15 | AO61: SIM | AP61: =I61 -> 46072 | AQ61: =AM61 -> 46072 | AR61: =AP61-H61 -> 29 | AS61: =AM61-H61 -> 29 | AT61: =AR61-AS61 -> 0 | AV61: OK | AW61: =AC61 -> 10420.26 | AX61: =Z61 -> 2357.29 | AZ61: =AJ61 -> 292.95 | BA61: =AX61+AZ61 -> 2650.24
A62: PERBRAS | B62: Rui | C62: Pedido Padrão | D62: - | E62: - | F62: 4PIPE000221 | G62: 279 | H62: 46043 | I62: 46071 | J62: =I62-H62 -> 28 | K62: CIF | L62: BRASIL | M62: SE | N62: CARMÓPOLIS | O62: OK | P62: 2003.1 | Q62: Média | R62: =H62 -> 46043 | S62: FINALIZADO | T62: 46056 | U62: 46057 | V62: =I62 -> 46071 | W62: =V62-R62 -> 28 | X62: =U62-R62 -> 14 | Y62: =W62-X62 -> 14 | Z62: 368.72 | AA62: SEMANA 01 / FEV / 2026 | AB62: 46061 | AC62: 6854.02 | AD62: 7327 | AE62: Entregue / Coletado | AF62: 46062 | AG62: =K62 -> CIF | AH62: TECNOLOG TRANSPORTE RODO AEREO E LOGISTI | AI62: =#REF! -> #REF! | AJ62: 3289.94 | AK62: =AJ62/AC62 -> 0.48000152 | AL62: 46063 | AM62: 46063 | AN62: =AM62-AF62 -> 1 | AO62: SIM | AP62: =I62 -> 46071 | AQ62: =AM62 -> 46063 | AR62: =AP62-H62 -> 28 | AS62: =AM62-H62 -> 20 | AT62: =AR62-AS62 -> 8 | AV62: OK | AW62: =AC62 -> 6854.02 | AX62: =Z62 -> 368.72 | AZ62: =AJ62 -> 3289.94 | BA62: =AX62+AZ62 -> 3658.66
A63: 3R BRAVA POTIGUAR | B63: Saulo | C63: Pedido Padrão | D63: - | E63: 218800 | F63: 4PIPE000125-1 | G63: 282 | H63: 46045 | I63: 46066 | J63: =I63-H63 -> 21 | K63: FOB | L63: BRASIL | M63: RN | N63: MOSSÓRO | O63: OK | P63: 3300 | Q63: Média | R63: =H63 -> 46045 | S63: FINALIZADO | T63: 46059 | U63: 46056 | V63: =I63 -> 46066 | W63: =V63-R63 -> 21 | X63: =U63-R63 -> 11 | Y63: =W63-X63 -> 10 | Z63: 373.04 | AA63: SEMANA 01 / FEV / 2026 | AB63: 46065 | AC63: 3300 | AD63: 7338 | AE63: Entregue / Coletado | AF63: 46066 | AG63: =K63 -> FOB | AH63: THS TRANSPORTE E LOGISTICA LTDA - EPP | AI63: =#REF! -> #REF! | AJ63: 0 | AK63: =AJ63/AC63 -> 0 | AL63: 46056 | AM63: 46056 | AN63: =AM63-AF63 -> -10 | AO63: SIM | AP63: =I63 -> 46066 | AQ63: =AM63 -> 46056 | AR63: =AP63-H63 -> 21 | AS63: =AM63-H63 -> 11 | AT63: =AR63-AS63 -> 10 | AV63: OK | AW63: =AC63 -> 3300 | AX63: =Z63 -> 373.04 | AZ63: =AJ63 -> 0 | BA63: =AX63+AZ63 -> 373.04
A64: TRIDENT ENERGY | B64: Elder | C64: Pedido Padrão | D64: - | E64: 5100028157 | F64: 4PIPE000210 | G64: 283 | H64: 46045 | I64: 46080 | J64: =I64-H64 -> 35 | K64: CIF | L64: BRASIL | M64: RJ | N64: SÃO JOÃO DA BARRA | O64: OK | P64: 18400.12 | Q64: Média | R64: =H64 -> 46045 | S64: FINALIZADO | T64: 46064 | U64: 46058 | V64: =I64 -> 46080 | W64: =V64-R64 -> 35 | X64: =U64-R64 -> 13 | Y64: =W64-X64 -> 22 | Z64: 2571.23 | AA64: SEMANA 01 / FEV / 2026 | AB64: 46059 | AC64: 18400.12 | AD64: 7336 | AE64: Entregue / Coletado | AF64: 46062 | AG64: =K64 -> CIF | AH64: TECNOLOG TRANSPORTE RODO AEREO E LOGISTI | AI64: =#REF! -> #REF! | AJ64: 336.61 | AK64: =AJ64/AC64 -> 0.018293902 | AL64: 46077 | AM64: 46077 | AN64: =AM64-AF64 -> 15 | AO64: SIM | AP64: =I64 -> 46080 | AQ64: =AM64 -> 46077 | AR64: =AP64-H64 -> 35 | AS64: =AM64-H64 -> 32 | AT64: =AR64-AS64 -> 3 | AV64: OK | AW64: =AC64 -> 18400.12 | AX64: =Z64 -> 2571.23 | AZ64: =AJ64 -> 336.61 | BA64: =AX64+AZ64 -> 2907.84
A65: REFINARIA RIOGRANDENSE | B65: Isaias | C65: Pedido Padrão | D65: - | E65: 46259 | F65: 4PIPE000239 | G65: 284 | H65: 46048 | I65: 46076 | J65: =I65-H65 -> 28 | K65: FOB | L65: BRASIL | M65: RS | N65: RIO GRANDE | O65: OK | P65: 6985.98 | Q65: Média | R65: =H65 -> 46048 | S65: FINALIZADO | T65: 46062 | U65: 46058 | V65: =I65 -> 46076 | W65: =V65-R65 -> 28 | X65: =U65-R65 -> 10 | Y65: =W65-X65 -> 18 | Z65: 1151.24 | AA65: SEMANA 01 / FEV / 2026 | AB65: 46059 | AC65: 6985.98 | AD65: 7325 | AE65: Entregue / Coletado | AF65: 46064 | AG65: =K65 -> FOB | AH65: JAPKS LOGISTICA E TRANSPORTES LTDA | AI65: =#REF! -> #REF! | AJ65: 0 | AK65: =AJ65/AC65 -> 0 | AL65: 46059 | AM65: 46059 | AN65: =AM65-AF65 -> -5 | AO65: SIM | AP65: =I65 -> 46076 | AQ65: =AM65 -> 46059 | AR65: =AP65-H65 -> 28 | AS65: =AM65-H65 -> 11 | AT65: =AR65-AS65 -> 17 | AV65: OK | AW65: =AC65 -> 6985.98 | AX65: =Z65 -> 1151.24 | AZ65: =AJ65 -> 0 | BA65: =AX65+AZ65 -> 1151.24
A66: TRANSPETRO RJ | B66: Elder | C66: Pedido Padrão | D66: - | E66: 4501915697 | F66: - | G66: 287 | H66: 46049 | I66: 46108 | J66: =I66-H66 -> 59 | K66: CIF | L66: BRASIL | M66: RJ | N66: DUQUE DE CAXIAS | O66: OK | P66: 96085.229 | Q66: Alta | R66: =H66 -> 46049 | S66: FINALIZADO | T66: 46080 | U66: 46104 | V66: =I66 -> 46108 | W66: =V66-R66 -> 59 | X66: =U66-R66 -> 55 | Y66: =W66-X66 -> 4 | Z66: 25063 | AA66: SEMANA 04 / FEV / 2026 | AB66: 46080 | AC66: 87678.33 | AD66: 7331 | AE66: Entregue / Coletado | AF66: 46084 | AG66: =K66 -> CIF | AH66: 4PIPE HIDROPIG - ENGENHARIA INDUSTRIAL LTDA | AI66: =#REF! -> #REF! | AJ66: 0 | AK66: =AJ66/AC66 -> 0 | AL66: 46091 | AM66: 46084 | AN66: =AM66-AF66 -> 0 | AO66: SIM | AP66: =I66 -> 46108 | AQ66: =AM66 -> 46084 | AR66: =AP66-H66 -> 59 | AS66: =AM66-H66 -> 35 | AT66: =AR66-AS66 -> 24 | AV66: OK | AW66: =AC66 -> 87678.33 | AX66: =Z66 -> 25063 | AZ66: =AJ66 -> 0 | BA66: =AX66+AZ66 -> 25063
A67: OXITENO | B67: José Carlos | C67: Pedido Padrão | D67: - | E67: 629957 | F67: 4PIPE000249 | G67: 288 | H67: 46049 | I67: 46079 | J67: =I67-H67 -> 30 | K67: CIF | L67: BRASIL | M67: SP | N67: TREMEMBÉ | O67: OK | P67: 7600 | Q67: Média | R67: =H67 -> 46049 | S67: FINALIZADO | T67: 46062 | U67: 46059 | V67: =I67 -> 46079 | W67: =V67-R67 -> 30 | X67: =U67-R67 -> 10 | Y67: =W67-X67 -> 20 | Z67: 276.82 | AA67: SEMANA 01 / FEV / 2026 | AB67: 46062 | AC67: 7600 | AD67: 7328 | AE67: Entregue / Coletado | AF67: 46062 | AG67: =K67 -> CIF | AH67: 4PIPE HIDROPIG - ENGENHARIA INDUSTRIAL LTDA | AI67: =#REF! -> #REF! | AJ67: 0 | AK67: =AJ67/AC67 -> 0 | AL67: 46062 | AM67: 46062 | AN67: =AM67-AF67 -> 0 | AO67: SIM | AP67: =I67 -> 46079 | AQ67: =AM67 -> 46062 | AR67: =AP67-H67 -> 30 | AS67: =AM67-H67 -> 13 | AT67: =AR67-AS67 -> 17 | AV67: OK | AW67: =AC67 -> 7600 | AX67: =Z67 -> 276.82 | AZ67: =AJ67 -> 0 | BA67: =AX67+AZ67 -> 276.82
A68: PETROBRÁS MACAE | B68: Elder | C68: Emergencial | D68: 4600677427 | E68: 4514949125 | F68: - | G68: 290 | H68: 46049 | I68: 46071 | J68: =I68-H68 -> 22 | K68: CIF | L68: BRASIL | M68: RJ | N68: MACAÉ | O68: OK | P68: 6219.96 | Q68: Alta | R68: =H68 -> 46049 | S68: FINALIZADO | T68: 46059 | U68: 46058 | V68: =I68 -> 46071 | W68: =V68-R68 -> 22 | X68: =U68-R68 -> 9 | Y68: =W68-X68 -> 13 | Z68: 2585.16 | AA68: SEMANA 01 / FEV / 2026 | AB68: 46058 | AC68: 6219.96 | AD68: 7321 | AE68: Entregue / Coletado | AF68: 46071 | AG68: =K68 -> CIF | AH68: EMPRESA DE TRANSPORTES MARTINS LTDA | AI68: =#REF! -> #REF! | AJ68: 700 | AK68: =AJ68/AC68 -> 0.11254092 | AL68: 46073 | AM68: 46073 | AN68: =AM68-AF68 -> 2 | AO68: NÃO | AP68: =I68 -> 46071 | AQ68: =AM68 -> 46073 | AR68: =AP68-H68 -> 22 | AS68: =AM68-H68 -> 24 | AT68: =AR68-AS68 -> -2 | AV68: ATENÇÃO | AW68: =AC68 -> 6219.96 | AX68: =Z68 -> 2585.16 | AZ68: =AJ68 -> 700 | BA68: =AX68+AZ68 -> 3285.16
A69: TSC SUBSEA | B69: Elder | C69: Pedido Padrão | D69: - | E69: 26-5003943606 | F69: 4PIPE000240 | G69: 293 | H69: 46050 | I69: 46078 | J69: =I69-H69 -> 28 | K69: FOB | L69: BRASIL | M69: RJ | N69: SÃO CRISTOVÃO | O69: OK | P69: 966.8 | Q69: Média | R69: =H69 -> 46050 | S69: FINALIZADO | T69: 46063 | U69: 46062 | V69: =I69 -> 46078 | W69: =V69-R69 -> 28 | X69: =U69-R69 -> 12 | Y69: =W69-X69 -> 16 | Z69: 279 | AA69: SEMANA 01 / FEV / 2026 | AB69: 46077 | AC69: 998.22 | AD69: 7362 | AE69: Entregue / Coletado | AF69: 46078 | AG69: =K69 -> FOB | AH69: NILVANIA BERNARDO DA SILVA TRANSPORTES L | AI69: =#REF! -> #REF! | AJ69: 0 | AK69: =AJ69/AC69 -> 0 | AL69: 46071 | AM69: 46071 | AN69: =AM69-AF69 -> -7 | AO69: SIM | AP69: =I69 -> 46078 | AQ69: =AM69 -> 46071 | AR69: =AP69-H69 -> 28 | AS69: =AM69-H69 -> 21 | AT69: =AR69-AS69 -> 7 | AV69: OK | AW69: =AC69 -> 998.22 | AX69: =Z69 -> 279 | AZ69: =AJ69 -> 0 | BA69: =AX69+AZ69 -> 279
A70: DOW BRASIL | B70: Rui | C70: Pedido Padrão | D70: - | E70: 4518289800 | F70: 4PIPE000255 | G70: 294 | H70: 46050 | I70: 46100 | J70: =I70-H70 -> 50 | K70: FOB | L70: BRASIL | M70: BA | N70: CANDEIAS | O70: OK | P70: 5528 | Q70: Alta | R70: =H70 -> 46050 | S70: FINALIZADO | T70: 46055 | U70: 46055 | V70: =I70 -> 46100 | W70: =V70-R70 -> 50 | X70: =U70-R70 -> 5 | Y70: =W70-X70 -> 45 | Z70: 0 | AA70: SEMANA 01 / FEV / 2026 | AB70: 46056 | AC70: 5528 | AD70: 7311 | AE70: Entregue / Coletado | AF70: 46084 | AG70: FOB | AH70: EXPRESS LOGISTICA LTDA | AI70: =#REF! -> #REF! | AJ70: 0 | AK70: =AJ70/AC70 -> 0 | AL70: 46055 | AM70: 46055 | AN70: =AM70-AF70 -> -29 | AO70: SIM | AP70: =I70 -> 46100 | AQ70: =AM70 -> 46055 | AR70: =AP70-H70 -> 50 | AS70: =AM70-H70 -> 5 | AT70: =AR70-AS70 -> 45 | AV70: OK | AW70: =AC70 -> 5528 | AX70: =Z70 -> 0 | AZ70: =AJ70 -> 0 | BA70: =AX70+AZ70 -> 0
A71: PIPEWAY | B71: Elder | C71: Pedido Padrão | D71: - | E71: 1844 | F71: 4PIPE000238--1 | G71: 295 | H71: 46050 | I71: 46080 | J71: =I71-H71 -> 30 | K71: FOB | L71: BRASIL | M71: RJ | N71: SÃO CRISTOVÃO | O71: OK | P71: 42691.84 | Q71: Alta | R71: =H71 -> 46050 | S71: FINALIZADO | T71: 46076 | U71: 46080 | V71: =I71 -> 46080 | W71: =V71-R71 -> 30 | X71: =U71-R71 -> 30 | Y71: =W71-X71 -> 0 | Z71: 11997.68 | AA71: SEMANA 03 / FEV / 2026 | AB71: 46079 | AC71: 42691.84 | AD71: 7364 | AE71: Entregue / Coletado | AF71: 46085 | AG71: =K71 -> FOB | AH71: EMPRESA DE TRANSPORTES MARTINS LTDA | AI71: =#REF! -> #REF! | AJ71: 0 | AK71: =AJ71/AC71 -> 0 | AL71: 46079 | AM71: 46079 | AN71: =AM71-AF71 -> -6 | AO71: SIM | AP71: =I71 -> 46080 | AQ71: =AM71 -> 46079 | AR71: =AP71-H71 -> 30 | AS71: =AM71-H71 -> 29 | AT71: =AR71-AS71 -> 1 | AV71: OK | AW71: =AC71 -> 42691.84 | AX71: =Z71 -> 11997.68 | AZ71: =AJ71 -> 0 | BA71: =AX71+AZ71 -> 11997.68
A72: AURORA | B72: Isaias | C72: Pedido Padrão | D72: - | E72: 4481639 | F72: 4PIPE000248 | G72: 296 | H72: 46050 | I72: 46094 | J72: =I72-H72 -> 44 | K72: CIF | L72: BRASIL | M72: SC | N72: ABELARDO LUZ | O72: OK | P72: 5568.8 | Q72: Média | R72: =H72 -> 46050 | S72: FINALIZADO | T72: 46065 | U72: 46066 | V72: =I72 -> 46094 | W72: =V72-R72 -> 44 | X72: =U72-R72 -> 16 | Y72: =W72-X72 -> 28 | Z72: 707.37 | AA72: SEMANA 02 / FEV / 2026 | AB72: 46066 | AC72: 5568.8 | AD72: 7343 | AE72: Entregue / Coletado | AF72: 46066 | AG72: =K72 -> CIF | AH72: RODONAVES TRANSPORTES ENCOM LTDA | AI72: =#REF! -> #REF! | AJ72: 165.26 | AK72: =AJ72/AC72 -> 0.029676052 | AL72: 46084 | AM72: 46077 | AN72: =AM72-AF72 -> 11 | AO72: SIM | AP72: =I72 -> 46094 | AQ72: =AM72 -> 46077 | AR72: =AP72-H72 -> 44 | AS72: =AM72-H72 -> 27 | AT72: =AR72-AS72 -> 17 | AV72: OK | AW72: =AC72 -> 5568.8 | AX72: =Z72 -> 707.37 | AZ72: =AJ72 -> 165.26 | BA72: =AX72+AZ72 -> 872.63
A73: DOW BRASIL | B73: Rui | C73: Emergencial | D73: - | E73: 4518128387 | F73: - | G73: 297 | H73: 46050 | I73: 46059 | J73: =I73-H73 -> 9 | K73: FOB | L73: BRASIL | M73: BA | N73: CANDEIAS | O73: OK | P73: 16345 | Q73: Alta | R73: =H73 -> 46050 | S73: FINALIZADO | T73: 46055 | U73: 46055 | V73: =I73 -> 46059 | W73: =V73-R73 -> 9 | X73: =U73-R73 -> 5 | Y73: =W73-X73 -> 4 | Z73: 2880.45 | AA73: SEMANA 01 / FEV / 2026 | AB73: 46056 | AC73: 16345 | AD73: 7312 | AE73: Entregue / Coletado | AF73: 46056 | AG73: FOB | AH73: EXPRESS LOGISTICA LTDA | AI73: =#REF! -> #REF! | AJ73: 0 | AK73: =AJ73/AC73 -> 0 | AL73: 46055 | AM73: 46055 | AN73: =AM73-AF73 -> -1 | AO73: SIM | AP73: =I73 -> 46059 | AQ73: =AM73 -> 46055 | AR73: =AP73-H73 -> 9 | AS73: =AM73-H73 -> 5 | AT73: =AR73-AS73 -> 4 | AV73: OK | AW73: =AC73 -> 16345 | AX73: =Z73 -> 2880.45 | AZ73: =AJ73 -> 0 | BA73: =AX73+AZ73 -> 2880.45
A74: AURORA | B74: Isaias | C74: Pedido Padrão | D74: - | E74: 4483012 | F74: 4PIPE000256 | G74: 298 | H74: 46051 | I74: 46094 | J74: =I74-H74 -> 43 | K74: CIF | L74: BRASIL | M74: SC | N74: ABELARDO LUZ | O74: OK | P74: 8353.2 | Q74: Média | R74: =H74 -> 46051 | S74: FINALIZADO | T74: 46065 | U74: 46066 | V74: =I74 -> 46094 | W74: =V74-R74 -> 43 | X74: =U74-R74 -> 15 | Y74: =W74-X74 -> 28 | Z74: 1060.25 | AA74: SEMANA 02 / FEV / 2026 | AB74: 46066 | AC74: 8353.2 | AD74: 7342 | AE74: Entregue / Coletado | AF74: 46066 | AG74: =K74 -> CIF | AH74: RODONAVES TRANSPORTES ENCOM LTDA | AI74: =#REF! -> #REF! | AJ74: 198.22 | AK74: =AJ74/AC74 -> 0.023729828 | AL74: 46084 | AM74: 46077 | AN74: =AM74-AF74 -> 11 | AO74: SIM | AP74: =I74 -> 46094 | AQ74: =AM74 -> 46077 | AR74: =AP74-H74 -> 43 | AS74: =AM74-H74 -> 26 | AT74: =AR74-AS74 -> 17 | AV74: OK | AW74: =AC74 -> 8353.2 | AX74: =Z74 -> 1060.25 | AZ74: =AJ74 -> 198.22 | BA74: =AX74+AZ74 -> 1258.47
A75: ENEVA | B75: Sem executivo | C75: Pedido Padrão | D75: - | E75: 4500239928 | F75: 4PIPE000220 | G75: 299 | H75: 46052 | I75: 46076 | J75: =I75-H75 -> 24 | K75: FOB | L75: BRASIL | M75: MA | N75: SANTO ANTONIO DOS ALPES | O75: OK | P75: 1924.47 | Q75: Média | R75: =H75 -> 46052 | S75: FINALIZADO | T75: 46071 | U75: 46066 | V75: =I75 -> 46076 | W75: =V75-R75 -> 24 | X75: =U75-R75 -> 14 | Y75: =W75-X75 -> 10 | Z75: 436.24 | AA75: SEMANA 02 / FEV / 2026 | AB75: 46072 | AC75: 1924.47 | AD75: 7348 | AE75: Entregue / Coletado | AF75: 46076 | AG75: =K75 -> FOB | AH75: TRANSPORTES DELLA VOLPE S A COMERCIO E I | AI75: =#REF! -> #REF! | AJ75: 0 | AK75: =AJ75/AC75 -> 0 | AM75: 46066 | AN75: =AM75-AF75 -> -10 | AO75: SIM | AP75: =I75 -> 46076 | AQ75: =AM75 -> 46066 | AR75: =AP75-H75 -> 24 | AS75: =AM75-H75 -> 14 | AT75: =AR75-AS75 -> 10 | AV75: OK | AW75: =AC75 -> 1924.47 | AX75: =Z75 -> 436.24 | AZ75: =AJ75 -> 0 | BA75: =AX75+AZ75 -> 436.24
A76: FHS CONSTRUTORA | B76: Saulo | C76: Pedido Padrão | D76: - | E76: 335 | F76: 4PIPE000227 | G76: 303 | H76: 46055 | I76: 46083 | J76: =I76-H76 -> 28 | K76: CIF | L76: BRASIL | M76: CE | N76: FORTALEZA | O76: OK | P76: 4659.8 | Q76: Alta | R76: =H76 -> 46055 | S76: FINALIZADO | T76: 46071 | U76: 46066 | V76: =I76 -> 46083 | W76: =V76-R76 -> 28 | X76: =U76-R76 -> 11 | Y76: =W76-X76 -> 17 | Z76: 562.06 | AA76: SEMANA 02 / FEV / 2026 | AB76: 46066 | AC76: 4659.8 | AD76: 7346 | AE76: Entregue / Coletado | AF76: 46071 | AG76: FOB | AH76: BRASPRESS TRANSPORTES URGENTES LTDA | AI76: =#REF! -> #REF! | AJ76: 0 | AK76: =AJ76/AC76 -> 0 | AL76: 46080 | AM76: 46080 | AN76: =AM76-AF76 -> 9 | AO76: SIM | AP76: =I76 -> 46083 | AQ76: =AM76 -> 46080 | AR76: =AP76-H76 -> 28 | AS76: =AM76-H76 -> 25 | AT76: =AR76-AS76 -> 3 | AV76: OK | AW76: =AC76 -> 4659.8 | AX76: =Z76 -> 562.06 | AZ76: =AJ76 -> 0 | BA76: =AX76+AZ76 -> 562.06
A77: NTS | B77: José Carlos | C77: Pedido Padrão | D77: - | E77: 7700000683 | F77: 4PIPE000192-1 | G77: 304 | H77: 46055 | I77: 46083 | J77: =I77-H77 -> 28 | K77: FOB | L77: BRASIL | M77: SP | N77: TAUBATÉ | O77: OK | P77: 24620.22 | Q77: Média | R77: =H77 -> 46055 | S77: FINALIZADO | T77: 46092 | U77: 46100 | V77: =I77 -> 46083 | W77: =V77-R77 -> 28 | X77: =U77-R77 -> 45 | Y77: =W77-X77 -> -17 | AA77: SEMANA 02 / MAR / 2026 | AB77: 46107 | AC77: 24620.22 | AD77: 7454 | AE77: Entregue / Coletado | AF77: 46107 | AG77: =K77 -> FOB | AH77: NOVA TRANSPORTADORA DO SUDESTE S/A - NTS | AI77: =#REF! -> #REF! | AJ77: 0 | AK77: =AJ77/AC77 -> 0 | AL77: 46100 | AM77: 46100 | AN77: =AM77-AF77 -> -7 | AO77: NÃO | AP77: =I77 -> 46083 | AQ77: =AM77 -> 46100 | AR77: =AP77-H77 -> 28 | AS77: =AM77-H77 -> 45 | AT77: =AR77-AS77 -> -17 | AU77: Atraso produção - metalmecanica + serviços | AV77: ATENÇÃO | AW77: =AC77 -> 24620.22 | AX77: =Z77 -> 0 | AZ77: =AJ77 -> 0 | BA77: =AX77+AZ77 -> 0
A78: TRANSPETRO | B78: Saulo | C78: Emergencial | E78: 4501773099 | F78: - | G78: 305 | H78: 46055 | I78: 46086 | J78: =I78-H78 -> 31 | K78: CIF | L78: BRASIL | M78: PE | N78: IPOJUCA | O78: OK | P78: 4242 | Q78: Média | R78: =H78 -> 46055 | S78: FINALIZADO | T78: 46071 | U78: 46071 | V78: 46086 | W78: =V78-R78 -> 31 | X78: =U78-R78 -> 16 | Y78: =W78-X78 -> 15 | Z78: 842.77 | AA78: SEMANA 02 / FEV / 2026 | AB78: 46072 | AC78: 4242 | AD78: 7349 | AE78: Entregue / Coletado | AF78: 46076 | AG78: =K78 -> CIF | AH78: TECNOLOG TRANSPORTE RODO AEREO E LOGISTI | AI78: =#REF! -> #REF! | AJ78: 570.7 | AK78: =AJ78/AC78 -> 0.1345356 | AL78: 46079 | AM78: 46080 | AN78: =AM78-AF78 -> 4 | AO78: SIM | AP78: =I78 -> 46086 | AQ78: =AM78 -> 46080 | AR78: =AP78-H78 -> 31 | AS78: =AM78-H78 -> 25 | AT78: =AR78-AS78 -> 6 | AV78: OK | AW78: =AC78 -> 4242 | AX78: =Z78 -> 842.77 | AZ78: =AJ78 -> 570.7 | BA78: =AX78+AZ78 -> 1413.47
A79: JEFERSON PIPE | B79: José Carlos | C79: Pedido Padrão | D79: - | E79: - | F79: 4PIPE000270 | G79: 306 | H79: 46056 | I79: 46066 | J79: =I79-H79 -> 10 | K79: FOB | L79: BRASIL | M79: SP | N79: SÃO PAULO | O79: OK | P79: 3164.8 | Q79: Média | R79: =H79 -> 46056 | S79: FINALIZADO | T79: 46065 | U79: 46063 | V79: =I79 -> 46066 | W79: =V79-R79 -> 10 | X79: =U79-R79 -> 7 | Y79: =W79-X79 -> 3 | Z79: 341.43 | AA79: SEMANA 02 / FEV / 2026 | AB79: 46064 | AC79: 3164.8 | AD79: 7332 | AE79: Entregue / Coletado | AF79: 46064 | AG79: =K79 -> FOB | AH79: JEFERSON PIPE | AI79: 0 | AJ79: 0 | AK79: =AJ79/AC79 -> 0 | AL79: 46064 | AM79: 46064 | AN79: =AM79-AF79 -> 0 | AO79: SIM | AP79: =I79 -> 46066 | AQ79: =AM79 -> 46064 | AR79: =AP79-H79 -> 10 | AS79: =AM79-H79 -> 8 | AT79: =AR79-AS79 -> 2 | AV79: OK | AW79: =AC79 -> 3164.8 | AX79: =Z79 -> 341.43 | AZ79: =AJ79 -> 0 | BA79: =AX79+AZ79 -> 341.43
A80: AURORA | B80: Isaias | C80: Pedido Padrão | D80: - | E80: 4487646 | F80: 4PIPE000262 | G80: 307 | H80: 46056 | I80: 46097 | J80: =I80-H80 -> 41 | K80: CIF | L80: BRASIL | M80: SC | N80: GUATEMBU | O80: OK | P80: 5568.8 | Q80: Média | R80: =H80 -> 46056 | S80: FINALIZADO | T80: 46065 | U80: 46066 | V80: =I80 -> 46097 | W80: =V80-R80 -> 41 | X80: =U80-R80 -> 10 | Y80: =W80-X80 -> 31 | Z80: 707.37 | AA80: SEMANA 02 / FEV / 2026 | AB80: 46066 | AC80: 5568.8 | AD80: 7345 | AE80: Entregue / Coletado | AF80: 46066 | AG80: =K80 -> CIF | AH80: RODONAVES TRANSPORTES ENCOM LTDA | AI80: =#REF! -> #REF! | AJ80: 165.26 | AK80: =AJ80/AC80 -> 0.029676052 | AL80: 46080 | AM80: 46073 | AN80: =AM80-AF80 -> 7 | AO80: SIM | AP80: =I80 -> 46097 | AQ80: =AM80 -> 46073 | AR80: =AP80-H80 -> 41 | AS80: =AM80-H80 -> 17 | AT80: =AR80-AS80 -> 24 | AV80: OK | AW80: =AC80 -> 5568.8 | AX80: =Z80 -> 707.37 | AZ80: =AJ80 -> 165.26 | BA80: =AX80+AZ80 -> 872.63
A81: TRANSPETRO | B81: Isaias | C81: Pedido Padrão | D81: - | E81: 4501921948 | F81: - | G81: 308 | H81: 46056 | I81: 46092 | J81: =I81-H81 -> 36 | K81: CIF | L81: BRASIL | M81: RS | N81: CANOAS | O81: OK | P81: 1672.73 | Q81: Média | R81: =H81 -> 46056 | S81: FINALIZADO | T81: 46079 | U81: 46080 | V81: =I81 -> 46092 | W81: =V81-R81 -> 36 | X81: =U81-R81 -> 24 | Y81: =W81-X81 -> 12 | Z81: 488.69 | AA81: SEMANA 04 / FEV / 2026 | AB81: 46079 | AC81: 1672.73 | AD81: 7367 | AE81: Entregue / Coletado | AF81: 46080 | AG81: =K81 -> CIF | AH81: RODONAVES TRANSPORTES E ENCOMENDAS LTDA | AI81: =#REF! -> #REF! | AJ81: 173.43 | AK81: =AJ81/AC81 -> 0.10368081 | AL81: 46080 | AM81: 46083 | AN81: =AM81-AF81 -> 3 | AO81: SIM | AP81: =I81 -> 46092 | AQ81: =AM81 -> 46083 | AR81: =AP81-H81 -> 36 | AS81: =AM81-H81 -> 27 | AT81: =AR81-AS81 -> 9 | AV81: OK | AW81: =AC81 -> 1672.73 | AX81: =Z81 -> 488.69 | AZ81: =AJ81 -> 173.43 | BA81: =AX81+AZ81 -> 662.12
A82: ROSEN GROUP | B82: Elder | C82: Emergencial | D82: - | E82: 4500794843 | F82: 4PIPE000257 | G82: 309 | H82: 46056 | I82: 46062 | J82: =I82-H82 -> 6 | K82: FOB | L82: BRASIL | M82: RJ | N82: RIO DE JANEIRO | O82: OK | P82: 7527.34 | Q82: Média | R82: =H82 -> 46056 | S82: FINALIZADO | T82: 46062 | U82: 46062 | V82: =I82 -> 46062 | W82: =V82-R82 -> 6 | X82: =U82-R82 -> 6 | Y82: =W82-X82 -> 0 | Z82: 706.12 | AA82: SEMANA 01 / FEV / 2026 | AB82: 46062 | AC82: 7527.34 | AD82: 7330 | AE82: Entregue / Coletado | AF82: 46062 | AG82: =K82 -> FOB | AH82: RAPHAEL VITOR CARDOSO DE BARR | AI82: =#REF! -> #REF! | AJ82: 1550 | AK82: =AJ82/AC82 -> 0.20591603 | AM82: 46062 | AN82: =AM82-AF82 -> 0 | AO82: SIM | AP82: =I82 -> 46062 | AQ82: =AM82 -> 46062 | AR82: =AP82-H82 -> 6 | AS82: =AM82-H82 -> 6 | AT82: =AR82-AS82 -> 0 | AV82: OK | AW82: =AC82 -> 7527.34 | AX82: =Z82 -> 706.12 | AZ82: =AJ82 -> 1550 | BA82: =AX82+AZ82 -> 2256.12
A83: ICONIC | B83: Elder | C83: Pedido Padrão | D83: - | E83: O6 35190 | F83: 4PIPE000084-1 | G83: 310 | H83: 46056 | I83: 46087 | J83: =I83-H83 -> 31 | K83: CIF | L83: BRASIL | M83: RJ | N83: DUQUE DE CAXIAS | O83: OK | P83: 10250 | Q83: Média | R83: =H83 -> 46056 | S83: FINALIZADO | T83: 46073 | U83: 46079 | V83: =I83 -> 46087 | W83: =V83-R83 -> 31 | X83: =U83-R83 -> 23 | Y83: =W83-X83 -> 8 | Z83: 587.39 | AA83: SEMANA 03 / FEV / 2026 | AB83: 46077 | AC83: 10250 | AD83: 7366 | AE83: Entregue / Coletado | AF83: 46084 | AG83: =K83 -> CIF | AH83: 4PIPE HIDROPIG - ENGENHARIA INDUSTRIAL LTDA | AI83: =#REF! -> #REF! | AJ83: 0 | AK83: =AJ83/AC83 -> 0 | AL83: 46084 | AM83: 46084 | AN83: =AM83-AF83 -> 0 | AO83: SIM | AP83: =I83 -> 46087 | AQ83: =AM83 -> 46084 | AR83: =AP83-H83 -> 31 | AS83: =AM83-H83 -> 28 | AT83: =AR83-AS83 -> 3 | AV83: OK | AW83: =AC83 -> 10250 | AX83: =Z83 -> 587.39 | AZ83: =AJ83 -> 0 | BA83: =AX83+AZ83 -> 587.39
A84: DELP | B84: Elder | C84: Pedido Padrão | D84: - | E84: 844/846 | F84: 4PIPE000246 | G84: 311 | H84: 46057 | I84: 46085 | J84: =I84-H84 -> 28 | K84: FOB | L84: BRASIL | M84: RJ | N84: SÃO JOÃO DA BARRA | O84: OK | P84: 2015.55 | Q84: Média | R84: =H84 -> 46057 | S84: FINALIZADO | T84: 46072 | U84: 46064 | V84: =I84 -> 46085 | W84: =V84-R84 -> 28 | X84: =U84-R84 -> 7 | Y84: =W84-X84 -> 21 | Z84: 654.07 | AA84: SEMANA 02 / FEV / 2026 | AB84: 46065 | AC84: 2015.55 | AD84: 7339 | AE84: Entregue / Coletado | AF84: 46073 | AG84: =K84 -> FOB | AH84: JAMEF TRANSPORTES LTDA | AI84: =#REF! -> #REF! | AJ84: 0 | AK84: =AJ84/AC84 -> 0 | AL84: 46065 | AM84: 46065 | AN84: =AM84-AF84 -> -8 | AO84: SIM | AP84: =I84 -> 46085 | AQ84: =AM84 -> 46065 | AR84: =AP84-H84 -> 28 | AS84: =AM84-H84 -> 8 | AT84: =AR84-AS84 -> 20 | AV84: OK | AW84: =AC84 -> 2015.55 | AX84: =Z84 -> 654.07 | AZ84: =AJ84 -> 0 | BA84: =AX84+AZ84 -> 654.07
A85: ENEVA | B85: Sem executivo | C85: Pedido Padrão | D85: - | E85: 4500242004 | F85: - | G85: 312 | H85: 46057 | I85: 46101 | J85: =I85-H85 -> 44 | K85: FOB | L85: BRASIL | M85: MA | N85: SANTO ANTONIO DOS LOPES | O85: OK | P85: 11717.44 | Q85: Média | R85: =H85 -> 46057 | S85: FINALIZADO | T85: 46094 | U85: 46094 | V85: =I85 -> 46101 | W85: =V85-R85 -> 44 | X85: =U85-R85 -> 37 | Y85: =W85-X85 -> 7 | AA85: SEMANA 02 / MAR / 2026 | AB85: 46098 | AC85: 11717.44 | AD85: 7424 | AE85: Entregue / Coletado | AF85: 46100 | AG85: FOB | AH85: TRANSPORTES DELLA VOLPE S A COMERCIO E I | AI85: =#REF! -> #REF! | AJ85: 0 | AK85: =AJ85/AC85 -> 0 | AL85: 46098 | AM85: 46100 | AN85: =AM85-AF85 -> 0 | AO85: SIM | AP85: =I85 -> 46101 | AR85: =AP85-H85 -> 44 | AS85: =AM85-H85 -> 43 | AT85: =AR85-AS85 -> 1 | AV85: OK | AW85: =AC85 -> 11717.44 | AX85: =Z85 -> 0 | AZ85: =AJ85 -> 0 | BA85: =AX85+AZ85 -> 0
A86: TRANSPETRO | B86: Isaias | C86: Pedido Padrão | D86: 4600016155 | E86: 4501920513 | F86: - | G86: 313 | H86: 46057 | I86: 46108 | J86: =I86-H86 -> 51 | K86: CIF | L86: BRASIL | M86: RS | N86: CANOAS | O86: OK | P86: 8379.43 | Q86: Média | R86: =H86 -> 46057 | S86: FINALIZADO | T86: 46079 | U86: 46080 | V86: =I86 -> 46108 | W86: =V86-R86 -> 51 | X86: =U86-R86 -> 23 | Y86: =W86-X86 -> 28 | Z86: 2555.42 | AA86: SEMANA 04 / FEV / 2026 | AB86: 46079 | AC86: 8379.43 | AD86: 7368 | AE86: Entregue / Coletado | AF86: 46084 | AG86: =K86 -> CIF | AH86: RODONAVES TRANSPORTES E ENCOMENDAS LTDA | AI86: =#REF! -> #REF! | AJ86: 906.57 | AK86: =AJ86/AC86 -> 0.10818994 | AL86: 46093 | AM86: 46087 | AN86: =AM86-AF86 -> 3 | AO86: SIM | AP86: =I86 -> 46108 | AQ86: =AM86 -> 46087 | AR86: =AP86-H86 -> 51 | AS86: =AM86-H86 -> 30 | AT86: =AR86-AS86 -> 21 | AV86: OK | AW86: =AC86 -> 8379.43 | AX86: =Z86 -> 2555.42 | AZ86: =AJ86 -> 906.57 | BA86: =AX86+AZ86 -> 3461.99
A87: JOETEC | B87: José Carlos | C87: Pedido Padrão | D87: - | E87: 14.586 | F87: 4PIPE000250-1 | G87: 316 | H87: 46058 | I87: 46084 | J87: =I87-H87 -> 26 | K87: FOB | L87: BRASIL | M87: SP | N87: SÃO PAULO | O87: OK | P87: 3252 | Q87: Média | R87: =H87 -> 46058 | S87: FINALIZADO | T87: 46072 | U87: 46072 | V87: =I87 -> 46084 | W87: =V87-R87 -> 26 | X87: =U87-R87 -> 14 | Y87: =W87-X87 -> 12 | Z87: 651.24 | AA87: SEMANA 03 / FEV / 2026 | AB87: 46077 | AC87: 3252 | AD87: 7360 | AE87: Entregue / Coletado | AF87: 46077 | AG87: =K87 -> FOB | AH87: JOETEC COMERCIO, MONTAGEM E MAN DE MAQU | AI87: =#REF! -> #REF! | AJ87: 0 | AK87: =AJ87/AC87 -> 0 | AL87: 46077 | AM87: 46077 | AN87: =AM87-AF87 -> 0 | AO87: SIM | AP87: =I87 -> 46084 | AQ87: =AM87 -> 46077 | AR87: =AP87-H87 -> 26 | AS87: =AM87-H87 -> 19 | AT87: =AR87-AS87 -> 7 | AV87: OK | AW87: =AC87 -> 3252 | AX87: =Z87 -> 651.24 | AZ87: =AJ87 -> 0 | BA87: =AX87+AZ87 -> 651.24
A88: PLANNER | B88: José Carlos | C88: Pedido Padrão | D88: - | E88: 123451 | F88: 4PIPE000167 | G88: 317 | H88: 46058 | I88: 46083 | J88: =I88-H88 -> 25 | K88: FOB | L88: BRASIL | M88: SP | N88: TATUI | O88: OK | P88: 9646 | Q88: Média | R88: =H88 -> 46058 | S88: FINALIZADO | T88: 46076 | U88: 46073 | V88: =I88 -> 46083 | W88: =V88-R88 -> 25 | X88: =U88-R88 -> 15 | Y88: =W88-X88 -> 10 | Z88: 3640.9 | AA88: SEMANA 03 / FEV / 2026 | AB88: 46076 | AC88: 9646 | AD88: 7351 | AE88: Entregue / Coletado | AF88: 46077 | AG88: =K88 -> FOB | AH88: PLANERR COMERCIO DE FERRAMENTAS E MANUTENCAO LTDA | AI88: =#REF! -> #REF! | AJ88: 0 | AK88: =AJ88/AC88 -> 0 | AM88: 46073 | AN88: =AM88-AF88 -> -4 | AO88: SIM | AP88: =I88 -> 46083 | AQ88: =AM88 -> 46073 | AR88: =AP88-H88 -> 25 | AS88: =AM88-H88 -> 15 | AT88: =AR88-AS88 -> 10 | AV88: OK | AW88: =AC88 -> 9646 | AX88: =Z88 -> 3640.9 | AZ88: =AJ88 -> 0 | BA88: =AX88+AZ88 -> 3640.9
A89: HEXION | B89: Isaias | C89: Pedido Padrão | D89: - | E89: 4502937088 | F89: QIG2025-0184 | G89: 319 | H89: 46058 | I89: 46094 | J89: =I89-H89 -> 36 | K89: FOB | L89: BRASIL | M89: PR | N89: CORITIBA | O89: OK | P89: 12945.4 | Q89: Média | R89: =H89 -> 46058 | S89: FINALIZADO | T89: 46080 | U89: 46083 | V89: =I89 -> 46094 | W89: =V89-R89 -> 36 | X89: =U89-R89 -> 25 | Y89: =W89-X89 -> 11 | Z89: 1672.51 | AA89: SEMANA 04 / FEV / 2026 | AB89: 46080 | AC89: 12945.4 | AD89: 7379 | AE89: Entregue / Coletado | AF89: 46084 | AG89: =K89 -> FOB | AH89: EFITRANS TRANSPORTES LTDA. | AI89: =#REF! -> #REF! | AJ89: 0 | AK89: =AJ89/AC89 -> 0 | AL89: 46080 | AM89: 46083 | AN89: =AM89-AF89 -> -1 | AO89: SIM | AP89: =I89 -> 46094 | AQ89: =AM89 -> 46083 | AR89: =AP89-H89 -> 36 | AS89: =AM89-H89 -> 25 | AT89: =AR89-AS89 -> 11 | AV89: OK | AW89: =AC89 -> 12945.4 | AX89: =Z89 -> 1672.51 | AZ89: =AJ89 -> 0 | BA89: =AX89+AZ89 -> 1672.51
A90: ERAM | B90: Mateus - Exportação | C90: Pedido Padrão | D90: - | E90: - | F90: - | G90: 320 | H90: 46058 | I90: 46087 | J90: =I90-H90 -> 29 | K90: FOB | L90: ARGENTINA | M90: EX | N90: BUENOS AIRES | O90: OK | P90: 9160 | Q90: Alta | R90: =H90 -> 46058 | S90: FINALIZADO | T90: 46079 | U90: 46079 | V90: =I90 -> 46087 | W90: =V90-R90 -> 29 | X90: =U90-R90 -> 21 | Y90: =W90-X90 -> 8 | Z90: 3919.98 | AA90: SEMANA 04 / FEV / 2026 | AB90: 46080 | AC90: 13660.67 | AD90: 7336 | AE90: Entregue / Coletado | AF90: 46084 | AG90: =K90 -> FOB | AH90: TECNOLOG TRANSPORTE RODO AEREO E LOGISTI | AI90: =#REF! -> #REF! | AJ90: 0 | AK90: =AJ90/AC90 -> 0 | AL90: 46079 | AM90: 46080 | AN90: =AM90-AF90 -> -4 | AO90: SIM | AP90: =I90 -> 46087 | AQ90: =AM90 -> 46080 | AR90: =AP90-H90 -> 29 | AS90: =AM90-H90 -> 22 | AT90: =AR90-AS90 -> 7 | AV90: OK | AW90: =AC90 -> 13660.67 | AX90: =Z90 -> 3919.98 | AZ90: =AJ90 -> 0 | BA90: =AX90+AZ90 -> 3919.98
A91: CNO | B91: Elder | C91: Emergencial | D91: - | E91: OC153610 | F91: 4PIPE000267 | G91: 322 | H91: 46059 | I91: 46087 | J91: =I91-H91 -> 28 | K91: FOB | L91: BRASIL | M91: RJ | N91: ITAGUAI | O91: OK | P91: 2000 | Q91: Alta | R91: =H91 -> 46059 | S91: FINALIZADO | T91: 46066 | U91: 46064 | V91: =I91 -> 46087 | W91: =V91-R91 -> 28 | X91: =U91-R91 -> 5 | Y91: =W91-X91 -> 23 | Z91: 28.86 | AA91: SEMANA 02 / FEV / 2026 | AB91: 46066 | AC91: 2000 | AD91: 7347 | AE91: Entregue / Coletado | AF91: 46073 | AG91: =K91 -> FOB | AH91: GAET SERVICOS E TRANSPORTES LTDA | AI91: =#REF! -> #REF! | AJ91: 0 | AK91: =AJ91/AC91 -> 0 | AL91: 46073 | AM91: 46073 | AN91: =AM91-AF91 -> 0 | AO91: SIM | AP91: =I91 -> 46087 | AQ91: =AM91 -> 46073 | AR91: =AP91-H91 -> 28 | AS91: =AM91-H91 -> 14 | AT91: =AR91-AS91 -> 14 | AV91: OK | AW91: =AC91 -> 2000 | AX91: =Z91 -> 28.86 | AZ91: =AJ91 -> 0 | BA91: =AX91+AZ91 -> 28.86
A92: ACRILEX | B92: José Carlos | C92: Pedido Padrão | D92: - | E92: 204873 | F92: 4PIPE000271 | G92: 323 | H92: 46059 | I92: 46111 | J92: =I92-H92 -> 52 | K92: FOB | L92: BRASIL | M92: SP | N92: SÃO BERNARDO | O92: OK | P92: 4540.2 | Q92: Média | R92: =H92 -> 46059 | S92: FINALIZADO | T92: 46078 | U92: 46077 | V92: =I92 -> 46111 | W92: =V92-R92 -> 52 | X92: =U92-R92 -> 18 | Y92: =W92-X92 -> 34 | Z92: 86.38 | AA92: SEMANA 04 / FEV / 2026 | AB92: 46079 | AC92: 4540.2 | AD92: 7365 | AE92: Entregue / Coletado | AF92: 46084 | AG92: =K92 -> FOB | AH92: ACRILEX TINTAS ESPECIAIS S.A. | AI92: =#REF! -> #REF! | AJ92: 0 | AK92: =AJ92/AC92 -> 0 | AL92: 46078 | AM92: 46078 | AN92: =AM92-AF92 -> -6 | AO92: SIM | AP92: =I92 -> 46111 | AQ92: =AM92 -> 46078 | AR92: =AP92-H92 -> 52 | AS92: =AM92-H92 -> 19 | AT92: =AR92-AS92 -> 33 | AV92: OK | AW92: =AC92 -> 4540.2 | AX92: =Z92 -> 86.38 | AZ92: =AJ92 -> 0 | BA92: =AX92+AZ92 -> 86.38
A93: BRF | B93: Isaias | C93: Pedido Padrão | D93: - | E93: 112509764 | F93: 4PIPE000282 | G93: 326 | H93: 46062 | I93: 46087 | J93: =I93-H93 -> 25 | K93: FOB | L93: BRASIL | M93: RS | N93: MARAU | O93: OK | P93: 4697.7 | Q93: Alta | R93: =H93 -> 46062 | S93: FINALIZADO | T93: 46073 | U93: 46073 | V93: =I93 -> 46087 | W93: =V93-R93 -> 25 | X93: =U93-R93 -> 11 | Y93: =W93-X93 -> 14 | Z93: 754.89 | AA93: SEMANA 02 / FEV / 2026 | AB93: 46076 | AC93: 4697.7 | AD93: 7357 | AE93: Entregue / Coletado | AF93: 46080 | AG93: =K93 -> FOB | AH93: ALFA TRANSPORTES EIRELI | AI93: =#REF! -> #REF! | AJ93: 0 | AK93: =AJ93/AC93 -> 0 | AL93: 46073 | AM93: 46073 | AN93: =AM93-AF93 -> -7 | AO93: SIM | AP93: =I93 -> 46087 | AQ93: =AM93 -> 46073 | AR93: =AP93-H93 -> 25 | AS93: =AM93-H93 -> 11 | AT93: =AR93-AS93 -> 14 | AV93: OK | AW93: =AC93 -> 4697.7 | AX93: =Z93 -> 754.89 | AZ93: =AJ93 -> 0 | BA93: =AX93+AZ93 -> 754.89
A94: DANFOSS | B94: José Carlos | C94: Pedido Padrão | D94: - | E94: 4412485931 | F94: - | G94: 327 | H94: 46062 | I94: 46076 | J94: =I94-H94 -> 14 | K94: CIF | L94: BRASIL | M94: SP | N94: GUARATINGUETA | O94: OK | P94: 4720 | Q94: Média | R94: =H94 -> 46062 | S94: FINALIZADO | T94: 46076 | U94: 46076 | V94: =I94 -> 46076 | W94: =V94-R94 -> 14 | X94: =U94-R94 -> 14 | Y94: =W94-X94 -> 0 | AA94: SEMANA 03 / FEV / 2026 | AB94: 46076 | AC94: 4720 | AD94: 7354 | AE94: Entregue / Coletado | AF94: 46076 | AG94: =K94 -> CIF | AH94: 4PIPE HIDROPIG - ENGENHARIA INDUSTRIAL LTDA | AI94: =#REF! -> #REF! | AJ94: 0 | AK94: =AJ94/AC94 -> 0 | AL94: 46076 | AM94: 46076 | AN94: =AM94-AF94 -> 0 | AO94: SIM | AP94: =I94 -> 46076 | AQ94: =AM94 -> 46076 | AR94: =AP94-H94 -> 14 | AS94: =AM94-H94 -> 14 | AT94: =AR94-AS94 -> 0 | AV94: OK | AW94: =AC94 -> 4720 | AX94: =Z94 -> 0 | AZ94: =AJ94 -> 0 | BA94: =AX94+AZ94 -> 0
A95: DANFOSS | B95: José Carlos | C95: Pedido Padrão | D95: - | E95: 4412485931 | F95: - | G95: 327 | H95: 46062 | I95: 46085 | J95: =I95-H95 -> 23 | K95: CIF | L95: BRASIL | M95: SP | N95: GUARATINGUETA | O95: OK | P95: 1139 | Q95: Média | R95: =H95 -> 46062 | S95: FINALIZADO | T95: 46108 | U95: 46085 | V95: =I95 -> 46085 | W95: =V95-R95 -> 23 | X95: =U95-R95 -> 23 | Y95: =W95-X95 -> 0 | AA95: SEMANA 01 / MAR / 2026 | AB95: 46085 | AC95: 1139 | AD95: 7386 | AE95: Entregue / Coletado | AF95: 46085 | AG95: =K95 -> CIF | AH95: 4PIPE HIDROPIG - ENGENHARIA INDUSTRIAL LTDA | AI95: =#REF! -> #REF! | AJ95: 0 | AK95: =AJ95/AC95 -> 0 | AL95: 46085 | AM95: 46085 | AN95: =AM95-AF95 -> 0 | AO95: SIM | AP95: =I95 -> 46085 | AQ95: =AM95 -> 46085 | AR95: =AP95-H95 -> 23 | AS95: =AM95-H95 -> 23 | AT95: =AR95-AS95 -> 0 | AV95: OK | AW95: =AC95 -> 1139 | AX95: =Z95 -> 0 | AZ95: =AJ95 -> 0 | BA95: =AX95+AZ95 -> 0
A96: CORSAN | B96: Isaias | C96: Pedido Padrão | D96: - | E96: 4500720765 | F96: 4PIPE000195 - 1 | G96: 328 | H96: 46063 | I96: 46094 | J96: =I96-H96 -> 31 | K96: CIF | L96: BRASIL | M96: RS | N96: RIO GRANDE | O96: OK | P96: 16676.6 | Q96: Média | R96: =H96 -> 46063 | S96: FINALIZADO | T96: 46080 | U96: 46080 | V96: =I96 -> 46094 | W96: =V96-R96 -> 31 | X96: =U96-R96 -> 17 | Y96: =W96-X96 -> 14 | Z96: 2161.53 | AA96: SEMANA 04 / FEV / 2026 | AB96: 46083 | AC96: 16676.6 | AD96: 7380 | AE96: Entregue / Coletado | AF96: 46085 | AG96: =K96 -> CIF | AH96: MODULAR TRANSPORTES LTDA | AI96: =#REF! -> #REF! | AJ96: 2503.35 | AK96: =AJ96/AC96 -> 0.15011153 | AL96: 46080 | AM96: 46094 | AN96: =AM96-AF96 -> 9 | AO96: SIM | AP96: =I96 -> 46094 | AQ96: =AM96 -> 46094 | AR96: =AP96-H96 -> 31 | AS96: =AM96-H96 -> 31 | AT96: =AR96-AS96 -> 0 | AU96: LT OPERAÇÃO ARRISCADO DEVIDO AO PRAZO MATERIA PRIMA AMINO PARA PRODUÇÃO DAS ESPUMAS | AV96: ATENÇÃO | AW96: =AC96 -> 16676.6 | AX96: =Z96 -> 2161.53 | AZ96: =AJ96 -> 2503.35 | BA96: =AX96+AZ96 -> 4664.88
A97: BASTECK | B97: Isaias | C97: Pedido Padrão | D97: - | E97: 4500850881 | F97: 4PIPE000288 | G97: 329 | H97: 46063 | I97: 46094 | J97: =I97-H97 -> 31 | K97: CIF | L97: BRASIL | M97: PR | N97: GUARAPUAVA | O97: OK | P97: 3916 | Q97: Média | R97: =H97 -> 46063 | S97: FINALIZADO | T97: 46071 | U97: 46066 | V97: =I97 -> 46094 | W97: =V97-R97 -> 31 | X97: =U97-R97 -> 3 | Y97: =W97-X97 -> 28 | Z97: 36.91 | AA97: SEMANA 02 / FEV / 2026 | AB97: 46066 | AC97: 3916 | AD97: 7344 | AE97: Entregue / Coletado | AF97: 46066 | AG97: =K97 -> CIF | AH97: RODONAVES TRANSPORTES ENCOM LTDA | AI97: =#REF! -> #REF! | AJ97: 128.17 | AK97: =AJ97/AC97 -> 0.032729826 | AL97: 46072 | AM97: 46072 | AN97: =AM97-AF97 -> 6 | AO97: SIM | AP97: =I97 -> 46094 | AQ97: =AM97 -> 46072 | AR97: =AP97-H97 -> 31 | AS97: =AM97-H97 -> 9 | AT97: =AR97-AS97 -> 22 | AV97: OK | AW97: =AC97 -> 3916 | AX97: =Z97 -> 36.91 | AZ97: =AJ97 -> 128.17 | BA97: =AX97+AZ97 -> 165.08
A98: SACOR | B98: Elder | C98: Pedido Padrão | D98: - | E98: 5.546 | F98: 4PIPE000279 | G98: 330 | H98: 46063 | I98: 46076 | J98: =I98-H98 -> 13 | K98: FOB | L98: BRASIL | M98: RJ | N98: DUQUE DE CAXIAS | O98: OK | P98: 14945 | Q98: Média | R98: =H98 -> 46063 | S98: FINALIZADO | T98: 46076 | U98: 46076 | V98: =I98 -> 46076 | W98: =V98-R98 -> 13 | X98: =U98-R98 -> 13 | Y98: =W98-X98 -> 0 | Z98: 2772.92 | AA98: SEMANA 03 / FEV / 2026 | AB98: 46077 | AC98: 14945 | AD98: 7359 | AE98: Entregue / Coletado | AF98: 46078 | AG98: =K98 -> FOB | AH98: EMPRESA DE TRANSPORTES MARTINS LTDA | AI98: =#REF! -> #REF! | AJ98: 0 | AK98: =AJ98/AC98 -> 0 | AL98: 46077 | AM98: 46076 | AN98: =AM98-AF98 -> -2 | AO98: SIM | AP98: =I98 -> 46076 | AQ98: =AM98 -> 46076 | AR98: =AP98-H98 -> 13 | AS98: =AM98-H98 -> 13 | AT98: =AR98-AS98 -> 0 | AV98: OK | AW98: =AC98 -> 14945 | AX98: =Z98 -> 2772.92 | AZ98: =AJ98 -> 0 | BA98: =AX98+AZ98 -> 2772.92
A99: ORIGEM | B99: Saulo | C99: Pedido Padrão | D99: - | E99: 4500055735 | F99: 4PIPE000224 | G99: 332 | H99: 46064 | I99: 46093 | J99: =I99-H99 -> 29 | K99: FOB | L99: BRASIL | M99: AL | N99: PILAR | O99: OK | P99: 51621.65 | Q99: Alta | R99: =H99 -> 46064 | S99: FINALIZADO | T99: 46080 | U99: 46084 | V99: =I99 -> 46093 | W99: =V99-R99 -> 29 | X99: =U99-R99 -> 20 | Y99: =W99-X99 -> 9 | Z99: 9050.07 | AA99: SEMANA 04 / FEV / 2026 | AB99: 46080 | AC99: 51621.65 | AD99: 7378 | AE99: Entregue / Coletado | AF99: 46092 | AG99: =K99 -> FOB | AH99: TECNOLOG TRANSPORTE RODO AEREO E LOGISTI | AI99: =#REF! -> #REF! | AJ99: 0 | AK99: =AJ99/AC99 -> 0 | AL99: 46084 | AM99: 46084 | AN99: =AM99-AF99 -> -8 | AO99: SIM | AP99: =I99 -> 46093 | AQ99: =AM99 -> 46084 | AR99: =AP99-H99 -> 29 | AS99: =AM99-H99 -> 20 | AT99: =AR99-AS99 -> 9 | AV99: OK | AW99: =AC99 -> 51621.65 | AX99: =Z99 -> 9050.07 | AZ99: =AJ99 -> 0 | BA99: =AX99+AZ99 -> 9050.07
A100: ENGIE | B100: Elias | C100: Pedido Padrão | D100: - | E100: OC31773ESOM | F100: 4PIPE000266 | G100: 334 | H100: 46065 | I100: 46094 | J100: =I100-H100 -> 29 | K100: CIF | L100: BRASIL | M100: ES | N100: ARARACRUZ | O100: OK | P100: 13211.02 | Q100: Média | R100: =H100 -> 46065 | S100: FINALIZADO | T100: 46085 | U100: 46086 | V100: =I100 -> 46094 | W100: =V100-R100 -> 29 | X100: =U100-R100 -> 21 | Y100: =W100-X100 -> 8 | AA100: SEMANA 01 / MAR / 2026 | AB100: 46090 | AC100: 13211.02 | AD100: 7396 | AE100: Entregue / Coletado | AF100: 46091 | AG100: =K100 -> CIF | AH100: MODULAR TRANSPORTES LTDA | AI100: =#REF! -> #REF! | AJ100: 665.88 | AK100: =AJ100/AC100 -> 0.050403375 | AL100: 46098 | AM100: 46104 | AN100: =AM100-AF100 -> 13 | AO100: NÃO | AP100: =I100 -> 46094 | AQ100: =AM100 -> 46104 | AR100: =AP100-H100 -> 29 | AS100: =AM100-H100 -> 39 | AT100: =AR100-AS100 -> -10 | AU100: LT EXTENSO PRODUÇÃO DO PU | AV100: ATENÇÃO | AW100: =AC100 -> 13211.02 | AX100: =Z100 -> 0 | AZ100: =AJ100 -> 665.88 | BA100: =AX100+AZ100 -> 665.88
...

Sheet DASHBOARD COMERCIAL
B2: DASHBOARD COMERCIAL
B4: Ano de Análise: | C4: 2026 | D4: Mês de Análise: | E4: Todos
B6: INDICADORES GERAIS
B7: Total de Pedidos | C7: {=SUMPRODUCT((($C$4="Todos")+(YEAR('GESTAO OPERACAO'!$H$2:$H$632)=$C$4)>0)*(($E$4="Todos")+(MONTH('GESTAO OPERACAO'!$H$2:$H$632)=IFERROR(MATCH($E$4,{"Janeiro";"Fevereiro";"Março";"Abril";"Maio";"Junho";"Julho";"Agosto";"Setembro";"Outubro";"Novembro";"Dezembro"},0),0))>0)*('GESTAO OPERACAO'!$H$2:$H$632>0))} -> 426 | D7: Valor Total (R$) | E7: {=SUMPRODUCT((($C$4="Todos")+(YEAR('GESTAO OPERACAO'!$H$2:$H$632)=$C$4)>0)*(($E$4="Todos")+(MONTH('GESTAO OPERACAO'!$H$2:$H$632)=IFERROR(MATCH($E$4,{"Janeiro";"Fevereiro";"Março";"Abril";"Maio";"Junho";"Julho";"Agosto";"Setembro";"Outubro";"Novembro";"Dezembro"},0),0))>0)*('GESTAO OPERACAO'!$H$2:$H$632>0)*IFERROR('GESTAO OPERACAO'!$P$2:$P$632*1,0))} -> 15225527 | F7: Ticket Médio (R$) | G7: =IFERROR(E7/C7,0) -> 35740.673
B9: RESUMO MENSAL - PEDIDOS INCLUÍDOS
B10: Mês | C10: Qtd Pedidos | D10: Valor Total | E10: Ticket Médio
B11: Janeiro | C11: {=(($E$4="Todos")+($E$4="Janeiro")>0)*SUMPRODUCT((($C$4="Todos")+(YEAR('GESTAO OPERACAO'!$H$2:$H$632)=$C$4)>0)*(MONTH('GESTAO OPERACAO'!$H$2:$H$632)=1)*('GESTAO OPERACAO'!$H$2:$H$632>0))} -> 47 | D11: {=(($E$4="Todos")+($E$4="Janeiro")>0)*SUMPRODUCT((($C$4="Todos")+(YEAR('GESTAO OPERACAO'!$H$2:$H$632)=$C$4)>0)*(MONTH('GESTAO OPERACAO'!$H$2:$H$632)=1)*('GESTAO OPERACAO'!$H$2:$H$632>0)*IFERROR('GESTAO OPERACAO'!$P$2:$P$632*1,0))} -> 672366.08 | E11: =IFERROR(D11/C11,0) -> 14305.661
B12: Fevereiro | C12: {=(($E$4="Todos")+($E$4="Fevereiro")>0)*SUMPRODUCT((($C$4="Todos")+(YEAR('GESTAO OPERACAO'!$H$2:$H$632)=$C$4)>0)*(MONTH('GESTAO OPERACAO'!$H$2:$H$632)=2)*('GESTAO OPERACAO'!$H$2:$H$632>0))} -> 45 | D12: {=(($E$4="Todos")+($E$4="Fevereiro")>0)*SUMPRODUCT((($C$4="Todos")+(YEAR('GESTAO OPERACAO'!$H$2:$H$632)=$C$4)>0)*(MONTH('GESTAO OPERACAO'!$H$2:$H$632)=2)*('GESTAO OPERACAO'!$H$2:$H$632>0)*IFERROR('GESTAO OPERACAO'!$P$2:$P$632*1,0))} -> 555067.83 | E12: =IFERROR(D12/C12,0) -> 12334.841
B13: Março | C13: {=(($E$4="Todos")+($E$4="Março")>0)*SUMPRODUCT((($C$4="Todos")+(YEAR('GESTAO OPERACAO'!$H$2:$H$632)=$C$4)>0)*(MONTH('GESTAO OPERACAO'!$H$2:$H$632)=3)*('GESTAO OPERACAO'!$H$2:$H$632>0))} -> 61 | D13: {=(($E$4="Todos")+($E$4="Março")>0)*SUMPRODUCT((($C$4="Todos")+(YEAR('GESTAO OPERACAO'!$H$2:$H$632)=$C$4)>0)*(MONTH('GESTAO OPERACAO'!$H$2:$H$632)=3)*('GESTAO OPERACAO'!$H$2:$H$632>0)*IFERROR('GESTAO OPERACAO'!$P$2:$P$632*1,0))} -> 2824354.8 | E13: =IFERROR(D13/C13,0) -> 46300.898
B14: Abril | C14: {=(($E$4="Todos")+($E$4="Abril")>0)*SUMPRODUCT((($C$4="Todos")+(YEAR('GESTAO OPERACAO'!$H$2:$H$632)=$C$4)>0)*(MONTH('GESTAO OPERACAO'!$H$2:$H$632)=4)*('GESTAO OPERACAO'!$H$2:$H$632>0))} -> 56 | D14: {=(($E$4="Todos")+($E$4="Abril")>0)*SUMPRODUCT((($C$4="Todos")+(YEAR('GESTAO OPERACAO'!$H$2:$H$632)=$C$4)>0)*(MONTH('GESTAO OPERACAO'!$H$2:$H$632)=4)*('GESTAO OPERACAO'!$H$2:$H$632>0)*IFERROR('GESTAO OPERACAO'!$P$2:$P$632*1,0))} -> 1595738.1 | E14: =IFERROR(D14/C14,0) -> 28495.324
B15: Maio | C15: {=(($E$4="Todos")+($E$4="Maio")>0)*SUMPRODUCT((($C$4="Todos")+(YEAR('GESTAO OPERACAO'!$H$2:$H$632)=$C$4)>0)*(MONTH('GESTAO OPERACAO'!$H$2:$H$632)=5)*('GESTAO OPERACAO'!$H$2:$H$632>0))} -> 59 | D15: {=(($E$4="Todos")+($E$4="Maio")>0)*SUMPRODUCT((($C$4="Todos")+(YEAR('GESTAO OPERACAO'!$H$2:$H$632)=$C$4)>0)*(MONTH('GESTAO OPERACAO'!$H$2:$H$632)=5)*('GESTAO OPERACAO'!$H$2:$H$632>0)*IFERROR('GESTAO OPERACAO'!$P$2:$P$632*1,0))} -> 2521919.9 | E15: =IFERROR(D15/C15,0) -> 42744.404
B16: Junho | C16: {=(($E$4="Todos")+($E$4="Junho")>0)*SUMPRODUCT((($C$4="Todos")+(YEAR('GESTAO OPERACAO'!$H$2:$H$632)=$C$4)>0)*(MONTH('GESTAO OPERACAO'!$H$2:$H$632)=6)*('GESTAO OPERACAO'!$H$2:$H$632>0))} -> 54 | D16: {=(($E$4="Todos")+($E$4="Junho")>0)*SUMPRODUCT((($C$4="Todos")+(YEAR('GESTAO OPERACAO'!$H$2:$H$632)=$C$4)>0)*(MONTH('GESTAO OPERACAO'!$H$2:$H$632)=6)*('GESTAO OPERACAO'!$H$2:$H$632>0)*IFERROR('GESTAO OPERACAO'!$P$2:$P$632*1,0))} -> 919297.98 | E16: =IFERROR(D16/C16,0) -> 17024.037
B17: Julho | C17: {=(($E$4="Todos")+($E$4="Julho")>0)*SUMPRODUCT((($C$4="Todos")+(YEAR('GESTAO OPERACAO'!$H$2:$H$632)=$C$4)>0)*(MONTH('GESTAO OPERACAO'!$H$2:$H$632)=7)*('GESTAO OPERACAO'!$H$2:$H$632>0))} -> 46 | D17: {=(($E$4="Todos")+($E$4="Julho")>0)*SUMPRODUCT((($C$4="Todos")+(YEAR('GESTAO OPERACAO'!$H$2:$H$632)=$C$4)>0)*(MONTH('GESTAO OPERACAO'!$H$2:$H$632)=7)*('GESTAO OPERACAO'!$H$2:$H$632>0)*IFERROR('GESTAO OPERACAO'!$P$2:$P$632*1,0))} -> 540937.7 | E17: =IFERROR(D17/C17,0) -> 11759.515
B18: Agosto | C18: {=(($E$4="Todos")+($E$4="Agosto")>0)*SUMPRODUCT((($C$4="Todos")+(YEAR('GESTAO OPERACAO'!$H$2:$H$632)=$C$4)>0)*(MONTH('GESTAO OPERACAO'!$H$2:$H$632)=8)*('GESTAO OPERACAO'!$H$2:$H$632>0))} -> 50 | D18: {=(($E$4="Todos")+($E$4="Agosto")>0)*SUMPRODUCT((($C$4="Todos")+(YEAR('GESTAO OPERACAO'!$H$2:$H$632)=$C$4)>0)*(MONTH('GESTAO OPERACAO'!$H$2:$H$632)=8)*('GESTAO OPERACAO'!$H$2:$H$632>0)*IFERROR('GESTAO OPERACAO'!$P$2:$P$632*1,0))} -> 5498383.4 | E18: =IFERROR(D18/C18,0) -> 109967.67
B19: Setembro | C19: {=(($E$4="Todos")+($E$4="Setembro")>0)*SUMPRODUCT((($C$4="Todos")+(YEAR('GESTAO OPERACAO'!$H$2:$H$632)=$C$4)>0)*(MONTH('GESTAO OPERACAO'!$H$2:$H$632)=9)*('GESTAO OPERACAO'!$H$2:$H$632>0))} -> 8 | D19: {=(($E$4="Todos")+($E$4="Setembro")>0)*SUMPRODUCT((($C$4="Todos")+(YEAR('GESTAO OPERACAO'!$H$2:$H$632)=$C$4)>0)*(MONTH('GESTAO OPERACAO'!$H$2:$H$632)=9)*('GESTAO OPERACAO'!$H$2:$H$632>0)*IFERROR('GESTAO OPERACAO'!$P$2:$P$632*1,0))} -> 97461.04 | E19: =IFERROR(D19/C19,0) -> 12182.63
B20: Outubro | C20: {=(($E$4="Todos")+($E$4="Outubro")>0)*SUMPRODUCT((($C$4="Todos")+(YEAR('GESTAO OPERACAO'!$H$2:$H$632)=$C$4)>0)*(MONTH('GESTAO OPERACAO'!$H$2:$H$632)=10)*('GESTAO OPERACAO'!$H$2:$H$632>0))} -> 0 | D20: {=(($E$4="Todos")+($E$4="Outubro")>0)*SUMPRODUCT((($C$4="Todos")+(YEAR('GESTAO OPERACAO'!$H$2:$H$632)=$C$4)>0)*(MONTH('GESTAO OPERACAO'!$H$2:$H$632)=10)*('GESTAO OPERACAO'!$H$2:$H$632>0)*IFERROR('GESTAO OPERACAO'!$P$2:$P$632*1,0))} -> 0 | E20: =IFERROR(D20/C20,0) -> 0
B21: Novembro | C21: {=(($E$4="Todos")+($E$4="Novembro")>0)*SUMPRODUCT((($C$4="Todos")+(YEAR('GESTAO OPERACAO'!$H$2:$H$632)=$C$4)>0)*(MONTH('GESTAO OPERACAO'!$H$2:$H$632)=11)*('GESTAO OPERACAO'!$H$2:$H$632>0))} -> 0 | D21: {=(($E$4="Todos")+($E$4="Novembro")>0)*SUMPRODUCT((($C$4="Todos")+(YEAR('GESTAO OPERACAO'!$H$2:$H$632)=$C$4)>0)*(MONTH('GESTAO OPERACAO'!$H$2:$H$632)=11)*('GESTAO OPERACAO'!$H$2:$H$632>0)*IFERROR('GESTAO OPERACAO'!$P$2:$P$632*1,0))} -> 0 | E21: =IFERROR(D21/C21,0) -> 0
B22: Dezembro | C22: {=(($E$4="Todos")+($E$4="Dezembro")>0)*SUMPRODUCT((($C$4="Todos")+(YEAR('GESTAO OPERACAO'!$H$2:$H$632)=$C$4)>0)*(MONTH('GESTAO OPERACAO'!$H$2:$H$632)=12)*('GESTAO OPERACAO'!$H$2:$H$632>0))} -> 0 | D22: {=(($E$4="Todos")+($E$4="Dezembro")>0)*SUMPRODUCT((($C$4="Todos")+(YEAR('GESTAO OPERACAO'!$H$2:$H$632)=$C$4)>0)*(MONTH('GESTAO OPERACAO'!$H$2:$H$632)=12)*('GESTAO OPERACAO'!$H$2:$H$632>0)*IFERROR('GESTAO OPERACAO'!$P$2:$P$632*1,0))} -> 0 | E22: =IFERROR(D22/C22,0) -> 0
B23: TOTAL GERAL | C23: =SUM(C11:C22) -> 426 | D23: =SUM(D11:D22) -> 15225527 | E23: =IFERROR(D23/C23,0) -> 35740.673
B25: PEDIDOS INCLUÍDOS POR MÊS E SEMANA
B26: Mês | C26: Semana | D26: Período | E26: Qtd Pedidos | F26: Valor Total
B27: Janeiro | C27: Semana 1 | D27: =IF($C$4="Todos","Semana 1",TEXT(DATE($C$4,1,1),"dd/mm")&" - "&TEXT((DATE($C$4,1,1)+MOD(7-WEEKDAY(DATE($C$4,1,1),2),7)),"dd/mm")) -> 01/01 - 04/01 | E27: {=(($E$4="Todos")+($E$4="Janeiro")>0)*SUMPRODUCT(IFERROR((($C$4="Todos")+(YEAR('GESTAO OPERACAO'!$H$2:$H$632)=$C$4)>0)*('GESTAO OPERACAO'!$H$2:$H$632>0)*(MONTH('GESTAO OPERACAO'!$H$2:$H$632)=1)*((INT((DAY('GESTAO OPERACAO'!$H$2:$H$632)+WEEKDAY(DATE(YEAR('GESTAO OPERACAO'!$H$2:$H$632),1,1),2)-2)/7)+1)=1),0))} -> 0 | F27: {=(($E$4="Todos")+($E$4="Janeiro")>0)*SUMPRODUCT(IFERROR((($C$4="Todos")+(YEAR('GESTAO OPERACAO'!$H$2:$H$632)=$C$4)>0)*('GESTAO OPERACAO'!$H$2:$H$632>0)*(MONTH('GESTAO OPERACAO'!$H$2:$H$632)=1)*((INT((DAY('GESTAO OPERACAO'!$H$2:$H$632)+WEEKDAY(DATE(YEAR('GESTAO OPERACAO'!$H$2:$H$632),1,1),2)-2)/7)+1)=1)*('GESTAO OPERACAO'!$P$2:$P$632*1),0))} -> 0
B28: Janeiro | C28: Semana 2 | D28: =IF($C$4="Todos","Semana 2",IF(((DATE($C$4,1,1)+MOD(7-WEEKDAY(DATE($C$4,1,1),2),7)+1)+0)>EOMONTH(DATE($C$4,1,1),0),"-",TEXT(((DATE($C$4,1,1)+MOD(7-WEEKDAY(DATE($C$4,1,1),2),7)+1)+0),"dd/mm")&" - "&TEXT(MIN(((DATE($C$4,1,1)+MOD(7-WEEKDAY(DATE($C$4,1,1),2),7)+1)+0)+6,EOMONTH(DATE($C$4,1,1),0)),"dd/mm"))) -> 05/01 - 11/01 | E28: {=(($E$4="Todos")+($E$4="Janeiro")>0)*SUMPRODUCT(IFERROR((($C$4="Todos")+(YEAR('GESTAO OPERACAO'!$H$2:$H$632)=$C$4)>0)*('GESTAO OPERACAO'!$H$2:$H$632>0)*(MONTH('GESTAO OPERACAO'!$H$2:$H$632)=1)*((INT((DAY('GESTAO OPERACAO'!$H$2:$H$632)+WEEKDAY(DATE(YEAR('GESTAO OPERACAO'!$H$2:$H$632),1,1),2)-2)/7)+1)=2),0))} -> 18 | F28: {=(($E$4="Todos")+($E$4="Janeiro")>0)*SUMPRODUCT(IFERROR((($C$4="Todos")+(YEAR('GESTAO OPERACAO'!$H$2:$H$632)=$C$4)>0)*('GESTAO OPERACAO'!$H$2:$H$632>0)*(MONTH('GESTAO OPERACAO'!$H$2:$H$632)=1)*((INT((DAY('GESTAO OPERACAO'!$H$2:$H$632)+WEEKDAY(DATE(YEAR('GESTAO OPERACAO'!$H$2:$H$632),1,1),2)-2)/7)+1)=2)*('GESTAO OPERACAO'!$P$2:$P$632*1),0))} -> 152296.17
B29: Janeiro | C29: Semana 3 | D29: =IF($C$4="Todos","Semana 3",IF(((DATE($C$4,1,1)+MOD(7-WEEKDAY(DATE($C$4,1,1),2),7)+1)+7)>EOMONTH(DATE($C$4,1,1),0),"-",TEXT(((DATE($C$4,1,1)+MOD(7-WEEKDAY(DATE($C$4,1,1),2),7)+1)+7),"dd/mm")&" - "&TEXT(MIN(((DATE($C$4,1,1)+MOD(7-WEEKDAY(DATE($C$4,1,1),2),7)+1)+7)+6,EOMONTH(DATE($C$4,1,1),0)),"dd/mm"))) -> 12/01 - 18/01 | E29: {=(($E$4="Todos")+($E$4="Janeiro")>0)*SUMPRODUCT(IFERROR((($C$4="Todos")+(YEAR('GESTAO OPERACAO'!$H$2:$H$632)=$C$4)>0)*('GESTAO OPERACAO'!$H$2:$H$632>0)*(MONTH('GESTAO OPERACAO'!$H$2:$H$632)=1)*((INT((DAY('GESTAO OPERACAO'!$H$2:$H$632)+WEEKDAY(DATE(YEAR('GESTAO OPERACAO'!$H$2:$H$632),1,1),2)-2)/7)+1)=3),0))} -> 8 | F29: {=(($E$4="Todos")+($E$4="Janeiro")>0)*SUMPRODUCT(IFERROR((($C$4="Todos")+(YEAR('GESTAO OPERACAO'!$H$2:$H$632)=$C$4)>0)*('GESTAO OPERACAO'!$H$2:$H$632>0)*(MONTH('GESTAO OPERACAO'!$H$2:$H$632)=1)*((INT((DAY('GESTAO OPERACAO'!$H$2:$H$632)+WEEKDAY(DATE(YEAR('GESTAO OPERACAO'!$H$2:$H$632),1,1),2)-2)/7)+1)=3)*('GESTAO OPERACAO'!$P$2:$P$632*1),0))} -> 221233.03
B30: Janeiro | C30: Semana 4 | D30: =IF($C$4="Todos","Semana 4",IF(((DATE($C$4,1,1)+MOD(7-WEEKDAY(DATE($C$4,1,1),2),7)+1)+14)>EOMONTH(DATE($C$4,1,1),0),"-",TEXT(((DATE($C$4,1,1)+MOD(7-WEEKDAY(DATE($C$4,1,1),2),7)+1)+14),"dd/mm")&" - "&TEXT(MIN(((DATE($C$4,1,1)+MOD(7-WEEKDAY(DATE($C$4,1,1),2),7)+1)+14)+6,EOMONTH(DATE($C$4,1,1),0)),"dd/mm"))) -> 19/01 - 25/01 | E30: {=(($E$4="Todos")+($E$4="Janeiro")>0)*SUMPRODUCT(IFERROR((($C$4="Todos")+(YEAR('GESTAO OPERACAO'!$H$2:$H$632)=$C$4)>0)*('GESTAO OPERACAO'!$H$2:$H$632>0)*(MONTH('GESTAO OPERACAO'!$H$2:$H$632)=1)*((INT((DAY('GESTAO OPERACAO'!$H$2:$H$632)+WEEKDAY(DATE(YEAR('GESTAO OPERACAO'!$H$2:$H$632),1,1),2)-2)/7)+1)=4),0))} -> 10 | F30: {=(($E$4="Todos")+($E$4="Janeiro")>0)*SUMPRODUCT(IFERROR((($C$4="Todos")+(YEAR('GESTAO OPERACAO'!$H$2:$H$632)=$C$4)>0)*('GESTAO OPERACAO'!$H$2:$H$632>0)*(MONTH('GESTAO OPERACAO'!$H$2:$H$632)=1)*((INT((DAY('GESTAO OPERACAO'!$H$2:$H$632)+WEEKDAY(DATE(YEAR('GESTAO OPERACAO'!$H$2:$H$632),1,1),2)-2)/7)+1)=4)*('GESTAO OPERACAO'!$P$2:$P$632*1),0))} -> 100567.6
B31: Janeiro | C31: Semana 5 | D31: =IF($C$4="Todos","Semana 5+",IF(((DATE($C$4,1,1)+MOD(7-WEEKDAY(DATE($C$4,1,1),2),7)+1)+21)>EOMONTH(DATE($C$4,1,1),0),"-",TEXT(((DATE($C$4,1,1)+MOD(7-WEEKDAY(DATE($C$4,1,1),2),7)+1)+21),"dd/mm")&" - "&TEXT(EOMONTH(DATE($C$4,1,1),0),"dd/mm"))) -> 26/01 - 31/01 | E31: {=(($E$4="Todos")+($E$4="Janeiro")>0)*SUMPRODUCT(IFERROR((($C$4="Todos")+(YEAR('GESTAO OPERACAO'!$H$2:$H$632)=$C$4)>0)*('GESTAO OPERACAO'!$H$2:$H$632>0)*(MONTH('GESTAO OPERACAO'!$H$2:$H$632)=1)*((INT((DAY('GESTAO OPERACAO'!$H$2:$H$632)+WEEKDAY(DATE(YEAR('GESTAO OPERACAO'!$H$2:$H$632),1,1),2)-2)/7)+1)>=5),0))} -> 11 | F31: {=(($E$4="Todos")+($E$4="Janeiro")>0)*SUMPRODUCT(IFERROR((($C$4="Todos")+(YEAR('GESTAO OPERACAO'!$H$2:$H$632)=$C$4)>0)*('GESTAO OPERACAO'!$H$2:$H$632>0)*(MONTH('GESTAO OPERACAO'!$H$2:$H$632)=1)*((INT((DAY('GESTAO OPERACAO'!$H$2:$H$632)+WEEKDAY(DATE(YEAR('GESTAO OPERACAO'!$H$2:$H$632),1,1),2)-2)/7)+1)>=5)*('GESTAO OPERACAO'!$P$2:$P$632*1),0))} -> 198269.28
B32: Total Janeiro | E32: =SUM(E27:E31) -> 47 | F32: =SUM(F27:F31) -> 672366.08
B33: Fevereiro | C33: Semana 1 | D33: =IF($C$4="Todos","Semana 1",TEXT(DATE($C$4,2,1),"dd/mm")&" - "&TEXT((DATE($C$4,2,1)+MOD(7-WEEKDAY(DATE($C$4,2,1),2),7)),"dd/mm")) -> 01/02 - 01/02 | E33: {=(($E$4="Todos")+($E$4="Fevereiro")>0)*SUMPRODUCT(IFERROR((($C$4="Todos")+(YEAR('GESTAO OPERACAO'!$H$2:$H$632)=$C$4)>0)*('GESTAO OPERACAO'!$H$2:$H$632>0)*(MONTH('GESTAO OPERACAO'!$H$2:$H$632)=2)*((INT((DAY('GESTAO OPERACAO'!$H$2:$H$632)+WEEKDAY(DATE(YEAR('GESTAO OPERACAO'!$H$2:$H$632),2,1),2)-2)/7)+1)=1),0))} -> 0 | F33: {=(($E$4="Todos")+($E$4="Fevereiro")>0)*SUMPRODUCT(IFERROR((($C$4="Todos")+(YEAR('GESTAO OPERACAO'!$H$2:$H$632)=$C$4)>0)*('GESTAO OPERACAO'!$H$2:$H$632>0)*(MONTH('GESTAO OPERACAO'!$H$2:$H$632)=2)*((INT((DAY('GESTAO OPERACAO'!$H$2:$H$632)+WEEKDAY(DATE(YEAR('GESTAO OPERACAO'!$H$2:$H$632),2,1),2)-2)/7)+1)=1)*('GESTAO OPERACAO'!$P$2:$P$632*1),0))} -> 0
B34: Fevereiro | C34: Semana 2 | D34: =IF($C$4="Todos","Semana 2",IF(((DATE($C$4,2,1)+MOD(7-WEEKDAY(DATE($C$4,2,1),2),7)+1)+0)>EOMONTH(DATE($C$4,2,1),0),"-",TEXT(((DATE($C$4,2,1)+MOD(7-WEEKDAY(DATE($C$4,2,1),2),7)+1)+0),"dd/mm")&" - "&TEXT(MIN(((DATE($C$4,2,1)+MOD(7-WEEKDAY(DATE($C$4,2,1),2),7)+1)+0)+6,EOMONTH(DATE($C$4,2,1),0)),"dd/mm"))) -> 02/02 - 08/02 | E34: {=(($E$4="Todos")+($E$4="Fevereiro")>0)*SUMPRODUCT(IFERROR((($C$4="Todos")+(YEAR('GESTAO OPERACAO'!$H$2:$H$632)=$C$4)>0)*('GESTAO OPERACAO'!$H$2:$H$632>0)*(MONTH('GESTAO OPERACAO'!$H$2:$H$632)=2)*((INT((DAY('GESTAO OPERACAO'!$H$2:$H$632)+WEEKDAY(DATE(YEAR('GESTAO OPERACAO'!$H$2:$H$632),2,1),2)-2)/7)+1)=2),0))} -> 17 | F34: {=(($E$4="Todos")+($E$4="Fevereiro")>0)*SUMPRODUCT(IFERROR((($C$4="Todos")+(YEAR('GESTAO OPERACAO'!$H$2:$H$632)=$C$4)>0)*('GESTAO OPERACAO'!$H$2:$H$632>0)*(MONTH('GESTAO OPERACAO'!$H$2:$H$632)=2)*((INT((DAY('GESTAO OPERACAO'!$H$2:$H$632)+WEEKDAY(DATE(YEAR('GESTAO OPERACAO'!$H$2:$H$632),2,1),2)-2)/7)+1)=2)*('GESTAO OPERACAO'!$P$2:$P$632*1),0))} -> 125361.71
B35: Fevereiro | C35: Semana 3 | D35: =IF($C$4="Todos","Semana 3",IF(((DATE($C$4,2,1)+MOD(7-WEEKDAY(DATE($C$4,2,1),2),7)+1)+7)>EOMONTH(DATE($C$4,2,1),0),"-",TEXT(((DATE($C$4,2,1)+MOD(7-WEEKDAY(DATE($C$4,2,1),2),7)+1)+7),"dd/mm")&" - "&TEXT(MIN(((DATE($C$4,2,1)+MOD(7-WEEKDAY(DATE($C$4,2,1),2),7)+1)+7)+6,EOMONTH(DATE($C$4,2,1),0)),"dd/mm"))) -> 09/02 - 15/02 | E35: {=(($E$4="Todos")+($E$4="Fevereiro")>0)*SUMPRODUCT(IFERROR((($C$4="Todos")+(YEAR('GESTAO OPERACAO'!$H$2:$H$632)=$C$4)>0)*('GESTAO OPERACAO'!$H$2:$H$632>0)*(MONTH('GESTAO OPERACAO'!$H$2:$H$632)=2)*((INT((DAY('GESTAO OPERACAO'!$H$2:$H$632)+WEEKDAY(DATE(YEAR('GESTAO OPERACAO'!$H$2:$H$632),2,1),2)-2)/7)+1)=3),0))} -> 12 | F35: {=(($E$4="Todos")+($E$4="Fevereiro")>0)*SUMPRODUCT(IFERROR((($C$4="Todos")+(YEAR('GESTAO OPERACAO'!$H$2:$H$632)=$C$4)>0)*('GESTAO OPERACAO'!$H$2:$H$632>0)*(MONTH('GESTAO OPERACAO'!$H$2:$H$632)=2)*((INT((DAY('GESTAO OPERACAO'!$H$2:$H$632)+WEEKDAY(DATE(YEAR('GESTAO OPERACAO'!$H$2:$H$632),2,1),2)-2)/7)+1)=3)*('GESTAO OPERACAO'!$P$2:$P$632*1),0))} -> 235703.97
B36: Fevereiro | C36: Semana 4 | D36: =IF($C$4="Todos","Semana 4",IF(((DATE($C$4,2,1)+MOD(7-WEEKDAY(DATE($C$4,2,1),2),7)+1)+14)>EOMONTH(DATE($C$4,2,1),0),"-",TEXT(((DATE($C$4,2,1)+MOD(7-WEEKDAY(DATE($C$4,2,1),2),7)+1)+14),"dd/mm")&" - "&TEXT(MIN(((DATE($C$4,2,1)+MOD(7-WEEKDAY(DATE($C$4,2,1),2),7)+1)+14)+6,EOMONTH(DATE($C$4,2,1),0)),"dd/mm"))) -> 16/02 - 22/02 | E36: {=(($E$4="Todos")+($E$4="Fevereiro")>0)*SUMPRODUCT(IFERROR((($C$4="Todos")+(YEAR('GESTAO OPERACAO'!$H$2:$H$632)=$C$4)>0)*('GESTAO OPERACAO'!$H$2:$H$632>0)*(MONTH('GESTAO OPERACAO'!$H$2:$H$632)=2)*((INT((DAY('GESTAO OPERACAO'!$H$2:$H$632)+WEEKDAY(DATE(YEAR('GESTAO OPERACAO'!$H$2:$H$632),2,1),2)-2)/7)+1)=4),0))} -> 5 | F36: {=(($E$4="Todos")+($E$4="Fevereiro")>0)*SUMPRODUCT(IFERROR((($C$4="Todos")+(YEAR('GESTAO OPERACAO'!$H$2:$H$632)=$C$4)>0)*('GESTAO OPERACAO'!$H$2:$H$632>0)*(MONTH('GESTAO OPERACAO'!$H$2:$H$632)=2)*((INT((DAY('GESTAO OPERACAO'!$H$2:$H$632)+WEEKDAY(DATE(YEAR('GESTAO OPERACAO'!$H$2:$H$632),2,1),2)-2)/7)+1)=4)*('GESTAO OPERACAO'!$P$2:$P$632*1),0))} -> 24041.36
B37: Fevereiro | C37: Semana 5 | D37: =IF($C$4="Todos","Semana 5+",IF(((DATE($C$4,2,1)+MOD(7-WEEKDAY(DATE($C$4,2,1),2),7)+1)+21)>EOMONTH(DATE($C$4,2,1),0),"-",TEXT(((DATE($C$4,2,1)+MOD(7-WEEKDAY(DATE($C$4,2,1),2),7)+1)+21),"dd/mm")&" - "&TEXT(EOMONTH(DATE($C$4,2,1),0),"dd/mm"))) -> 23/02 - 28/02 | E37: {=(($E$4="Todos")+($E$4="Fevereiro")>0)*SUMPRODUCT(IFERROR((($C$4="Todos")+(YEAR('GESTAO OPERACAO'!$H$2:$H$632)=$C$4)>0)*('GESTAO OPERACAO'!$H$2:$H$632>0)*(MONTH('GESTAO OPERACAO'!$H$2:$H$632)=2)*((INT((DAY('GESTAO OPERACAO'!$H$2:$H$632)+WEEKDAY(DATE(YEAR('GESTAO OPERACAO'!$H$2:$H$632),2,1),2)-2)/7)+1)>=5),0))} -> 11 | F37: {=(($E$4="Todos")+($E$4="Fevereiro")>0)*SUMPRODUCT(IFERROR((($C$4="Todos")+(YEAR('GESTAO OPERACAO'!$H$2:$H$632)=$C$4)>0)*('GESTAO OPERACAO'!$H$2:$H$632>0)*(MONTH('GESTAO OPERACAO'!$H$2:$H$632)=2)*((INT((DAY('GESTAO OPERACAO'!$H$2:$H$632)+WEEKDAY(DATE(YEAR('GESTAO OPERACAO'!$H$2:$H$632),2,1),2)-2)/7)+1)>=5)*('GESTAO OPERACAO'!$P$2:$P$632*1),0))} -> 169960.79
B38: Total Fevereiro | E38: =SUM(E33:E37) -> 45 | F38: =SUM(F33:F37) -> 555067.83
B39: Março | C39: Semana 1 | D39: =IF($C$4="Todos","Semana 1",TEXT(DATE($C$4,3,1),"dd/mm")&" - "&TEXT((DATE($C$4,3,1)+MOD(7-WEEKDAY(DATE($C$4,3,1),2),7)),"dd/mm")) -> 01/03 - 01/03 | E39: {=(($E$4="Todos")+($E$4="Março")>0)*SUMPRODUCT(IFERROR((($C$4="Todos")+(YEAR('GESTAO OPERACAO'!$H$2:$H$632)=$C$4)>0)*('GESTAO OPERACAO'!$H$2:$H$632>0)*(MONTH('GESTAO OPERACAO'!$H$2:$H$632)=3)*((INT((DAY('GESTAO OPERACAO'!$H$2:$H$632)+WEEKDAY(DATE(YEAR('GESTAO OPERACAO'!$H$2:$H$632),3,1),2)-2)/7)+1)=1),0))} -> 0 | F39: {=(($E$4="Todos")+($E$4="Março")>0)*SUMPRODUCT(IFERROR((($C$4="Todos")+(YEAR('GESTAO OPERACAO'!$H$2:$H$632)=$C$4)>0)*('GESTAO OPERACAO'!$H$2:$H$632>0)*(MONTH('GESTAO OPERACAO'!$H$2:$H$632)=3)*((INT((DAY('GESTAO OPERACAO'!$H$2:$H$632)+WEEKDAY(DATE(YEAR('GESTAO OPERACAO'!$H$2:$H$632),3,1),2)-2)/7)+1)=1)*('GESTAO OPERACAO'!$P$2:$P$632*1),0))} -> 0
B40: Março | C40: Semana 2 | D40: =IF($C$4="Todos","Semana 2",IF(((DATE($C$4,3,1)+MOD(7-WEEKDAY(DATE($C$4,3,1),2),7)+1)+0)>EOMONTH(DATE($C$4,3,1),0),"-",TEXT(((DATE($C$4,3,1)+MOD(7-WEEKDAY(DATE($C$4,3,1),2),7)+1)+0),"dd/mm")&" - "&TEXT(MIN(((DATE($C$4,3,1)+MOD(7-WEEKDAY(DATE($C$4,3,1),2),7)+1)+0)+6,EOMONTH(DATE($C$4,3,1),0)),"dd/mm"))) -> 02/03 - 08/03 | E40: {=(($E$4="Todos")+($E$4="Março")>0)*SUMPRODUCT(IFERROR((($C$4="Todos")+(YEAR('GESTAO OPERACAO'!$H$2:$H$632)=$C$4)>0)*('GESTAO OPERACAO'!$H$2:$H$632>0)*(MONTH('GESTAO OPERACAO'!$H$2:$H$632)=3)*((INT((DAY('GESTAO OPERACAO'!$H$2:$H$632)+WEEKDAY(DATE(YEAR('GESTAO OPERACAO'!$H$2:$H$632),3,1),2)-2)/7)+1)=2),0))} -> 11 | F40: {=(($E$4="Todos")+($E$4="Março")>0)*SUMPRODUCT(IFERROR((($C$4="Todos")+(YEAR('GESTAO OPERACAO'!$H$2:$H$632)=$C$4)>0)*('GESTAO OPERACAO'!$H$2:$H$632>0)*(MONTH('GESTAO OPERACAO'!$H$2:$H$632)=3)*((INT((DAY('GESTAO OPERACAO'!$H$2:$H$632)+WEEKDAY(DATE(YEAR('GESTAO OPERACAO'!$H$2:$H$632),3,1),2)-2)/7)+1)=2)*('GESTAO OPERACAO'!$P$2:$P$632*1),0))} -> 644929.92
B41: Março | C41: Semana 3 | D41: =IF($C$4="Todos","Semana 3",IF(((DATE($C$4,3,1)+MOD(7-WEEKDAY(DATE($C$4,3,1),2),7)+1)+7)>EOMONTH(DATE($C$4,3,1),0),"-",TEXT(((DATE($C$4,3,1)+MOD(7-WEEKDAY(DATE($C$4,3,1),2),7)+1)+7),"dd/mm")&" - "&TEXT(MIN(((DATE($C$4,3,1)+MOD(7-WEEKDAY(DATE($C$4,3,1),2),7)+1)+7)+6,EOMONTH(DATE($C$4,3,1),0)),"dd/mm"))) -> 09/03 - 15/03 | E41: {=(($E$4="Todos")+($E$4="Março")>0)*SUMPRODUCT(IFERROR((($C$4="Todos")+(YEAR('GESTAO OPERACAO'!$H$2:$H$632)=$C$4)>0)*('GESTAO OPERACAO'!$H$2:$H$632>0)*(MONTH('GESTAO OPERACAO'!$H$2:$H$632)=3)*((INT((DAY('GESTAO OPERACAO'!$H$2:$H$632)+WEEKDAY(DATE(YEAR('GESTAO OPERACAO'!$H$2:$H$632),3,1),2)-2)/7)+1)=3),0))} -> 18 | F41: {=(($E$4="Todos")+($E$4="Março")>0)*SUMPRODUCT(IFERROR((($C$4="Todos")+(YEAR('GESTAO OPERACAO'!$H$2:$H$632)=$C$4)>0)*('GESTAO OPERACAO'!$H$2:$H$632>0)*(MONTH('GESTAO OPERACAO'!$H$2:$H$632)=3)*((INT((DAY('GESTAO OPERACAO'!$H$2:$H$632)+WEEKDAY(DATE(YEAR('GESTAO OPERACAO'!$H$2:$H$632),3,1),2)-2)/7)+1)=3)*('GESTAO OPERACAO'!$P$2:$P$632*1),0))} -> 1874789.1
B42: Março | C42: Semana 4 | D42: =IF($C$4="Todos","Semana 4",IF(((DATE($C$4,3,1)+MOD(7-WEEKDAY(DATE($C$4,3,1),2),7)+1)+14)>EOMONTH(DATE($C$4,3,1),0),"-",TEXT(((DATE($C$4,3,1)+MOD(7-WEEKDAY(DATE($C$4,3,1),2),7)+1)+14),"dd/mm")&" - "&TEXT(MIN(((DATE($C$4,3,1)+MOD(7-WEEKDAY(DATE($C$4,3,1),2),7)+1)+14)+6,EOMONTH(DATE($C$4,3,1),0)),"dd/mm"))) -> 16/03 - 22/03 | E42: {=(($E$4="Todos")+($E$4="Março")>0)*SUMPRODUCT(IFERROR((($C$4="Todos")+(YEAR('GESTAO OPERACAO'!$H$2:$H$632)=$C$4)>0)*('GESTAO OPERACAO'!$H$2:$H$632>0)*(MONTH('GESTAO OPERACAO'!$H$2:$H$632)=3)*((INT((DAY('GESTAO OPERACAO'!$H$2:$H$632)+WEEKDAY(DATE(YEAR('GESTAO OPERACAO'!$H$2:$H$632),3,1),2)-2)/7)+1)=4),0))} -> 11 | F42: {=(($E$4="Todos")+($E$4="Março")>0)*SUMPRODUCT(IFERROR((($C$4="Todos")+(YEAR('GESTAO OPERACAO'!$H$2:$H$632)=$C$4)>0)*('GESTAO OPERACAO'!$H$2:$H$632>0)*(MONTH('GESTAO OPERACAO'!$H$2:$H$632)=3)*((INT((DAY('GESTAO OPERACAO'!$H$2:$H$632)+WEEKDAY(DATE(YEAR('GESTAO OPERACAO'!$H$2:$H$632),3,1),2)-2)/7)+1)=4)*('GESTAO OPERACAO'!$P$2:$P$632*1),0))} -> 149303.85
B43: Março | C43: Semana 5 | D43: =IF($C$4="Todos","Semana 5+",IF(((DATE($C$4,3,1)+MOD(7-WEEKDAY(DATE($C$4,3,1),2),7)+1)+21)>EOMONTH(DATE($C$4,3,1),0),"-",TEXT(((DATE($C$4,3,1)+MOD(7-WEEKDAY(DATE($C$4,3,1),2),7)+1)+21),"dd/mm")&" - "&TEXT(EOMONTH(DATE($C$4,3,1),0),"dd/mm"))) -> 23/03 - 31/03 | E43: {=(($E$4="Todos")+($E$4="Março")>0)*SUMPRODUCT(IFERROR((($C$4="Todos")+(YEAR('GESTAO OPERACAO'!$H$2:$H$632)=$C$4)>0)*('GESTAO OPERACAO'!$H$2:$H$632>0)*(MONTH('GESTAO OPERACAO'!$H$2:$H$632)=3)*((INT((DAY('GESTAO OPERACAO'!$H$2:$H$632)+WEEKDAY(DATE(YEAR('GESTAO OPERACAO'!$H$2:$H$632),3,1),2)-2)/7)+1)>=5),0))} -> 21 | F43: {=(($E$4="Todos")+($E$4="Março")>0)*SUMPRODUCT(IFERROR((($C$4="Todos")+(YEAR('GESTAO OPERACAO'!$H$2:$H$632)=$C$4)>0)*('GESTAO OPERACAO'!$H$2:$H$632>0)*(MONTH('GESTAO OPERACAO'!$H$2:$H$632)=3)*((INT((DAY('GESTAO OPERACAO'!$H$2:$H$632)+WEEKDAY(DATE(YEAR('GESTAO OPERACAO'!$H$2:$H$632),3,1),2)-2)/7)+1)>=5)*('GESTAO OPERACAO'!$P$2:$P$632*1),0))} -> 155331.9
B44: Total Março | E44: =SUM(E39:E43) -> 61 | F44: =SUM(F39:F43) -> 2824354.8
B45: Abril | C45: Semana 1 | D45: =IF($C$4="Todos","Semana 1",TEXT(DATE($C$4,4,1),"dd/mm")&" - "&TEXT((DATE($C$4,4,1)+MOD(7-WEEKDAY(DATE($C$4,4,1),2),7)),"dd/mm")) -> 01/04 - 05/04 | E45: {=(($E$4="Todos")+($E$4="Abril")>0)*SUMPRODUCT(IFERROR((($C$4="Todos")+(YEAR('GESTAO OPERACAO'!$H$2:$H$632)=$C$4)>0)*('GESTAO OPERACAO'!$H$2:$H$632>0)*(MONTH('GESTAO OPERACAO'!$H$2:$H$632)=4)*((INT((DAY('GESTAO OPERACAO'!$H$2:$H$632)+WEEKDAY(DATE(YEAR('GESTAO OPERACAO'!$H$2:$H$632),4,1),2)-2)/7)+1)=1),0))} -> 6 | F45: {=(($E$4="Todos")+($E$4="Abril")>0)*SUMPRODUCT(IFERROR((($C$4="Todos")+(YEAR('GESTAO OPERACAO'!$H$2:$H$632)=$C$4)>0)*('GESTAO OPERACAO'!$H$2:$H$632>0)*(MONTH('GESTAO OPERACAO'!$H$2:$H$632)=4)*((INT((DAY('GESTAO OPERACAO'!$H$2:$H$632)+WEEKDAY(DATE(YEAR('GESTAO OPERACAO'!$H$2:$H$632),4,1),2)-2)/7)+1)=1)*('GESTAO OPERACAO'!$P$2:$P$632*1),0))} -> 44718.9
B46: Abril | C46: Semana 2 | D46: =IF($C$4="Todos","Semana 2",IF(((DATE($C$4,4,1)+MOD(7-WEEKDAY(DATE($C$4,4,1),2),7)+1)+0)>EOMONTH(DATE($C$4,4,1),0),"-",TEXT(((DATE($C$4,4,1)+MOD(7-WEEKDAY(DATE($C$4,4,1),2),7)+1)+0),"dd/mm")&" - "&TEXT(MIN(((DATE($C$4,4,1)+MOD(7-WEEKDAY(DATE($C$4,4,1),2),7)+1)+0)+6,EOMONTH(DATE($C$4,4,1),0)),"dd/mm"))) -> 06/04 - 12/04 | E46: {=(($E$4="Todos")+($E$4="Abril")>0)*SUMPRODUCT(IFERROR((($C$4="Todos")+(YEAR('GESTAO OPERACAO'!$H$2:$H$632)=$C$4)>0)*('GESTAO OPERACAO'!$H$2:$H$632>0)*(MONTH('GESTAO OPERACAO'!$H$2:$H$632)=4)*((INT((DAY('GESTAO OPERACAO'!$H$2:$H$632)+WEEKDAY(DATE(YEAR('GESTAO OPERACAO'!$H$2:$H$632),4,1),2)-2)/7)+1)=2),0))} -> 16 | F46: {=(($E$4="Todos")+($E$4="Abril")>0)*SUMPRODUCT(IFERROR((($C$4="Todos")+(YEAR('GESTAO OPERACAO'!$H$2:$H$632)=$C$4)>0)*('GESTAO OPERACAO'!$H$2:$H$632>0)*(MONTH('GESTAO OPERACAO'!$H$2:$H$632)=4)*((INT((DAY('GESTAO OPERACAO'!$H$2:$H$632)+WEEKDAY(DATE(YEAR('GESTAO OPERACAO'!$H$2:$H$632),4,1),2)-2)/7)+1)=2)*('GESTAO OPERACAO'!$P$2:$P$632*1),0))} -> 754920.67
B47: Abril | C47: Semana 3 | D47: =IF($C$4="Todos","Semana 3",IF(((DATE($C$4,4,1)+MOD(7-WEEKDAY(DATE($C$4,4,1),2),7)+1)+7)>EOMONTH(DATE($C$4,4,1),0),"-",TEXT(((DATE($C$4,4,1)+MOD(7-WEEKDAY(DATE($C$4,4,1),2),7)+1)+7),"dd/mm")&" - "&TEXT(MIN(((DATE($C$4,4,1)+MOD(7-WEEKDAY(DATE($C$4,4,1),2),7)+1)+7)+6,EOMONTH(DATE($C$4,4,1),0)),"dd/mm"))) -> 13/04 - 19/04 | E47: {=(($E$4="Todos")+($E$4="Abril")>0)*SUMPRODUCT(IFERROR((($C$4="Todos")+(YEAR('GESTAO OPERACAO'!$H$2:$H$632)=$C$4)>0)*('GESTAO OPERACAO'!$H$2:$H$632>0)*(MONTH('GESTAO OPERACAO'!$H$2:$H$632)=4)*((INT((DAY('GESTAO OPERACAO'!$H$2:$H$632)+WEEKDAY(DATE(YEAR('GESTAO OPERACAO'!$H$2:$H$632),4,1),2)-2)/7)+1)=3),0))} -> 16 | F47: {=(($E$4="Todos")+($E$4="Abril")>0)*SUMPRODUCT(IFERROR((($C$4="Todos")+(YEAR('GESTAO OPERACAO'!$H$2:$H$632)=$C$4)>0)*('GESTAO OPERACAO'!$H$2:$H$632>0)*(MONTH('GESTAO OPERACAO'!$H$2:$H$632)=4)*((INT((DAY('GESTAO OPERACAO'!$H$2:$H$632)+WEEKDAY(DATE(YEAR('GESTAO OPERACAO'!$H$2:$H$632),4,1),2)-2)/7)+1)=3)*('GESTAO OPERACAO'!$P$2:$P$632*1),0))} -> 355617.55
B48: Abril | C48: Semana 4 | D48: =IF($C$4="Todos","Semana 4",IF(((DATE($C$4,4,1)+MOD(7-WEEKDAY(DATE($C$4,4,1),2),7)+1)+14)>EOMONTH(DATE($C$4,4,1),0),"-",TEXT(((DATE($C$4,4,1)+MOD(7-WEEKDAY(DATE($C$4,4,1),2),7)+1)+14),"dd/mm")&" - "&TEXT(MIN(((DATE($C$4,4,1)+MOD(7-WEEKDAY(DATE($C$4,4,1),2),7)+1)+14)+6,EOMONTH(DATE($C$4,4,1),0)),"dd/mm"))) -> 20/04 - 26/04 | E48: {=(($E$4="Todos")+($E$4="Abril")>0)*SUMPRODUCT(IFERROR((($C$4="Todos")+(YEAR('GESTAO OPERACAO'!$H$2:$H$632)=$C$4)>0)*('GESTAO OPERACAO'!$H$2:$H$632>0)*(MONTH('GESTAO OPERACAO'!$H$2:$H$632)=4)*((INT((DAY('GESTAO OPERACAO'!$H$2:$H$632)+WEEKDAY(DATE(YEAR('GESTAO OPERACAO'!$H$2:$H$632),4,1),2)-2)/7)+1)=4),0))} -> 8 | F48: {=(($E$4="Todos")+($E$4="Abril")>0)*SUMPRODUCT(IFERROR((($C$4="Todos")+(YEAR('GESTAO OPERACAO'!$H$2:$H$632)=$C$4)>0)*('GESTAO OPERACAO'!$H$2:$H$632>0)*(MONTH('GESTAO OPERACAO'!$H$2:$H$632)=4)*((INT((DAY('GESTAO OPERACAO'!$H$2:$H$632)+WEEKDAY(DATE(YEAR('GESTAO OPERACAO'!$H$2:$H$632),4,1),2)-2)/7)+1)=4)*('GESTAO OPERACAO'!$P$2:$P$632*1),0))} -> 152844.36
B49: Abril | C49: Semana 5 | D49: =IF($C$4="Todos","Semana 5+",IF(((DATE($C$4,4,1)+MOD(7-WEEKDAY(DATE($C$4,4,1),2),7)+1)+21)>EOMONTH(DATE($C$4,4,1),0),"-",TEXT(((DATE($C$4,4,1)+MOD(7-WEEKDAY(DATE($C$4,4,1),2),7)+1)+21),"dd/mm")&" - "&TEXT(EOMONTH(DATE($C$4,4,1),0),"dd/mm"))) -> 27/04 - 30/04 | E49: {=(($E$4="Todos")+($E$4="Abril")>0)*SUMPRODUCT(IFERROR((($C$4="Todos")+(YEAR('GESTAO OPERACAO'!$H$2:$H$632)=$C$4)>0)*('GESTAO OPERACAO'!$H$2:$H$632>0)*(MONTH('GESTAO OPERACAO'!$H$2:$H$632)=4)*((INT((DAY('GESTAO OPERACAO'!$H$2:$H$632)+WEEKDAY(DATE(YEAR('GESTAO OPERACAO'!$H$2:$H$632),4,1),2)-2)/7)+1)>=5),0))} -> 10 | F49: {=(($E$4="Todos")+($E$4="Abril")>0)*SUMPRODUCT(IFERROR((($C$4="Todos")+(YEAR('GESTAO OPERACAO'!$H$2:$H$632)=$C$4)>0)*('GESTAO OPERACAO'!$H$2:$H$632>0)*(MONTH('GESTAO OPERACAO'!$H$2:$H$632)=4)*((INT((DAY('GESTAO OPERACAO'!$H$2:$H$632)+WEEKDAY(DATE(YEAR('GESTAO OPERACAO'!$H$2:$H$632),4,1),2)-2)/7)+1)>=5)*('GESTAO OPERACAO'!$P$2:$P$632*1),0))} -> 287636.66
B50: Total Abril | E50: =SUM(E45:E49) -> 56 | F50: =SUM(F45:F49) -> 1595738.1
B51: Maio | C51: Semana 1 | D51: =IF($C$4="Todos","Semana 1",TEXT(DATE($C$4,5,1),"dd/mm")&" - "&TEXT((DATE($C$4,5,1)+MOD(7-WEEKDAY(DATE($C$4,5,1),2),7)),"dd/mm")) -> 01/05 - 03/05 | E51: {=(($E$4="Todos")+($E$4="Maio")>0)*SUMPRODUCT(IFERROR((($C$4="Todos")+(YEAR('GESTAO OPERACAO'!$H$2:$H$632)=$C$4)>0)*('GESTAO OPERACAO'!$H$2:$H$632>0)*(MONTH('GESTAO OPERACAO'!$H$2:$H$632)=5)*((INT((DAY('GESTAO OPERACAO'!$H$2:$H$632)+WEEKDAY(DATE(YEAR('GESTAO OPERACAO'!$H$2:$H$632),5,1),2)-2)/7)+1)=1),0))} -> 0 | F51: {=(($E$4="Todos")+($E$4="Maio")>0)*SUMPRODUCT(IFERROR((($C$4="Todos")+(YEAR('GESTAO OPERACAO'!$H$2:$H$632)=$C$4)>0)*('GESTAO OPERACAO'!$H$2:$H$632>0)*(MONTH('GESTAO OPERACAO'!$H$2:$H$632)=5)*((INT((DAY('GESTAO OPERACAO'!$H$2:$H$632)+WEEKDAY(DATE(YEAR('GESTAO OPERACAO'!$H$2:$H$632),5,1),2)-2)/7)+1)=1)*('GESTAO OPERACAO'!$P$2:$P$632*1),0))} -> 0
B52: Maio | C52: Semana 2 | D52: =IF($C$4="Todos","Semana 2",IF(((DATE($C$4,5,1)+MOD(7-WEEKDAY(DATE($C$4,5,1),2),7)+1)+0)>EOMONTH(DATE($C$4,5,1),0),"-",TEXT(((DATE($C$4,5,1)+MOD(7-WEEKDAY(DATE($C$4,5,1),2),7)+1)+0),"dd/mm")&" - "&TEXT(MIN(((DATE($C$4,5,1)+MOD(7-WEEKDAY(DATE($C$4,5,1),2),7)+1)+0)+6,EOMONTH(DATE($C$4,5,1),0)),"dd/mm"))) -> 04/05 - 10/05 | E52: {=(($E$4="Todos")+($E$4="Maio")>0)*SUMPRODUCT(IFERROR((($C$4="Todos")+(YEAR('GESTAO OPERACAO'!$H$2:$H$632)=$C$4)>0)*('GESTAO OPERACAO'!$H$2:$H$632>0)*(MONTH('GESTAO OPERACAO'!$H$2:$H$632)=5)*((INT((DAY('GESTAO OPERACAO'!$H$2:$H$632)+WEEKDAY(DATE(YEAR('GESTAO OPERACAO'!$H$2:$H$632),5,1),2)-2)/7)+1)=2),0))} -> 16 | F52: {=(($E$4="Todos")+($E$4="Maio")>0)*SUMPRODUCT(IFERROR((($C$4="Todos")+(YEAR('GESTAO OPERACAO'!$H$2:$H$632)=$C$4)>0)*('GESTAO OPERACAO'!$H$2:$H$632>0)*(MONTH('GESTAO OPERACAO'!$H$2:$H$632)=5)*((INT((DAY('GESTAO OPERACAO'!$H$2:$H$632)+WEEKDAY(DATE(YEAR('GESTAO OPERACAO'!$H$2:$H$632),5,1),2)-2)/7)+1)=2)*('GESTAO OPERACAO'!$P$2:$P$632*1),0))} -> 1080093.4
B53: Maio | C53: Semana 3 | D53: =IF($C$4="Todos","Semana 3",IF(((DATE($C$4,5,1)+MOD(7-WEEKDAY(DATE($C$4,5,1),2),7)+1)+7)>EOMONTH(DATE($C$4,5,1),0),"-",TEXT(((DATE($C$4,5,1)+MOD(7-WEEKDAY(DATE($C$4,5,1),2),7)+1)+7),"dd/mm")&" - "&TEXT(MIN(((DATE($C$4,5,1)+MOD(7-WEEKDAY(DATE($C$4,5,1),2),7)+1)+7)+6,EOMONTH(DATE($C$4,5,1),0)),"dd/mm"))) -> 11/05 - 17/05 | E53: {=(($E$4="Todos")+($E$4="Maio")>0)*SUMPRODUCT(IFERROR((($C$4="Todos")+(YEAR('GESTAO OPERACAO'!$H$2:$H$632)=$C$4)>0)*('GESTAO OPERACAO'!$H$2:$H$632>0)*(MONTH('GESTAO OPERACAO'!$H$2:$H$632)=5)*((INT((DAY('GESTAO OPERACAO'!$H$2:$H$632)+WEEKDAY(DATE(YEAR('GESTAO OPERACAO'!$H$2:$H$632),5,1),2)-2)/7)+1)=3),0))} -> 15 | F53: {=(($E$4="Todos")+($E$4="Maio")>0)*SUMPRODUCT(IFERROR((($C$4="Todos")+(YEAR('GESTAO OPERACAO'!$H$2:$H$632)=$C$4)>0)*('GESTAO OPERACAO'!$H$2:$H$632>0)*(MONTH('GESTAO OPERACAO'!$H$2:$H$632)=5)*((INT((DAY('GESTAO OPERACAO'!$H$2:$H$632)+WEEKDAY(DATE(YEAR('GESTAO OPERACAO'!$H$2:$H$632),5,1),2)-2)/7)+1)=3)*('GESTAO OPERACAO'!$P$2:$P$632*1),0))} -> 701928.15
B54: Maio | C54: Semana 4 | D54: =IF($C$4="Todos","Semana 4",IF(((DATE($C$4,5,1)+MOD(7-WEEKDAY(DATE($C$4,5,1),2),7)+1)+14)>EOMONTH(DATE($C$4,5,1),0),"-",TEXT(((DATE($C$4,5,1)+MOD(7-WEEKDAY(DATE($C$4,5,1),2),7)+1)+14),"dd/mm")&" - "&TEXT(MIN(((DATE($C$4,5,1)+MOD(7-WEEKDAY(DATE($C$4,5,1),2),7)+1)+14)+6,EOMONTH(DATE($C$4,5,1),0)),"dd/mm"))) -> 18/05 - 24/05 | E54: {=(($E$4="Todos")+($E$4="Maio")>0)*SUMPRODUCT(IFERROR((($C$4="Todos")+(YEAR('GESTAO OPERACAO'!$H$2:$H$632)=$C$4)>0)*('GESTAO OPERACAO'!$H$2:$H$632>0)*(MONTH('GESTAO OPERACAO'!$H$2:$H$632)=5)*((INT((DAY('GESTAO OPERACAO'!$H$2:$H$632)+WEEKDAY(DATE(YEAR('GESTAO OPERACAO'!$H$2:$H$632),5,1),2)-2)/7)+1)=4),0))} -> 17 | F54: {=(($E$4="Todos")+($E$4="Maio")>0)*SUMPRODUCT(IFERROR((($C$4="Todos")+(YEAR('GESTAO OPERACAO'!$H$2:$H$632)=$C$4)>0)*('GESTAO OPERACAO'!$H$2:$H$632>0)*(MONTH('GESTAO OPERACAO'!$H$2:$H$632)=5)*((INT((DAY('GESTAO OPERACAO'!$H$2:$H$632)+WEEKDAY(DATE(YEAR('GESTAO OPERACAO'!$H$2:$H$632),5,1),2)-2)/7)+1)=4)*('GESTAO OPERACAO'!$P$2:$P$632*1),0))} -> 431967.56
B55: Maio | C55: Semana 5 | D55: =IF($C$4="Todos","Semana 5+",IF(((DATE($C$4,5,1)+MOD(7-WEEKDAY(DATE($C$4,5,1),2),7)+1)+21)>EOMONTH(DATE($C$4,5,1),0),"-",TEXT(((DATE($C$4,5,1)+MOD(7-WEEKDAY(DATE($C$4,5,1),2),7)+1)+21),"dd/mm")&" - "&TEXT(EOMONTH(DATE($C$4,5,1),0),"dd/mm"))) -> 25/05 - 31/05 | E55: {=(($E$4="Todos")+($E$4="Maio")>0)*SUMPRODUCT(IFERROR((($C$4="Todos")+(YEAR('GESTAO OPERACAO'!$H$2:$H$632)=$C$4)>0)*('GESTAO OPERACAO'!$H$2:$H$632>0)*(MONTH('GESTAO OPERACAO'!$H$2:$H$632)=5)*((INT((DAY('GESTAO OPERACAO'!$H$2:$H$632)+WEEKDAY(DATE(YEAR('GESTAO OPERACAO'!$H$2:$H$632),5,1),2)-2)/7)+1)>=5),0))} -> 11 | F55: {=(($E$4="Todos")+($E$4="Maio")>0)*SUMPRODUCT(IFERROR((($C$4="Todos")+(YEAR('GESTAO OPERACAO'!$H$2:$H$632)=$C$4)>0)*('GESTAO OPERACAO'!$H$2:$H$632>0)*(MONTH('GESTAO OPERACAO'!$H$2:$H$632)=5)*((INT((DAY('GESTAO OPERACAO'!$H$2:$H$632)+WEEKDAY(DATE(YEAR('GESTAO OPERACAO'!$H$2:$H$632),5,1),2)-2)/7)+1)>=5)*('GESTAO OPERACAO'!$P$2:$P$632*1),0))} -> 307930.78
B56: Total Maio | E56: =SUM(E51:E55) -> 59 | F56: =SUM(F51:F55) -> 2521919.9
B57: Junho | C57: Semana 1 | D57: =IF($C$4="Todos","Semana 1",TEXT(DATE($C$4,6,1),"dd/mm")&" - "&TEXT((DATE($C$4,6,1)+MOD(7-WEEKDAY(DATE($C$4,6,1),2),7)),"dd/mm")) -> 01/06 - 07/06 | E57: {=(($E$4="Todos")+($E$4="Junho")>0)*SUMPRODUCT(IFERROR((($C$4="Todos")+(YEAR('GESTAO OPERACAO'!$H$2:$H$632)=$C$4)>0)*('GESTAO OPERACAO'!$H$2:$H$632>0)*(MONTH('GESTAO OPERACAO'!$H$2:$H$632)=6)*((INT((DAY('GESTAO OPERACAO'!$H$2:$H$632)+WEEKDAY(DATE(YEAR('GESTAO OPERACAO'!$H$2:$H$632),6,1),2)-2)/7)+1)=1),0))} -> 7 | F57: {=(($E$4="Todos")+($E$4="Junho")>0)*SUMPRODUCT(IFERROR((($C$4="Todos")+(YEAR('GESTAO OPERACAO'!$H$2:$H$632)=$C$4)>0)*('GESTAO OPERACAO'!$H$2:$H$632>0)*(MONTH('GESTAO OPERACAO'!$H$2:$H$632)=6)*((INT((DAY('GESTAO OPERACAO'!$H$2:$H$632)+WEEKDAY(DATE(YEAR('GESTAO OPERACAO'!$H$2:$H$632),6,1),2)-2)/7)+1)=1)*('GESTAO OPERACAO'!$P$2:$P$632*1),0))} -> 124745.68
B58: Junho | C58: Semana 2 | D58: =IF($C$4="Todos","Semana 2",IF(((DATE($C$4,6,1)+MOD(7-WEEKDAY(DATE($C$4,6,1),2),7)+1)+0)>EOMONTH(DATE($C$4,6,1),0),"-",TEXT(((DATE($C$4,6,1)+MOD(7-WEEKDAY(DATE($C$4,6,1),2),7)+1)+0),"dd/mm")&" - "&TEXT(MIN(((DATE($C$4,6,1)+MOD(7-WEEKDAY(DATE($C$4,6,1),2),7)+1)+0)+6,EOMONTH(DATE($C$4,6,1),0)),"dd/mm"))) -> 08/06 - 14/06 | E58: {=(($E$4="Todos")+($E$4="Junho")>0)*SUMPRODUCT(IFERROR((($C$4="Todos")+(YEAR('GESTAO OPERACAO'!$H$2:$H$632)=$C$4)>0)*('GESTAO OPERACAO'!$H$2:$H$632>0)*(MONTH('GESTAO OPERACAO'!$H$2:$H$632)=6)*((INT((DAY('GESTAO OPERACAO'!$H$2:$H$632)+WEEKDAY(DATE(YEAR('GESTAO OPERACAO'!$H$2:$H$632),6,1),2)-2)/7)+1)=2),0))} -> 13 | F58: {=(($E$4="Todos")+($E$4="Junho")>0)*SUMPRODUCT(IFERROR((($C$4="Todos")+(YEAR('GESTAO OPERACAO'!$H$2:$H$632)=$C$4)>0)*('GESTAO OPERACAO'!$H$2:$H$632>0)*(MONTH('GESTAO OPERACAO'!$H$2:$H$632)=6)*((INT((DAY('GESTAO OPERACAO'!$H$2:$H$632)+WEEKDAY(DATE(YEAR('GESTAO OPERACAO'!$H$2:$H$632),6,1),2)-2)/7)+1)=2)*('GESTAO OPERACAO'!$P$2:$P$632*1),0))} -> 232183.84
B59: Junho | C59: Semana 3 | D59: =IF($C$4="Todos","Semana 3",IF(((DATE($C$4,6,1)+MOD(7-WEEKDAY(DATE($C$4,6,1),2),7)+1)+7)>EOMONTH(DATE($C$4,6,1),0),"-",TEXT(((DATE($C$4,6,1)+MOD(7-WEEKDAY(DATE($C$4,6,1),2),7)+1)+7),"dd/mm")&" - "&TEXT(MIN(((DATE($C$4,6,1)+MOD(7-WEEKDAY(DATE($C$4,6,1),2),7)+1)+7)+6,EOMONTH(DATE($C$4,6,1),0)),"dd/mm"))) -> 15/06 - 21/06 | E59: {=(($E$4="Todos")+($E$4="Junho")>0)*SUMPRODUCT(IFERROR((($C$4="Todos")+(YEAR('GESTAO OPERACAO'!$H$2:$H$632)=$C$4)>0)*('GESTAO OPERACAO'!$H$2:$H$632>0)*(MONTH('GESTAO OPERACAO'!$H$2:$H$632)=6)*((INT((DAY('GESTAO OPERACAO'!$H$2:$H$632)+WEEKDAY(DATE(YEAR('GESTAO OPERACAO'!$H$2:$H$632),6,1),2)-2)/7)+1)=3),0))} -> 16 | F59: {=(($E$4="Todos")+($E$4="Junho")>0)*SUMPRODUCT(IFERROR((($C$4="Todos")+(YEAR('GESTAO OPERACAO'!$H$2:$H$632)=$C$4)>0)*('GESTAO OPERACAO'!$H$2:$H$632>0)*(MONTH('GESTAO OPERACAO'!$H$2:$H$632)=6)*((INT((DAY('GESTAO OPERACAO'!$H$2:$H$632)+WEEKDAY(DATE(YEAR('GESTAO OPERACAO'!$H$2:$H$632),6,1),2)-2)/7)+1)=3)*('GESTAO OPERACAO'!$P$2:$P$632*1),0))} -> 183860.38
B60: Junho | C60: Semana 4 | D60: =IF($C$4="Todos","Semana 4",IF(((DATE($C$4,6,1)+MOD(7-WEEKDAY(DATE($C$4,6,1),2),7)+1)+14)>EOMONTH(DATE($C$4,6,1),0),"-",TEXT(((DATE($C$4,6,1)+MOD(7-WEEKDAY(DATE($C$4,6,1),2),7)+1)+14),"dd/mm")&" - "&TEXT(MIN(((DATE($C$4,6,1)+MOD(7-WEEKDAY(DATE($C$4,6,1),2),7)+1)+14)+6,EOMONTH(DATE($C$4,6,1),0)),"dd/mm"))) -> 22/06 - 28/06 | E60: {=(($E$4="Todos")+($E$4="Junho")>0)*SUMPRODUCT(IFERROR((($C$4="Todos")+(YEAR('GESTAO OPERACAO'!$H$2:$H$632)=$C$4)>0)*('GESTAO OPERACAO'!$H$2:$H$632>0)*(MONTH('GESTAO OPERACAO'!$H$2:$H$632)=6)*((INT((DAY('GESTAO OPERACAO'!$H$2:$H$632)+WEEKDAY(DATE(YEAR('GESTAO OPERACAO'!$H$2:$H$632),6,1),2)-2)/7)+1)=4),0))} -> 14 | F60: {=(($E$4="Todos")+($E$4="Junho")>0)*SUMPRODUCT(IFERROR((($C$4="Todos")+(YEAR('GESTAO OPERACAO'!$H$2:$H$632)=$C$4)>0)*('GESTAO OPERACAO'!$H$2:$H$632>0)*(MONTH('GESTAO OPERACAO'!$H$2:$H$632)=6)*((INT((DAY('GESTAO OPERACAO'!$H$2:$H$632)+WEEKDAY(DATE(YEAR('GESTAO OPERACAO'!$H$2:$H$632),6,1),2)-2)/7)+1)=4)*('GESTAO OPERACAO'!$P$2:$P$632*1),0))} -> 341187.09
B61: Junho | C61: Semana 5 | D61: =IF($C$4="Todos","Semana 5+",IF(((DATE($C$4,6,1)+MOD(7-WEEKDAY(DATE($C$4,6,1),2),7)+1)+21)>EOMONTH(DATE($C$4,6,1),0),"-",TEXT(((DATE($C$4,6,1)+MOD(7-WEEKDAY(DATE($C$4,6,1),2),7)+1)+21),"dd/mm")&" - "&TEXT(EOMONTH(DATE($C$4,6,1),0),"dd/mm"))) -> 29/06 - 30/06 | E61: {=(($E$4="Todos")+($E$4="Junho")>0)*SUMPRODUCT(IFERROR((($C$4="Todos")+(YEAR('GESTAO OPERACAO'!$H$2:$H$632)=$C$4)>0)*('GESTAO OPERACAO'!$H$2:$H$632>0)*(MONTH('GESTAO OPERACAO'!$H$2:$H$632)=6)*((INT((DAY('GESTAO OPERACAO'!$H$2:$H$632)+WEEKDAY(DATE(YEAR('GESTAO OPERACAO'!$H$2:$H$632),6,1),2)-2)/7)+1)>=5),0))} -> 4 | F61: {=(($E$4="Todos")+($E$4="Junho")>0)*SUMPRODUCT(IFERROR((($C$4="Todos")+(YEAR('GESTAO OPERACAO'!$H$2:$H$632)=$C$4)>0)*('GESTAO OPERACAO'!$H$2:$H$632>0)*(MONTH('GESTAO OPERACAO'!$H$2:$H$632)=6)*((INT((DAY('GESTAO OPERACAO'!$H$2:$H$632)+WEEKDAY(DATE(YEAR('GESTAO OPERACAO'!$H$2:$H$632),6,1),2)-2)/7)+1)>=5)*('GESTAO OPERACAO'!$P$2:$P$632*1),0))} -> 37320.99
B62: Total Junho | E62: =SUM(E57:E61) -> 54 | F62: =SUM(F57:F61) -> 919297.98
B63: Julho | C63: Semana 1 | D63: =IF($C$4="Todos","Semana 1",TEXT(DATE($C$4,7,1),"dd/mm")&" - "&TEXT((DATE($C$4,7,1)+MOD(7-WEEKDAY(DATE($C$4,7,1),2),7)),"dd/mm")) -> 01/07 - 05/07 | E63: {=(($E$4="Todos")+($E$4="Julho")>0)*SUMPRODUCT(IFERROR((($C$4="Todos")+(YEAR('GESTAO OPERACAO'!$H$2:$H$632)=$C$4)>0)*('GESTAO OPERACAO'!$H$2:$H$632>0)*(MONTH('GESTAO OPERACAO'!$H$2:$H$632)=7)*((INT((DAY('GESTAO OPERACAO'!$H$2:$H$632)+WEEKDAY(DATE(YEAR('GESTAO OPERACAO'!$H$2:$H$632),7,1),2)-2)/7)+1)=1),0))} -> 5 | F63: {=(($E$4="Todos")+($E$4="Julho")>0)*SUMPRODUCT(IFERROR((($C$4="Todos")+(YEAR('GESTAO OPERACAO'!$H$2:$H$632)=$C$4)>0)*('GESTAO OPERACAO'!$H$2:$H$632>0)*(MONTH('GESTAO OPERACAO'!$H$2:$H$632)=7)*((INT((DAY('GESTAO OPERACAO'!$H$2:$H$632)+WEEKDAY(DATE(YEAR('GESTAO OPERACAO'!$H$2:$H$632),7,1),2)-2)/7)+1)=1)*('GESTAO OPERACAO'!$P$2:$P$632*1),0))} -> 60580.2
B64: Julho | C64: Semana 2 | D64: =IF($C$4="Todos","Semana 2",IF(((DATE($C$4,7,1)+MOD(7-WEEKDAY(DATE($C$4,7,1),2),7)+1)+0)>EOMONTH(DATE($C$4,7,1),0),"-",TEXT(((DATE($C$4,7,1)+MOD(7-WEEKDAY(DATE($C$4,7,1),2),7)+1)+0),"dd/mm")&" - "&TEXT(MIN(((DATE($C$4,7,1)+MOD(7-WEEKDAY(DATE($C$4,7,1),2),7)+1)+0)+6,EOMONTH(DATE($C$4,7,1),0)),"dd/mm"))) -> 06/07 - 12/07 | E64: {=(($E$4="Todos")+($E$4="Julho")>0)*SUMPRODUCT(IFERROR((($C$4="Todos")+(YEAR('GESTAO OPERACAO'!$H$2:$H$632)=$C$4)>0)*('GESTAO OPERACAO'!$H$2:$H$632>0)*(MONTH('GESTAO OPERACAO'!$H$2:$H$632)=7)*((INT((DAY('GESTAO OPERACAO'!$H$2:$H$632)+WEEKDAY(DATE(YEAR('GESTAO OPERACAO'!$H$2:$H$632),7,1),2)-2)/7)+1)=2),0))} -> 9 | F64: {=(($E$4="Todos")+($E$4="Julho")>0)*SUMPRODUCT(IFERROR((($C$4="Todos")+(YEAR('GESTAO OPERACAO'!$H$2:$H$632)=$C$4)>0)*('GESTAO OPERACAO'!$H$2:$H$632>0)*(MONTH('GESTAO OPERACAO'!$H$2:$H$632)=7)*((INT((DAY('GESTAO OPERACAO'!$H$2:$H$632)+WEEKDAY(DATE(YEAR('GESTAO OPERACAO'!$H$2:$H$632),7,1),2)-2)/7)+1)=2)*('GESTAO OPERACAO'!$P$2:$P$632*1),0))} -> 157803.34
B65: Julho | C65: Semana 3 | D65: =IF($C$4="Todos","Semana 3",IF(((DATE($C$4,7,1)+MOD(7-WEEKDAY(DATE($C$4,7,1),2),7)+1)+7)>EOMONTH(DATE($C$4,7,1),0),"-",TEXT(((DATE($C$4,7,1)+MOD(7-WEEKDAY(DATE($C$4,7,1),2),7)+1)+7),"dd/mm")&" - "&TEXT(MIN(((DATE($C$4,7,1)+MOD(7-WEEKDAY(DATE($C$4,7,1),2),7)+1)+7)+6,EOMONTH(DATE($C$4,7,1),0)),"dd/mm"))) -> 13/07 - 19/07 | E65: {=(($E$4="Todos")+($E$4="Julho")>0)*SUMPRODUCT(IFERROR((($C$4="Todos")+(YEAR('GESTAO OPERACAO'!$H$2:$H$632)=$C$4)>0)*('GESTAO OPERACAO'!$H$2:$H$632>0)*(MONTH('GESTAO OPERACAO'!$H$2:$H$632)=7)*((INT((DAY('GESTAO OPERACAO'!$H$2:$H$632)+WEEKDAY(DATE(YEAR('GESTAO OPERACAO'!$H$2:$H$632),7,1),2)-2)/7)+1)=3),0))} -> 14 | F65: {=(($E$4="Todos")+($E$4="Julho")>0)*SUMPRODUCT(IFERROR((($C$4="Todos")+(YEAR('GESTAO OPERACAO'!$H$2:$H$632)=$C$4)>0)*('GESTAO OPERACAO'!$H$2:$H$632>0)*(MONTH('GESTAO OPERACAO'!$H$2:$H$632)=7)*((INT((DAY('GESTAO OPERACAO'!$H$2:$H$632)+WEEKDAY(DATE(YEAR('GESTAO OPERACAO'!$H$2:$H$632),7,1),2)-2)/7)+1)=3)*('GESTAO OPERACAO'!$P$2:$P$632*1),0))} -> 160594.99
B66: Julho | C66: Semana 4 | D66: =IF($C$4="Todos","Semana 4",IF(((DATE($C$4,7,1)+MOD(7-WEEKDAY(DATE($C$4,7,1),2),7)+1)+14)>EOMONTH(DATE($C$4,7,1),0),"-",TEXT(((DATE($C$4,7,1)+MOD(7-WEEKDAY(DATE($C$4,7,1),2),7)+1)+14),"dd/mm")&" - "&TEXT(MIN(((DATE($C$4,7,1)+MOD(7-WEEKDAY(DATE($C$4,7,1),2),7)+1)+14)+6,EOMONTH(DATE($C$4,7,1),0)),"dd/mm"))) -> 20/07 - 26/07 | E66: {=(($E$4="Todos")+($E$4="Julho")>0)*SUMPRODUCT(IFERROR((($C$4="Todos")+(YEAR('GESTAO OPERACAO'!$H$2:$H$632)=$C$4)>0)*('GESTAO OPERACAO'!$H$2:$H$632>0)*(MONTH('GESTAO OPERACAO'!$H$2:$H$632)=7)*((INT((DAY('GESTAO OPERACAO'!$H$2:$H$632)+WEEKDAY(DATE(YEAR('GESTAO OPERACAO'!$H$2:$H$632),7,1),2)-2)/7)+1)=4),0))} -> 12 | F66: {=(($E$4="Todos")+($E$4="Julho")>0)*SUMPRODUCT(IFERROR((($C$4="Todos")+(YEAR('GESTAO OPERACAO'!$H$2:$H$632)=$C$4)>0)*('GESTAO OPERACAO'!$H$2:$H$632>0)*(MONTH('GESTAO OPERACAO'!$H$2:$H$632)=7)*((INT((DAY('GESTAO OPERACAO'!$H$2:$H$632)+WEEKDAY(DATE(YEAR('GESTAO OPERACAO'!$H$2:$H$632),7,1),2)-2)/7)+1)=4)*('GESTAO OPERACAO'!$P$2:$P$632*1),0))} -> 122995.87
B67: Julho | C67: Semana 5 | D67: =IF($C$4="Todos","Semana 5+",IF(((DATE($C$4,7,1)+MOD(7-WEEKDAY(DATE($C$4,7,1),2),7)+1)+21)>EOMONTH(DATE($C$4,7,1),0),"-",TEXT(((DATE($C$4,7,1)+MOD(7-WEEKDAY(DATE($C$4,7,1),2),7)+1)+21),"dd/mm")&" - "&TEXT(EOMONTH(DATE($C$4,7,1),0),"dd/mm"))) -> 27/07 - 31/07 | E67: {=(($E$4="Todos")+($E$4="Julho")>0)*SUMPRODUCT(IFERROR((($C$4="Todos")+(YEAR('GESTAO OPERACAO'!$H$2:$H$632)=$C$4)>0)*('GESTAO OPERACAO'!$H$2:$H$632>0)*(MONTH('GESTAO OPERACAO'!$H$2:$H$632)=7)*((INT((DAY('GESTAO OPERACAO'!$H$2:$H$632)+WEEKDAY(DATE(YEAR('GESTAO OPERACAO'!$H$2:$H$632),7,1),2)-2)/7)+1)>=5),0))} -> 6 | F67: {=(($E$4="Todos")+($E$4="Julho")>0)*SUMPRODUCT(IFERROR((($C$4="Todos")+(YEAR('GESTAO OPERACAO'!$H$2:$H$632)=$C$4)>0)*('GESTAO OPERACAO'!$H$2:$H$632>0)*(MONTH('GESTAO OPERACAO'!$H$2:$H$632)=7)*((INT((DAY('GESTAO OPERACAO'!$H$2:$H$632)+WEEKDAY(DATE(YEAR('GESTAO OPERACAO'!$H$2:$H$632),7,1),2)-2)/7)+1)>=5)*('GESTAO OPERACAO'!$P$2:$P$632*1),0))} -> 38963.3
B68: Total Julho | E68: =SUM(E63:E67) -> 46 | F68: =SUM(F63:F67) -> 540937.7
B69: Agosto | C69: Semana 1 | D69: =IF($C$4="Todos","Semana 1",TEXT(DATE($C$4,8,1),"dd/mm")&" - "&TEXT((DATE($C$4,8,1)+MOD(7-WEEKDAY(DATE($C$4,8,1),2),7)),"dd/mm")) -> 01/08 - 02/08 | E69: {=(($E$4="Todos")+($E$4="Agosto")>0)*SUMPRODUCT(IFERROR((($C$4="Todos")+(YEAR('GESTAO OPERACAO'!$H$2:$H$632)=$C$4)>0)*('GESTAO OPERACAO'!$H$2:$H$632>0)*(MONTH('GESTAO OPERACAO'!$H$2:$H$632)=8)*((INT((DAY('GESTAO OPERACAO'!$H$2:$H$632)+WEEKDAY(DATE(YEAR('GESTAO OPERACAO'!$H$2:$H$632),8,1),2)-2)/7)+1)=1),0))} -> 0 | F69: {=(($E$4="Todos")+($E$4="Agosto")>0)*SUMPRODUCT(IFERROR((($C$4="Todos")+(YEAR('GESTAO OPERACAO'!$H$2:$H$632)=$C$4)>0)*('GESTAO OPERACAO'!$H$2:$H$632>0)*(MONTH('GESTAO OPERACAO'!$H$2:$H$632)=8)*((INT((DAY('GESTAO OPERACAO'!$H$2:$H$632)+WEEKDAY(DATE(YEAR('GESTAO OPERACAO'!$H$2:$H$632),8,1),2)-2)/7)+1)=1)*('GESTAO OPERACAO'!$P$2:$P$632*1),0))} -> 0
B70: Agosto | C70: Semana 2 | D70: =IF($C$4="Todos","Semana 2",IF(((DATE($C$4,8,1)+MOD(7-WEEKDAY(DATE($C$4,8,1),2),7)+1)+0)>EOMONTH(DATE($C$4,8,1),0),"-",TEXT(((DATE($C$4,8,1)+MOD(7-WEEKDAY(DATE($C$4,8,1),2),7)+1)+0),"dd/mm")&" - "&TEXT(MIN(((DATE($C$4,8,1)+MOD(7-WEEKDAY(DATE($C$4,8,1),2),7)+1)+0)+6,EOMONTH(DATE($C$4,8,1),0)),"dd/mm"))) -> 03/08 - 09/08 | E70: {=(($E$4="Todos")+($E$4="Agosto")>0)*SUMPRODUCT(IFERROR((($C$4="Todos")+(YEAR('GESTAO OPERACAO'!$H$2:$H$632)=$C$4)>0)*('GESTAO OPERACAO'!$H$2:$H$632>0)*(MONTH('GESTAO OPERACAO'!$H$2:$H$632)=8)*((INT((DAY('GESTAO OPERACAO'!$H$2:$H$632)+WEEKDAY(DATE(YEAR('GESTAO OPERACAO'!$H$2:$H$632),8,1),2)-2)/7)+1)=2),0))} -> 11 | F70: {=(($E$4="Todos")+($E$4="Agosto")>0)*SUMPRODUCT(IFERROR((($C$4="Todos")+(YEAR('GESTAO OPERACAO'!$H$2:$H$632)=$C$4)>0)*('GESTAO OPERACAO'!$H$2:$H$632>0)*(MONTH('GESTAO OPERACAO'!$H$2:$H$632)=8)*((INT((DAY('GESTAO OPERACAO'!$H$2:$H$632)+WEEKDAY(DATE(YEAR('GESTAO OPERACAO'!$H$2:$H$632),8,1),2)-2)/7)+1)=2)*('GESTAO OPERACAO'!$P$2:$P$632*1),0))} -> 251232.06
B71: Agosto | C71: Semana 3 | D71: =IF($C$4="Todos","Semana 3",IF(((DATE($C$4,8,1)+MOD(7-WEEKDAY(DATE($C$4,8,1),2),7)+1)+7)>EOMONTH(DATE($C$4,8,1),0),"-",TEXT(((DATE($C$4,8,1)+MOD(7-WEEKDAY(DATE($C$4,8,1),2),7)+1)+7),"dd/mm")&" - "&TEXT(MIN(((DATE($C$4,8,1)+MOD(7-WEEKDAY(DATE($C$4,8,1),2),7)+1)+7)+6,EOMONTH(DATE($C$4,8,1),0)),"dd/mm"))) -> 10/08 - 16/08 | E71: {=(($E$4="Todos")+($E$4="Agosto")>0)*SUMPRODUCT(IFERROR((($C$4="Todos")+(YEAR('GESTAO OPERACAO'!$H$2:$H$632)=$C$4)>0)*('GESTAO OPERACAO'!$H$2:$H$632>0)*(MONTH('GESTAO OPERACAO'!$H$2:$H$632)=8)*((INT((DAY('GESTAO OPERACAO'!$H$2:$H$632)+WEEKDAY(DATE(YEAR('GESTAO OPERACAO'!$H$2:$H$632),8,1),2)-2)/7)+1)=3),0))} -> 11 | F71: {=(($E$4="Todos")+($E$4="Agosto")>0)*SUMPRODUCT(IFERROR((($C$4="Todos")+(YEAR('GESTAO OPERACAO'!$H$2:$H$632)=$C$4)>0)*('GESTAO OPERACAO'!$H$2:$H$632>0)*(MONTH('GESTAO OPERACAO'!$H$2:$H$632)=8)*((INT((DAY('GESTAO OPERACAO'!$H$2:$H$632)+WEEKDAY(DATE(YEAR('GESTAO OPERACAO'!$H$2:$H$632),8,1),2)-2)/7)+1)=3)*('GESTAO OPERACAO'!$P$2:$P$632*1),0))} -> 180549.89
B72: Agosto | C72: Semana 4 | D72: =IF($C$4="Todos","Semana 4",IF(((DATE($C$4,8,1)+MOD(7-WEEKDAY(DATE($C$4,8,1),2),7)+1)+14)>EOMONTH(DATE($C$4,8,1),0),"-",TEXT(((DATE($C$4,8,1)+MOD(7-WEEKDAY(DATE($C$4,8,1),2),7)+1)+14),"dd/mm")&" - "&TEXT(MIN(((DATE($C$4,8,1)+MOD(7-WEEKDAY(DATE($C$4,8,1),2),7)+1)+14)+6,EOMONTH(DATE($C$4,8,1),0)),"dd/mm"))) -> 17/08 - 23/08 | E72: {=(($E$4="Todos")+($E$4="Agosto")>0)*SUMPRODUCT(IFERROR((($C$4="Todos")+(YEAR('GESTAO OPERACAO'!$H$2:$H$632)=$C$4)>0)*('GESTAO OPERACAO'!$H$2:$H$632>0)*(MONTH('GESTAO OPERACAO'!$H$2:$H$632)=8)*((INT((DAY('GESTAO OPERACAO'!$H$2:$H$632)+WEEKDAY(DATE(YEAR('GESTAO OPERACAO'!$H$2:$H$632),8,1),2)-2)/7)+1)=4),0))} -> 16 | F72: {=(($E$4="Todos")+($E$4="Agosto")>0)*SUMPRODUCT(IFERROR((($C$4="Todos")+(YEAR('GESTAO OPERACAO'!$H$2:$H$632)=$C$4)>0)*('GESTAO OPERACAO'!$H$2:$H$632>0)*(MONTH('GESTAO OPERACAO'!$H$2:$H$632)=8)*((INT((DAY('GESTAO OPERACAO'!$H$2:$H$632)+WEEKDAY(DATE(YEAR('GESTAO OPERACAO'!$H$2:$H$632),8,1),2)-2)/7)+1)=4)*('GESTAO OPERACAO'!$P$2:$P$632*1),0))} -> 4790734.2
B73: Agosto | C73: Semana 5 | D73: =IF($C$4="Todos","Semana 5+",IF(((DATE($C$4,8,1)+MOD(7-WEEKDAY(DATE($C$4,8,1),2),7)+1)+21)>EOMONTH(DATE($C$4,8,1),0),"-",TEXT(((DATE($C$4,8,1)+MOD(7-WEEKDAY(DATE($C$4,8,1),2),7)+1)+21),"dd/mm")&" - "&TEXT(EOMONTH(DATE($C$4,8,1),0),"dd/mm"))) -> 24/08 - 31/08 | E73: {=(($E$4="Todos")+($E$4="Agosto")>0)*SUMPRODUCT(IFERROR((($C$4="Todos")+(YEAR('GESTAO OPERACAO'!$H$2:$H$632)=$C$4)>0)*('GESTAO OPERACAO'!$H$2:$H$632>0)*(MONTH('GESTAO OPERACAO'!$H$2:$H$632)=8)*((INT((DAY('GESTAO OPERACAO'!$H$2:$H$632)+WEEKDAY(DATE(YEAR('GESTAO OPERACAO'!$H$2:$H$632),8,1),2)-2)/7)+1)>=5),0))} -> 12 | F73: {=(($E$4="Todos")+($E$4="Agosto")>0)*SUMPRODUCT(IFERROR((($C$4="Todos")+(YEAR('GESTAO OPERACAO'!$H$2:$H$632)=$C$4)>0)*('GESTAO OPERACAO'!$H$2:$H$632>0)*(MONTH('GESTAO OPERACAO'!$H$2:$H$632)=8)*((INT((DAY('GESTAO OPERACAO'!$H$2:$H$632)+WEEKDAY(DATE(YEAR('GESTAO OPERACAO'!$H$2:$H$632),8,1),2)-2)/7)+1)>=5)*('GESTAO OPERACAO'!$P$2:$P$632*1),0))} -> 275867.21
B74: Total Agosto | E74: =SUM(E69:E73) -> 50 | F74: =SUM(F69:F73) -> 5498383.4
B75: Setembro | C75: Semana 1 | D75: =IF($C$4="Todos","Semana 1",TEXT(DATE($C$4,9,1),"dd/mm")&" - "&TEXT((DATE($C$4,9,1)+MOD(7-WEEKDAY(DATE($C$4,9,1),2),7)),"dd/mm")) -> 01/09 - 06/09 | E75: {=(($E$4="Todos")+($E$4="Setembro")>0)*SUMPRODUCT(IFERROR((($C$4="Todos")+(YEAR('GESTAO OPERACAO'!$H$2:$H$632)=$C$4)>0)*('GESTAO OPERACAO'!$H$2:$H$632>0)*(MONTH('GESTAO OPERACAO'!$H$2:$H$632)=9)*((INT((DAY('GESTAO OPERACAO'!$H$2:$H$632)+WEEKDAY(DATE(YEAR('GESTAO OPERACAO'!$H$2:$H$632),9,1),2)-2)/7)+1)=1),0))} -> 8 | F75: {=(($E$4="Todos")+($E$4="Setembro")>0)*SUMPRODUCT(IFERROR((($C$4="Todos")+(YEAR('GESTAO OPERACAO'!$H$2:$H$632)=$C$4)>0)*('GESTAO OPERACAO'!$H$2:$H$632>0)*(MONTH('GESTAO OPERACAO'!$H$2:$H$632)=9)*((INT((DAY('GESTAO OPERACAO'!$H$2:$H$632)+WEEKDAY(DATE(YEAR('GESTAO OPERACAO'!$H$2:$H$632),9,1),2)-2)/7)+1)=1)*('GESTAO OPERACAO'!$P$2:$P$632*1),0))} -> 97461.04
B76: Setembro | C76: Semana 2 | D76: =IF($C$4="Todos","Semana 2",IF(((DATE($C$4,9,1)+MOD(7-WEEKDAY(DATE($C$4,9,1),2),7)+1)+0)>EOMONTH(DATE($C$4,9,1),0),"-",TEXT(((DATE($C$4,9,1)+MOD(7-WEEKDAY(DATE($C$4,9,1),2),7)+1)+0),"dd/mm")&" - "&TEXT(MIN(((DATE($C$4,9,1)+MOD(7-WEEKDAY(DATE($C$4,9,1),2),7)+1)+0)+6,EOMONTH(DATE($C$4,9,1),0)),"dd/mm"))) -> 07/09 - 13/09 | E76: {=(($E$4="Todos")+($E$4="Setembro")>0)*SUMPRODUCT(IFERROR((($C$4="Todos")+(YEAR('GESTAO OPERACAO'!$H$2:$H$632)=$C$4)>0)*('GESTAO OPERACAO'!$H$2:$H$632>0)*(MONTH('GESTAO OPERACAO'!$H$2:$H$632)=9)*((INT((DAY('GESTAO OPERACAO'!$H$2:$H$632)+WEEKDAY(DATE(YEAR('GESTAO OPERACAO'!$H$2:$H$632),9,1),2)-2)/7)+1)=2),0))} -> 0 | F76: {=(($E$4="Todos")+($E$4="Setembro")>0)*SUMPRODUCT(IFERROR((($C$4="Todos")+(YEAR('GESTAO OPERACAO'!$H$2:$H$632)=$C$4)>0)*('GESTAO OPERACAO'!$H$2:$H$632>0)*(MONTH('GESTAO OPERACAO'!$H$2:$H$632)=9)*((INT((DAY('GESTAO OPERACAO'!$H$2:$H$632)+WEEKDAY(DATE(YEAR('GESTAO OPERACAO'!$H$2:$H$632),9,1),2)-2)/7)+1)=2)*('GESTAO OPERACAO'!$P$2:$P$632*1),0))} -> 0
B77: Setembro | C77: Semana 3 | D77: =IF($C$4="Todos","Semana 3",IF(((DATE($C$4,9,1)+MOD(7-WEEKDAY(DATE($C$4,9,1),2),7)+1)+7)>EOMONTH(DATE($C$4,9,1),0),"-",TEXT(((DATE($C$4,9,1)+MOD(7-WEEKDAY(DATE($C$4,9,1),2),7)+1)+7),"dd/mm")&" - "&TEXT(MIN(((DATE($C$4,9,1)+MOD(7-WEEKDAY(DATE($C$4,9,1),2),7)+1)+7)+6,EOMONTH(DATE($C$4,9,1),0)),"dd/mm"))) -> 14/09 - 20/09 | E77: {=(($E$4="Todos")+($E$4="Setembro")>0)*SUMPRODUCT(IFERROR((($C$4="Todos")+(YEAR('GESTAO OPERACAO'!$H$2:$H$632)=$C$4)>0)*('GESTAO OPERACAO'!$H$2:$H$632>0)*(MONTH('GESTAO OPERACAO'!$H$2:$H$632)=9)*((INT((DAY('GESTAO OPERACAO'!$H$2:$H$632)+WEEKDAY(DATE(YEAR('GESTAO OPERACAO'!$H$2:$H$632),9,1),2)-2)/7)+1)=3),0))} -> 0 | F77: {=(($E$4="Todos")+($E$4="Setembro")>0)*SUMPRODUCT(IFERROR((($C$4="Todos")+(YEAR('GESTAO OPERACAO'!$H$2:$H$632)=$C$4)>0)*('GESTAO OPERACAO'!$H$2:$H$632>0)*(MONTH('GESTAO OPERACAO'!$H$2:$H$632)=9)*((INT((DAY('GESTAO OPERACAO'!$H$2:$H$632)+WEEKDAY(DATE(YEAR('GESTAO OPERACAO'!$H$2:$H$632),9,1),2)-2)/7)+1)=3)*('GESTAO OPERACAO'!$P$2:$P$632*1),0))} -> 0
B78: Setembro | C78: Semana 4 | D78: =IF($C$4="Todos","Semana 4",IF(((DATE($C$4,9,1)+MOD(7-WEEKDAY(DATE($C$4,9,1),2),7)+1)+14)>EOMONTH(DATE($C$4,9,1),0),"-",TEXT(((DATE($C$4,9,1)+MOD(7-WEEKDAY(DATE($C$4,9,1),2),7)+1)+14),"dd/mm")&" - "&TEXT(MIN(((DATE($C$4,9,1)+MOD(7-WEEKDAY(DATE($C$4,9,1),2),7)+1)+14)+6,EOMONTH(DATE($C$4,9,1),0)),"dd/mm"))) -> 21/09 - 27/09 | E78: {=(($E$4="Todos")+($E$4="Setembro")>0)*SUMPRODUCT(IFERROR((($C$4="Todos")+(YEAR('GESTAO OPERACAO'!$H$2:$H$632)=$C$4)>0)*('GESTAO OPERACAO'!$H$2:$H$632>0)*(MONTH('GESTAO OPERACAO'!$H$2:$H$632)=9)*((INT((DAY('GESTAO OPERACAO'!$H$2:$H$632)+WEEKDAY(DATE(YEAR('GESTAO OPERACAO'!$H$2:$H$632),9,1),2)-2)/7)+1)=4),0))} -> 0 | F78: {=(($E$4="Todos")+($E$4="Setembro")>0)*SUMPRODUCT(IFERROR((($C$4="Todos")+(YEAR('GESTAO OPERACAO'!$H$2:$H$632)=$C$4)>0)*('GESTAO OPERACAO'!$H$2:$H$632>0)*(MONTH('GESTAO OPERACAO'!$H$2:$H$632)=9)*((INT((DAY('GESTAO OPERACAO'!$H$2:$H$632)+WEEKDAY(DATE(YEAR('GESTAO OPERACAO'!$H$2:$H$632),9,1),2)-2)/7)+1)=4)*('GESTAO OPERACAO'!$P$2:$P$632*1),0))} -> 0
B79: Setembro | C79: Semana 5 | D79: =IF($C$4="Todos","Semana 5+",IF(((DATE($C$4,9,1)+MOD(7-WEEKDAY(DATE($C$4,9,1),2),7)+1)+21)>EOMONTH(DATE($C$4,9,1),0),"-",TEXT(((DATE($C$4,9,1)+MOD(7-WEEKDAY(DATE($C$4,9,1),2),7)+1)+21),"dd/mm")&" - "&TEXT(EOMONTH(DATE($C$4,9,1),0),"dd/mm"))) -> 28/09 - 30/09 | E79: {=(($E$4="Todos")+($E$4="Setembro")>0)*SUMPRODUCT(IFERROR((($C$4="Todos")+(YEAR('GESTAO OPERACAO'!$H$2:$H$632)=$C$4)>0)*('GESTAO OPERACAO'!$H$2:$H$632>0)*(MONTH('GESTAO OPERACAO'!$H$2:$H$632)=9)*((INT((DAY('GESTAO OPERACAO'!$H$2:$H$632)+WEEKDAY(DATE(YEAR('GESTAO OPERACAO'!$H$2:$H$632),9,1),2)-2)/7)+1)>=5),0))} -> 0 | F79: {=(($E$4="Todos")+($E$4="Setembro")>0)*SUMPRODUCT(IFERROR((($C$4="Todos")+(YEAR('GESTAO OPERACAO'!$H$2:$H$632)=$C$4)>0)*('GESTAO OPERACAO'!$H$2:$H$632>0)*(MONTH('GESTAO OPERACAO'!$H$2:$H$632)=9)*((INT((DAY('GESTAO OPERACAO'!$H$2:$H$632)+WEEKDAY(DATE(YEAR('GESTAO OPERACAO'!$H$2:$H$632),9,1),2)-2)/7)+1)>=5)*('GESTAO OPERACAO'!$P$2:$P$632*1),0))} -> 0
B80: Total Setembro | E80: =SUM(E75:E79) -> 8 | F80: =SUM(F75:F79) -> 97461.04
B81: Outubro | C81: Semana 1 | D81: =IF($C$4="Todos","Semana 1",TEXT(DATE($C$4,10,1),"dd/mm")&" - "&TEXT((DATE($C$4,10,1)+MOD(7-WEEKDAY(DATE($C$4,10,1),2),7)),"dd/mm")) -> 01/10 - 04/10 | E81: {=(($E$4="Todos")+($E$4="Outubro")>0)*SUMPRODUCT(IFERROR((($C$4="Todos")+(YEAR('GESTAO OPERACAO'!$H$2:$H$632)=$C$4)>0)*('GESTAO OPERACAO'!$H$2:$H$632>0)*(MONTH('GESTAO OPERACAO'!$H$2:$H$632)=10)*((INT((DAY('GESTAO OPERACAO'!$H$2:$H$632)+WEEKDAY(DATE(YEAR('GESTAO OPERACAO'!$H$2:$H$632),10,1),2)-2)/7)+1)=1),0))} -> 0 | F81: {=(($E$4="Todos")+($E$4="Outubro")>0)*SUMPRODUCT(IFERROR((($C$4="Todos")+(YEAR('GESTAO OPERACAO'!$H$2:$H$632)=$C$4)>0)*('GESTAO OPERACAO'!$H$2:$H$632>0)*(MONTH('GESTAO OPERACAO'!$H$2:$H$632)=10)*((INT((DAY('GESTAO OPERACAO'!$H$2:$H$632)+WEEKDAY(DATE(YEAR('GESTAO OPERACAO'!$H$2:$H$632),10,1),2)-2)/7)+1)=1)*('GESTAO OPERACAO'!$P$2:$P$632*1),0))} -> 0
B82: Outubro | C82: Semana 2 | D82: =IF($C$4="Todos","Semana 2",IF(((DATE($C$4,10,1)+MOD(7-WEEKDAY(DATE($C$4,10,1),2),7)+1)+0)>EOMONTH(DATE($C$4,10,1),0),"-",TEXT(((DATE($C$4,10,1)+MOD(7-WEEKDAY(DATE($C$4,10,1),2),7)+1)+0),"dd/mm")&" - "&TEXT(MIN(((DATE($C$4,10,1)+MOD(7-WEEKDAY(DATE($C$4,10,1),2),7)+1)+0)+6,EOMONTH(DATE($C$4,10,1),0)),"dd/mm"))) -> 05/10 - 11/10 | E82: {=(($E$4="Todos")+($E$4="Outubro")>0)*SUMPRODUCT(IFERROR((($C$4="Todos")+(YEAR('GESTAO OPERACAO'!$H$2:$H$632)=$C$4)>0)*('GESTAO OPERACAO'!$H$2:$H$632>0)*(MONTH('GESTAO OPERACAO'!$H$2:$H$632)=10)*((INT((DAY('GESTAO OPERACAO'!$H$2:$H$632)+WEEKDAY(DATE(YEAR('GESTAO OPERACAO'!$H$2:$H$632),10,1),2)-2)/7)+1)=2),0))} -> 0 | F82: {=(($E$4="Todos")+($E$4="Outubro")>0)*SUMPRODUCT(IFERROR((($C$4="Todos")+(YEAR('GESTAO OPERACAO'!$H$2:$H$632)=$C$4)>0)*('GESTAO OPERACAO'!$H$2:$H$632>0)*(MONTH('GESTAO OPERACAO'!$H$2:$H$632)=10)*((INT((DAY('GESTAO OPERACAO'!$H$2:$H$632)+WEEKDAY(DATE(YEAR('GESTAO OPERACAO'!$H$2:$H$632),10,1),2)-2)/7)+1)=2)*('GESTAO OPERACAO'!$P$2:$P$632*1),0))} -> 0
B83: Outubro | C83: Semana 3 | D83: =IF($C$4="Todos","Semana 3",IF(((DATE($C$4,10,1)+MOD(7-WEEKDAY(DATE($C$4,10,1),2),7)+1)+7)>EOMONTH(DATE($C$4,10,1),0),"-",TEXT(((DATE($C$4,10,1)+MOD(7-WEEKDAY(DATE($C$4,10,1),2),7)+1)+7),"dd/mm")&" - "&TEXT(MIN(((DATE($C$4,10,1)+MOD(7-WEEKDAY(DATE($C$4,10,1),2),7)+1)+7)+6,EOMONTH(DATE($C$4,10,1),0)),"dd/mm"))) -> 12/10 - 18/10 | E83: {=(($E$4="Todos")+($E$4="Outubro")>0)*SUMPRODUCT(IFERROR((($C$4="Todos")+(YEAR('GESTAO OPERACAO'!$H$2:$H$632)=$C$4)>0)*('GESTAO OPERACAO'!$H$2:$H$632>0)*(MONTH('GESTAO OPERACAO'!$H$2:$H$632)=10)*((INT((DAY('GESTAO OPERACAO'!$H$2:$H$632)+WEEKDAY(DATE(YEAR('GESTAO OPERACAO'!$H$2:$H$632),10,1),2)-2)/7)+1)=3),0))} -> 0 | F83: {=(($E$4="Todos")+($E$4="Outubro")>0)*SUMPRODUCT(IFERROR((($C$4="Todos")+(YEAR('GESTAO OPERACAO'!$H$2:$H$632)=$C$4)>0)*('GESTAO OPERACAO'!$H$2:$H$632>0)*(MONTH('GESTAO OPERACAO'!$H$2:$H$632)=10)*((INT((DAY('GESTAO OPERACAO'!$H$2:$H$632)+WEEKDAY(DATE(YEAR('GESTAO OPERACAO'!$H$2:$H$632),10,1),2)-2)/7)+1)=3)*('GESTAO OPERACAO'!$P$2:$P$632*1),0))} -> 0
B84: Outubro | C84: Semana 4 | D84: =IF($C$4="Todos","Semana 4",IF(((DATE($C$4,10,1)+MOD(7-WEEKDAY(DATE($C$4,10,1),2),7)+1)+14)>EOMONTH(DATE($C$4,10,1),0),"-",TEXT(((DATE($C$4,10,1)+MOD(7-WEEKDAY(DATE($C$4,10,1),2),7)+1)+14),"dd/mm")&" - "&TEXT(MIN(((DATE($C$4,10,1)+MOD(7-WEEKDAY(DATE($C$4,10,1),2),7)+1)+14)+6,EOMONTH(DATE($C$4,10,1),0)),"dd/mm"))) -> 19/10 - 25/10 | E84: {=(($E$4="Todos")+($E$4="Outubro")>0)*SUMPRODUCT(IFERROR((($C$4="Todos")+(YEAR('GESTAO OPERACAO'!$H$2:$H$632)=$C$4)>0)*('GESTAO OPERACAO'!$H$2:$H$632>0)*(MONTH('GESTAO OPERACAO'!$H$2:$H$632)=10)*((INT((DAY('GESTAO OPERACAO'!$H$2:$H$632)+WEEKDAY(DATE(YEAR('GESTAO OPERACAO'!$H$2:$H$632),10,1),2)-2)/7)+1)=4),0))} -> 0 | F84: {=(($E$4="Todos")+($E$4="Outubro")>0)*SUMPRODUCT(IFERROR((($C$4="Todos")+(YEAR('GESTAO OPERACAO'!$H$2:$H$632)=$C$4)>0)*('GESTAO OPERACAO'!$H$2:$H$632>0)*(MONTH('GESTAO OPERACAO'!$H$2:$H$632)=10)*((INT((DAY('GESTAO OPERACAO'!$H$2:$H$632)+WEEKDAY(DATE(YEAR('GESTAO OPERACAO'!$H$2:$H$632),10,1),2)-2)/7)+1)=4)*('GESTAO OPERACAO'!$P$2:$P$632*1),0))} -> 0
B85: Outubro | C85: Semana 5 | D85: =IF($C$4="Todos","Semana 5+",IF(((DATE($C$4,10,1)+MOD(7-WEEKDAY(DATE($C$4,10,1),2),7)+1)+21)>EOMONTH(DATE($C$4,10,1),0),"-",TEXT(((DATE($C$4,10,1)+MOD(7-WEEKDAY(DATE($C$4,10,1),2),7)+1)+21),"dd/mm")&" - "&TEXT(EOMONTH(DATE($C$4,10,1),0),"dd/mm"))) -> 26/10 - 31/10 | E85: {=(($E$4="Todos")+($E$4="Outubro")>0)*SUMPRODUCT(IFERROR((($C$4="Todos")+(YEAR('GESTAO OPERACAO'!$H$2:$H$632)=$C$4)>0)*('GESTAO OPERACAO'!$H$2:$H$632>0)*(MONTH('GESTAO OPERACAO'!$H$2:$H$632)=10)*((INT((DAY('GESTAO OPERACAO'!$H$2:$H$632)+WEEKDAY(DATE(YEAR('GESTAO OPERACAO'!$H$2:$H$632),10,1),2)-2)/7)+1)>=5),0))} -> 0 | F85: {=(($E$4="Todos")+($E$4="Outubro")>0)*SUMPRODUCT(IFERROR((($C$4="Todos")+(YEAR('GESTAO OPERACAO'!$H$2:$H$632)=$C$4)>0)*('GESTAO OPERACAO'!$H$2:$H$632>0)*(MONTH('GESTAO OPERACAO'!$H$2:$H$632)=10)*((INT((DAY('GESTAO OPERACAO'!$H$2:$H$632)+WEEKDAY(DATE(YEAR('GESTAO OPERACAO'!$H$2:$H$632),10,1),2)-2)/7)+1)>=5)*('GESTAO OPERACAO'!$P$2:$P$632*1),0))} -> 0
B86: Total Outubro | E86: =SUM(E81:E85) -> 0 | F86: =SUM(F81:F85) -> 0
B87: Novembro | C87: Semana 1 | D87: =IF($C$4="Todos","Semana 1",TEXT(DATE($C$4,11,1),"dd/mm")&" - "&TEXT((DATE($C$4,11,1)+MOD(7-WEEKDAY(DATE($C$4,11,1),2),7)),"dd/mm")) -> 01/11 - 01/11 | E87: {=(($E$4="Todos")+($E$4="Novembro")>0)*SUMPRODUCT(IFERROR((($C$4="Todos")+(YEAR('GESTAO OPERACAO'!$H$2:$H$632)=$C$4)>0)*('GESTAO OPERACAO'!$H$2:$H$632>0)*(MONTH('GESTAO OPERACAO'!$H$2:$H$632)=11)*((INT((DAY('GESTAO OPERACAO'!$H$2:$H$632)+WEEKDAY(DATE(YEAR('GESTAO OPERACAO'!$H$2:$H$632),11,1),2)-2)/7)+1)=1),0))} -> 0 | F87: {=(($E$4="Todos")+($E$4="Novembro")>0)*SUMPRODUCT(IFERROR((($C$4="Todos")+(YEAR('GESTAO OPERACAO'!$H$2:$H$632)=$C$4)>0)*('GESTAO OPERACAO'!$H$2:$H$632>0)*(MONTH('GESTAO OPERACAO'!$H$2:$H$632)=11)*((INT((DAY('GESTAO OPERACAO'!$H$2:$H$632)+WEEKDAY(DATE(YEAR('GESTAO OPERACAO'!$H$2:$H$632),11,1),2)-2)/7)+1)=1)*('GESTAO OPERACAO'!$P$2:$P$632*1),0))} -> 0
B88: Novembro | C88: Semana 2 | D88: =IF($C$4="Todos","Semana 2",IF(((DATE($C$4,11,1)+MOD(7-WEEKDAY(DATE($C$4,11,1),2),7)+1)+0)>EOMONTH(DATE($C$4,11,1),0),"-",TEXT(((DATE($C$4,11,1)+MOD(7-WEEKDAY(DATE($C$4,11,1),2),7)+1)+0),"dd/mm")&" - "&TEXT(MIN(((DATE($C$4,11,1)+MOD(7-WEEKDAY(DATE($C$4,11,1),2),7)+1)+0)+6,EOMONTH(DATE($C$4,11,1),0)),"dd/mm"))) -> 02/11 - 08/11 | E88: {=(($E$4="Todos")+($E$4="Novembro")>0)*SUMPRODUCT(IFERROR((($C$4="Todos")+(YEAR('GESTAO OPERACAO'!$H$2:$H$632)=$C$4)>0)*('GESTAO OPERACAO'!$H$2:$H$632>0)*(MONTH('GESTAO OPERACAO'!$H$2:$H$632)=11)*((INT((DAY('GESTAO OPERACAO'!$H$2:$H$632)+WEEKDAY(DATE(YEAR('GESTAO OPERACAO'!$H$2:$H$632),11,1),2)-2)/7)+1)=2),0))} -> 0 | F88: {=(($E$4="Todos")+($E$4="Novembro")>0)*SUMPRODUCT(IFERROR((($C$4="Todos")+(YEAR('GESTAO OPERACAO'!$H$2:$H$632)=$C$4)>0)*('GESTAO OPERACAO'!$H$2:$H$632>0)*(MONTH('GESTAO OPERACAO'!$H$2:$H$632)=11)*((INT((DAY('GESTAO OPERACAO'!$H$2:$H$632)+WEEKDAY(DATE(YEAR('GESTAO OPERACAO'!$H$2:$H$632),11,1),2)-2)/7)+1)=2)*('GESTAO OPERACAO'!$P$2:$P$632*1),0))} -> 0
B89: Novembro | C89: Semana 3 | D89: =IF($C$4="Todos","Semana 3",IF(((DATE($C$4,11,1)+MOD(7-WEEKDAY(DATE($C$4,11,1),2),7)+1)+7)>EOMONTH(DATE($C$4,11,1),0),"-",TEXT(((DATE($C$4,11,1)+MOD(7-WEEKDAY(DATE($C$4,11,1),2),7)+1)+7),"dd/mm")&" - "&TEXT(MIN(((DATE($C$4,11,1)+MOD(7-WEEKDAY(DATE($C$4,11,1),2),7)+1)+7)+6,EOMONTH(DATE($C$4,11,1),0)),"dd/mm"))) -> 09/11 - 15/11 | E89: {=(($E$4="Todos")+($E$4="Novembro")>0)*SUMPRODUCT(IFERROR((($C$4="Todos")+(YEAR('GESTAO OPERACAO'!$H$2:$H$632)=$C$4)>0)*('GESTAO OPERACAO'!$H$2:$H$632>0)*(MONTH('GESTAO OPERACAO'!$H$2:$H$632)=11)*((INT((DAY('GESTAO OPERACAO'!$H$2:$H$632)+WEEKDAY(DATE(YEAR('GESTAO OPERACAO'!$H$2:$H$632),11,1),2)-2)/7)+1)=3),0))} -> 0 | F89: {=(($E$4="Todos")+($E$4="Novembro")>0)*SUMPRODUCT(IFERROR((($C$4="Todos")+(YEAR('GESTAO OPERACAO'!$H$2:$H$632)=$C$4)>0)*('GESTAO OPERACAO'!$H$2:$H$632>0)*(MONTH('GESTAO OPERACAO'!$H$2:$H$632)=11)*((INT((DAY('GESTAO OPERACAO'!$H$2:$H$632)+WEEKDAY(DATE(YEAR('GESTAO OPERACAO'!$H$2:$H$632),11,1),2)-2)/7)+1)=3)*('GESTAO OPERACAO'!$P$2:$P$632*1),0))} -> 0
B90: Novembro | C90: Semana 4 | D90: =IF($C$4="Todos","Semana 4",IF(((DATE($C$4,11,1)+MOD(7-WEEKDAY(DATE($C$4,11,1),2),7)+1)+14)>EOMONTH(DATE($C$4,11,1),0),"-",TEXT(((DATE($C$4,11,1)+MOD(7-WEEKDAY(DATE($C$4,11,1),2),7)+1)+14),"dd/mm")&" - "&TEXT(MIN(((DATE($C$4,11,1)+MOD(7-WEEKDAY(DATE($C$4,11,1),2),7)+1)+14)+6,EOMONTH(DATE($C$4,11,1),0)),"dd/mm"))) -> 16/11 - 22/11 | E90: {=(($E$4="Todos")+($E$4="Novembro")>0)*SUMPRODUCT(IFERROR((($C$4="Todos")+(YEAR('GESTAO OPERACAO'!$H$2:$H$632)=$C$4)>0)*('GESTAO OPERACAO'!$H$2:$H$632>0)*(MONTH('GESTAO OPERACAO'!$H$2:$H$632)=11)*((INT((DAY('GESTAO OPERACAO'!$H$2:$H$632)+WEEKDAY(DATE(YEAR('GESTAO OPERACAO'!$H$2:$H$632),11,1),2)-2)/7)+1)=4),0))} -> 0 | F90: {=(($E$4="Todos")+($E$4="Novembro")>0)*SUMPRODUCT(IFERROR((($C$4="Todos")+(YEAR('GESTAO OPERACAO'!$H$2:$H$632)=$C$4)>0)*('GESTAO OPERACAO'!$H$2:$H$632>0)*(MONTH('GESTAO OPERACAO'!$H$2:$H$632)=11)*((INT((DAY('GESTAO OPERACAO'!$H$2:$H$632)+WEEKDAY(DATE(YEAR('GESTAO OPERACAO'!$H$2:$H$632),11,1),2)-2)/7)+1)=4)*('GESTAO OPERACAO'!$P$2:$P$632*1),0))} -> 0
B91: Novembro | C91: Semana 5 | D91: =IF($C$4="Todos","Semana 5+",IF(((DATE($C$4,11,1)+MOD(7-WEEKDAY(DATE($C$4,11,1),2),7)+1)+21)>EOMONTH(DATE($C$4,11,1),0),"-",TEXT(((DATE($C$4,11,1)+MOD(7-WEEKDAY(DATE($C$4,11,1),2),7)+1)+21),"dd/mm")&" - "&TEXT(EOMONTH(DATE($C$4,11,1),0),"dd/mm"))) -> 23/11 - 30/11 | E91: {=(($E$4="Todos")+($E$4="Novembro")>0)*SUMPRODUCT(IFERROR((($C$4="Todos")+(YEAR('GESTAO OPERACAO'!$H$2:$H$632)=$C$4)>0)*('GESTAO OPERACAO'!$H$2:$H$632>0)*(MONTH('GESTAO OPERACAO'!$H$2:$H$632)=11)*((INT((DAY('GESTAO OPERACAO'!$H$2:$H$632)+WEEKDAY(DATE(YEAR('GESTAO OPERACAO'!$H$2:$H$632),11,1),2)-2)/7)+1)>=5),0))} -> 0 | F91: {=(($E$4="Todos")+($E$4="Novembro")>0)*SUMPRODUCT(IFERROR((($C$4="Todos")+(YEAR('GESTAO OPERACAO'!$H$2:$H$632)=$C$4)>0)*('GESTAO OPERACAO'!$H$2:$H$632>0)*(MONTH('GESTAO OPERACAO'!$H$2:$H$632)=11)*((INT((DAY('GESTAO OPERACAO'!$H$2:$H$632)+WEEKDAY(DATE(YEAR('GESTAO OPERACAO'!$H$2:$H$632),11,1),2)-2)/7)+1)>=5)*('GESTAO OPERACAO'!$P$2:$P$632*1),0))} -> 0
B92: Total Novembro | E92: =SUM(E87:E91) -> 0 | F92: =SUM(F87:F91) -> 0
B93: Dezembro | C93: Semana 1 | D93: =IF($C$4="Todos","Semana 1",TEXT(DATE($C$4,12,1),"dd/mm")&" - "&TEXT((DATE($C$4,12,1)+MOD(7-WEEKDAY(DATE($C$4,12,1),2),7)),"dd/mm")) -> 01/12 - 06/12 | E93: {=(($E$4="Todos")+($E$4="Dezembro")>0)*SUMPRODUCT(IFERROR((($C$4="Todos")+(YEAR('GESTAO OPERACAO'!$H$2:$H$632)=$C$4)>0)*('GESTAO OPERACAO'!$H$2:$H$632>0)*(MONTH('GESTAO OPERACAO'!$H$2:$H$632)=12)*((INT((DAY('GESTAO OPERACAO'!$H$2:$H$632)+WEEKDAY(DATE(YEAR('GESTAO OPERACAO'!$H$2:$H$632),12,1),2)-2)/7)+1)=1),0))} -> 0 | F93: {=(($E$4="Todos")+($E$4="Dezembro")>0)*SUMPRODUCT(IFERROR((($C$4="Todos")+(YEAR('GESTAO OPERACAO'!$H$2:$H$632)=$C$4)>0)*('GESTAO OPERACAO'!$H$2:$H$632>0)*(MONTH('GESTAO OPERACAO'!$H$2:$H$632)=12)*((INT((DAY('GESTAO OPERACAO'!$H$2:$H$632)+WEEKDAY(DATE(YEAR('GESTAO OPERACAO'!$H$2:$H$632),12,1),2)-2)/7)+1)=1)*('GESTAO OPERACAO'!$P$2:$P$632*1),0))} -> 0
B94: Dezembro | C94: Semana 2 | D94: =IF($C$4="Todos","Semana 2",IF(((DATE($C$4,12,1)+MOD(7-WEEKDAY(DATE($C$4,12,1),2),7)+1)+0)>EOMONTH(DATE($C$4,12,1),0),"-",TEXT(((DATE($C$4,12,1)+MOD(7-WEEKDAY(DATE($C$4,12,1),2),7)+1)+0),"dd/mm")&" - "&TEXT(MIN(((DATE($C$4,12,1)+MOD(7-WEEKDAY(DATE($C$4,12,1),2),7)+1)+0)+6,EOMONTH(DATE($C$4,12,1),0)),"dd/mm"))) -> 07/12 - 13/12 | E94: {=(($E$4="Todos")+($E$4="Dezembro")>0)*SUMPRODUCT(IFERROR((($C$4="Todos")+(YEAR('GESTAO OPERACAO'!$H$2:$H$632)=$C$4)>0)*('GESTAO OPERACAO'!$H$2:$H$632>0)*(MONTH('GESTAO OPERACAO'!$H$2:$H$632)=12)*((INT((DAY('GESTAO OPERACAO'!$H$2:$H$632)+WEEKDAY(DATE(YEAR('GESTAO OPERACAO'!$H$2:$H$632),12,1),2)-2)/7)+1)=2),0))} -> 0 | F94: {=(($E$4="Todos")+($E$4="Dezembro")>0)*SUMPRODUCT(IFERROR((($C$4="Todos")+(YEAR('GESTAO OPERACAO'!$H$2:$H$632)=$C$4)>0)*('GESTAO OPERACAO'!$H$2:$H$632>0)*(MONTH('GESTAO OPERACAO'!$H$2:$H$632)=12)*((INT((DAY('GESTAO OPERACAO'!$H$2:$H$632)+WEEKDAY(DATE(YEAR('GESTAO OPERACAO'!$H$2:$H$632),12,1),2)-2)/7)+1)=2)*('GESTAO OPERACAO'!$P$2:$P$632*1),0))} -> 0
B95: Dezembro | C95: Semana 3 | D95: =IF($C$4="Todos","Semana 3",IF(((DATE($C$4,12,1)+MOD(7-WEEKDAY(DATE($C$4,12,1),2),7)+1)+7)>EOMONTH(DATE($C$4,12,1),0),"-",TEXT(((DATE($C$4,12,1)+MOD(7-WEEKDAY(DATE($C$4,12,1),2),7)+1)+7),"dd/mm")&" - "&TEXT(MIN(((DATE($C$4,12,1)+MOD(7-WEEKDAY(DATE($C$4,12,1),2),7)+1)+7)+6,EOMONTH(DATE($C$4,12,1),0)),"dd/mm"))) -> 14/12 - 20/12 | E95: {=(($E$4="Todos")+($E$4="Dezembro")>0)*SUMPRODUCT(IFERROR((($C$4="Todos")+(YEAR('GESTAO OPERACAO'!$H$2:$H$632)=$C$4)>0)*('GESTAO OPERACAO'!$H$2:$H$632>0)*(MONTH('GESTAO OPERACAO'!$H$2:$H$632)=12)*((INT((DAY('GESTAO OPERACAO'!$H$2:$H$632)+WEEKDAY(DATE(YEAR('GESTAO OPERACAO'!$H$2:$H$632),12,1),2)-2)/7)+1)=3),0))} -> 0 | F95: {=(($E$4="Todos")+($E$4="Dezembro")>0)*SUMPRODUCT(IFERROR((($C$4="Todos")+(YEAR('GESTAO OPERACAO'!$H$2:$H$632)=$C$4)>0)*('GESTAO OPERACAO'!$H$2:$H$632>0)*(MONTH('GESTAO OPERACAO'!$H$2:$H$632)=12)*((INT((DAY('GESTAO OPERACAO'!$H$2:$H$632)+WEEKDAY(DATE(YEAR('GESTAO OPERACAO'!$H$2:$H$632),12,1),2)-2)/7)+1)=3)*('GESTAO OPERACAO'!$P$2:$P$632*1),0))} -> 0
B96: Dezembro | C96: Semana 4 | D96: =IF($C$4="Todos","Semana 4",IF(((DATE($C$4,12,1)+MOD(7-WEEKDAY(DATE($C$4,12,1),2),7)+1)+14)>EOMONTH(DATE($C$4,12,1),0),"-",TEXT(((DATE($C$4,12,1)+MOD(7-WEEKDAY(DATE($C$4,12,1),2),7)+1)+14),"dd/mm")&" - "&TEXT(MIN(((DATE($C$4,12,1)+MOD(7-WEEKDAY(DATE($C$4,12,1),2),7)+1)+14)+6,EOMONTH(DATE($C$4,12,1),0)),"dd/mm"))) -> 21/12 - 27/12 | E96: {=(($E$4="Todos")+($E$4="Dezembro")>0)*SUMPRODUCT(IFERROR((($C$4="Todos")+(YEAR('GESTAO OPERACAO'!$H$2:$H$632)=$C$4)>0)*('GESTAO OPERACAO'!$H$2:$H$632>0)*(MONTH('GESTAO OPERACAO'!$H$2:$H$632)=12)*((INT((DAY('GESTAO OPERACAO'!$H$2:$H$632)+WEEKDAY(DATE(YEAR('GESTAO OPERACAO'!$H$2:$H$632),12,1),2)-2)/7)+1)=4),0))} -> 0 | F96: {=(($E$4="Todos")+($E$4="Dezembro")>0)*SUMPRODUCT(IFERROR((($C$4="Todos")+(YEAR('GESTAO OPERACAO'!$H$2:$H$632)=$C$4)>0)*('GESTAO OPERACAO'!$H$2:$H$632>0)*(MONTH('GESTAO OPERACAO'!$H$2:$H$632)=12)*((INT((DAY('GESTAO OPERACAO'!$H$2:$H$632)+WEEKDAY(DATE(YEAR('GESTAO OPERACAO'!$H$2:$H$632),12,1),2)-2)/7)+1)=4)*('GESTAO OPERACAO'!$P$2:$P$632*1),0))} -> 0
B97: Dezembro | C97: Semana 5 | D97: =IF($C$4="Todos","Semana 5+",IF(((DATE($C$4,12,1)+MOD(7-WEEKDAY(DATE($C$4,12,1),2),7)+1)+21)>EOMONTH(DATE($C$4,12,1),0),"-",TEXT(((DATE($C$4,12,1)+MOD(7-WEEKDAY(DATE($C$4,12,1),2),7)+1)+21),"dd/mm")&" - "&TEXT(EOMONTH(DATE($C$4,12,1),0),"dd/mm"))) -> 28/12 - 31/12 | E97: {=(($E$4="Todos")+($E$4="Dezembro")>0)*SUMPRODUCT(IFERROR((($C$4="Todos")+(YEAR('GESTAO OPERACAO'!$H$2:$H$632)=$C$4)>0)*('GESTAO OPERACAO'!$H$2:$H$632>0)*(MONTH('GESTAO OPERACAO'!$H$2:$H$632)=12)*((INT((DAY('GESTAO OPERACAO'!$H$2:$H$632)+WEEKDAY(DATE(YEAR('GESTAO OPERACAO'!$H$2:$H$632),12,1),2)-2)/7)+1)>=5),0))} -> 0 | F97: {=(($E$4="Todos")+($E$4="Dezembro")>0)*SUMPRODUCT(IFERROR((($C$4="Todos")+(YEAR('GESTAO OPERACAO'!$H$2:$H$632)=$C$4)>0)*('GESTAO OPERACAO'!$H$2:$H$632>0)*(MONTH('GESTAO OPERACAO'!$H$2:$H$632)=12)*((INT((DAY('GESTAO OPERACAO'!$H$2:$H$632)+WEEKDAY(DATE(YEAR('GESTAO OPERACAO'!$H$2:$H$632),12,1),2)-2)/7)+1)>=5)*('GESTAO OPERACAO'!$P$2:$P$632*1),0))} -> 0
B98: Total Dezembro | E98: =SUM(E93:E97) -> 0 | F98: =SUM(F93:F97) -> 0
B99: TOTAL GERAL | E99: =SUM(E32,E38,E44,E50,E56,E62,E68,E74,E80,E86,E92,E98) -> 426 | F99: =SUM(F32,F38,F44,F50,F56,F62,F68,F74,F80,F86,F92,F98) -> 15225527
B101: PEDIDOS INCLUÍDOS POR VENDEDOR
B102: Vendedor | C102: Qtd Pedidos | D102: Valor Total | E102: % Pedidos
B103: {=IFERROR(_xlfn._xlws.SORT(_xlfn.UNIQUE(_xlfn._xlws.FILTER('GESTAO OPERACAO'!B2:B632,('GESTAO OPERACAO'!B2:B632<>"")*(($C$4="Todos")+(YEAR('GESTAO OPERACAO'!H2:H632)=$C$4)>0)*(($E$4="Todos")+(MONTH('GESTAO OPERACAO'!H2:H632)=IFERROR(MATCH($E$4,{"Janeiro";"Fevereiro";"Março";"Abril";"Maio";"Junho";"Julho";"Agosto";"Setembro";"Outubro";"Novembro";"Dezembro"},0),0))>0)))),"")} -> #VALUE! | C103: {=IF(OR(B103="",ISERROR(B103)),"",SUMPRODUCT(('GESTAO OPERACAO'!$B$2:$B$632=B103)*(($C$4="Todos")+(YEAR('GESTAO OPERACAO'!$H$2:$H$632)=$C$4)>0)*(($E$4="Todos")+(MONTH('GESTAO OPERACAO'!$H$2:$H$632)=IFERROR(MATCH($E$4,{"Janeiro";"Fevereiro";"Março";"Abril";"Maio";"Junho";"Julho";"Agosto";"Setembro";"Outubro";"Novembro";"Dezembro"},0),0))>0)*('GESTAO OPERACAO'!$H$2:$H$632>0)))} -> #VALUE! | D103: {=IF(OR(B103="",ISERROR(B103)),"",SUMPRODUCT(('GESTAO OPERACAO'!$B$2:$B$632=B103)*(($C$4="Todos")+(YEAR('GESTAO OPERACAO'!$H$2:$H$632)=$C$4)>0)*(($E$4="Todos")+(MONTH('GESTAO OPERACAO'!$H$2:$H$632)=IFERROR(MATCH($E$4,{"Janeiro";"Fevereiro";"Março";"Abril";"Maio";"Junho";"Julho";"Agosto";"Setembro";"Outubro";"Novembro";"Dezembro"},0),0))>0)*('GESTAO OPERACAO'!$H$2:$H$632>0)*IFERROR('GESTAO OPERACAO'!$P$2:$P$632*1,0)))} -> #VALUE! | E103: =IFERROR(C103/$C$7,"")
C104: {=IF(OR(B104="",ISERROR(B104)),"",SUMPRODUCT(('GESTAO OPERACAO'!$B$2:$B$632=B104)*(($C$4="Todos")+(YEAR('GESTAO OPERACAO'!$H$2:$H$632)=$C$4)>0)*(($E$4="Todos")+(MONTH('GESTAO OPERACAO'!$H$2:$H$632)=IFERROR(MATCH($E$4,{"Janeiro";"Fevereiro";"Março";"Abril";"Maio";"Junho";"Julho";"Agosto";"Setembro";"Outubro";"Novembro";"Dezembro"},0),0))>0)*('GESTAO OPERACAO'!$H$2:$H$632>0)))} | D104: {=IF(OR(B104="",ISERROR(B104)),"",SUMPRODUCT(('GESTAO OPERACAO'!$B$2:$B$632=B104)*(($C$4="Todos")+(YEAR('GESTAO OPERACAO'!$H$2:$H$632)=$C$4)>0)*(($E$4="Todos")+(MONTH('GESTAO OPERACAO'!$H$2:$H$632)=IFERROR(MATCH($E$4,{"Janeiro";"Fevereiro";"Março";"Abril";"Maio";"Junho";"Julho";"Agosto";"Setembro";"Outubro";"Novembro";"Dezembro"},0),0))>0)*('GESTAO OPERACAO'!$H$2:$H$632>0)*IFERROR('GESTAO OPERACAO'!$P$2:$P$632*1,0)))} | E104: =IFERROR(C104/$C$7,"")
C105: {=IF(OR(B105="",ISERROR(B105)),"",SUMPRODUCT(('GESTAO OPERACAO'!$B$2:$B$632=B105)*(($C$4="Todos")+(YEAR('GESTAO OPERACAO'!$H$2:$H$632)=$C$4)>0)*(($E$4="Todos")+(MONTH('GESTAO OPERACAO'!$H$2:$H$632)=IFERROR(MATCH($E$4,{"Janeiro";"Fevereiro";"Março";"Abril";"Maio";"Junho";"Julho";"Agosto";"Setembro";"Outubro";"Novembro";"Dezembro"},0),0))>0)*('GESTAO OPERACAO'!$H$2:$H$632>0)))} | D105: {=IF(OR(B105="",ISERROR(B105)),"",SUMPRODUCT(('GESTAO OPERACAO'!$B$2:$B$632=B105)*(($C$4="Todos")+(YEAR('GESTAO OPERACAO'!$H$2:$H$632)=$C$4)>0)*(($E$4="Todos")+(MONTH('GESTAO OPERACAO'!$H$2:$H$632)=IFERROR(MATCH($E$4,{"Janeiro";"Fevereiro";"Março";"Abril";"Maio";"Junho";"Julho";"Agosto";"Setembro";"Outubro";"Novembro";"Dezembro"},0),0))>0)*('GESTAO OPERACAO'!$H$2:$H$632>0)*IFERROR('GESTAO OPERACAO'!$P$2:$P$632*1,0)))} | E105: =IFERROR(C105/$C$7,"")
C106: {=IF(OR(B106="",ISERROR(B106)),"",SUMPRODUCT(('GESTAO OPERACAO'!$B$2:$B$632=B106)*(($C$4="Todos")+(YEAR('GESTAO OPERACAO'!$H$2:$H$632)=$C$4)>0)*(($E$4="Todos")+(MONTH('GESTAO OPERACAO'!$H$2:$H$632)=IFERROR(MATCH($E$4,{"Janeiro";"Fevereiro";"Março";"Abril";"Maio";"Junho";"Julho";"Agosto";"Setembro";"Outubro";"Novembro";"Dezembro"},0),0))>0)*('GESTAO OPERACAO'!$H$2:$H$632>0)))} | D106: {=IF(OR(B106="",ISERROR(B106)),"",SUMPRODUCT(('GESTAO OPERACAO'!$B$2:$B$632=B106)*(($C$4="Todos")+(YEAR('GESTAO OPERACAO'!$H$2:$H$632)=$C$4)>0)*(($E$4="Todos")+(MONTH('GESTAO OPERACAO'!$H$2:$H$632)=IFERROR(MATCH($E$4,{"Janeiro";"Fevereiro";"Março";"Abril";"Maio";"Junho";"Julho";"Agosto";"Setembro";"Outubro";"Novembro";"Dezembro"},0),0))>0)*('GESTAO OPERACAO'!$H$2:$H$632>0)*IFERROR('GESTAO OPERACAO'!$P$2:$P$632*1,0)))} | E106: =IFERROR(C106/$C$7,"")
...

Sheet DASHBOARD PRODUCAO
J1: {=SUMPRODUCT(('GESTAO OPERACAO'!$AA$2:$AA$632="SEMANA 02 / JAN / 2026")*('GESTAO OPERACAO'!$U$2:$U$632>0)*IFERROR('GESTAO OPERACAO'!$P$2:$P$632*1,0))} -> 256887.04
B2: DASHBOARD PRODUÇÃO | J2: {=SUMPRODUCT(('GESTAO OPERACAO'!$AA$2:$AA$632="SEMANA 02 / JAN / 2026")*('GESTAO OPERACAO'!$U$2:$U$632>0))} -> 15
J3: ='GESTAO OPERACAO'!P13 -> 5253
B4: Ano de Análise: | C4: 2026 | D4: Mês de Análise: | E4: Todos | J4: ='GESTAO OPERACAO'!AA13 -> DEZEMBRO/2025
J5: ='GESTAO OPERACAO'!U13 -> 46009
B6: INDICADORES GERAIS
B7: Pedidos Liberados | C7: {=SUMPRODUCT((($C$4="Todos")+(YEAR('GESTAO OPERACAO'!$U$2:$U$632)=$C$4)>0)*(($E$4="Todos")+(MONTH('GESTAO OPERACAO'!$U$2:$U$632)=IFERROR(MATCH($E$4,{"Janeiro";"Fevereiro";"Março";"Abril";"Maio";"Junho";"Julho";"Agosto";"Setembro";"Outubro";"Novembro";"Dezembro"},0),0))>0)*('GESTAO OPERACAO'!$U$2:$U$632>0))} -> 419 | D7: Valor Liberado (R$) | E7: {=SUMPRODUCT((($C$4="Todos")+(YEAR('GESTAO OPERACAO'!$U$2:$U$632)=$C$4)>0)*(($E$4="Todos")+(MONTH('GESTAO OPERACAO'!$U$2:$U$632)=IFERROR(MATCH($E$4,{"Janeiro";"Fevereiro";"Março";"Abril";"Maio";"Junho";"Julho";"Agosto";"Setembro";"Outubro";"Novembro";"Dezembro"},0),0))>0)*('GESTAO OPERACAO'!$U$2:$U$632>0)*IFERROR('GESTAO OPERACAO'!$P$2:$P$632*1,0))} -> 11263509 | F7: Lead Time Médio (dias) | G7: {=IFERROR(SUMPRODUCT((($C$4="Todos")+(YEAR('GESTAO OPERACAO'!$AB$2:$AB$632)=$C$4)>0)*(($E$4="Todos")+(MONTH('GESTAO OPERACAO'!$AB$2:$AB$632)=IFERROR(MATCH($E$4,{"Janeiro";"Fevereiro";"Março";"Abril";"Maio";"Junho";"Julho";"Agosto";"Setembro";"Outubro";"Novembro";"Dezembro"},0),0))>0)*('GESTAO OPERACAO'!$AB$2:$AB$632>0)*('GESTAO OPERACAO'!$AM$2:$AM$632>0)*ISNUMBER('GESTAO OPERACAO'!$AM$2:$AM$632)*ISNUMBER('GESTAO OPERACAO'!$AS$2:$AS$632)*('GESTAO OPERACAO'!$AS$2:$AS$632>=0)*('GESTAO OPERACAO'!$AS$2:$AS$632<=365)*IFERROR('GESTAO OPERACAO'!$AS$2:$AS$632*1,0))/SUMPRODUCT((($C$4="Todos")+(YEAR('GESTAO OPERACAO'!$AB$2:$AB$632)=$C$4)>0)*(($E$4="Todos")+(MONTH('GESTAO OPERACAO'!$AB$2:$AB$632)=IFERROR(MATCH($E$4,{"Janeiro";"Fevereiro";"Março";"Abril";"Maio";"Junho";"Julho";"Agosto";"Setembro";"Outubro";"Novembro";"Dezembro"},0),0))>0)*('GESTAO OPERACAO'!$AB$2:$AB$632>0)*('GESTAO OPERACAO'!$AM$2:$AM$632>0)*ISNUMBER('GESTAO OPERACAO'!$AM$2:$AM$632)*ISNUMBER('GESTAO OPERACAO'!$AS$2:$AS$632)*('GESTAO OPERACAO'!$AS$2:$AS$632>=0)*('GESTAO OPERACAO'!$AS$2:$AS$632<=365)),0)} -> 25.434783 | I7: OTD (No Prazo %) | J7: {=IFERROR(SUMPRODUCT((($C$4="Todos")+(YEAR('GESTAO OPERACAO'!$AB$2:$AB$632)=$C$4)>0)*(($E$4="Todos")+(MONTH('GESTAO OPERACAO'!$AB$2:$AB$632)=IFERROR(MATCH($E$4,{"Janeiro";"Fevereiro";"Março";"Abril";"Maio";"Junho";"Julho";"Agosto";"Setembro";"Outubro";"Novembro";"Dezembro"},0),0))>0)*('GESTAO OPERACAO'!$AB$2:$AB$632>0)*('GESTAO OPERACAO'!$AO$2:$AO$632="SIM"))/SUMPRODUCT((($C$4="Todos")+(YEAR('GESTAO OPERACAO'!$AB$2:$AB$632)=$C$4)>0)*(($E$4="Todos")+(MONTH('GESTAO OPERACAO'!$AB$2:$AB$632)=IFERROR(MATCH($E$4,{"Janeiro";"Fevereiro";"Março";"Abril";"Maio";"Junho";"Julho";"Agosto";"Setembro";"Outubro";"Novembro";"Dezembro"},0),0))>0)*('GESTAO OPERACAO'!$AB$2:$AB$632>0)*(('GESTAO OPERACAO'!$AO$2:$AO$632="SIM")+('GESTAO OPERACAO'!$AO$2:$AO$632="NÃO")+('GESTAO OPERACAO'!$AO$2:$AO$632="NAO"))),0)} -> 0.89361702
B8: Pedidos Faturados | C8: {=SUMPRODUCT((($C$4="Todos")+(YEAR('GESTAO OPERACAO'!$AB$2:$AB$632)=$C$4)>0)*(($E$4="Todos")+(MONTH('GESTAO OPERACAO'!$AB$2:$AB$632)=IFERROR(MATCH($E$4,{"Janeiro";"Fevereiro";"Março";"Abril";"Maio";"Junho";"Julho";"Agosto";"Setembro";"Outubro";"Novembro";"Dezembro"},0),0))>0)*('GESTAO OPERACAO'!$AB$2:$AB$632>0))} -> 411 | D8: Valor Faturado (R$) | E8: {=SUMPRODUCT((($C$4="Todos")+(YEAR('GESTAO OPERACAO'!$AB$2:$AB$632)=$C$4)>0)*(($E$4="Todos")+(MONTH('GESTAO OPERACAO'!$AB$2:$AB$632)=IFERROR(MATCH($E$4,{"Janeiro";"Fevereiro";"Março";"Abril";"Maio";"Junho";"Julho";"Agosto";"Setembro";"Outubro";"Novembro";"Dezembro"},0),0))>0)*('GESTAO OPERACAO'!$AB$2:$AB$632>0)*IFERROR('GESTAO OPERACAO'!$AC$2:$AC$632*1,0))} -> 11101965 | F8: Lead Time Médio (dias) | G8: =G7 -> 25.434783
B10: LIBERAÇÕES PCP POR SEMANA
B11: Mês | C11: Semana | D11: Período | E11: Qtd Liberada | F11: Valor Liberado | G11: Valor Faturado | H11: Lead Time Médio
B12: Janeiro | C12: Semana 1 | D12: =IF(((DATE(IF($C$4="Todos",2026,$C$4),1,1)+MOD(8-WEEKDAY(DATE(IF($C$4="Todos",2026,$C$4),1,1),2),7))+(1-1)*7)>EOMONTH(DATE(IF($C$4="Todos",2026,$C$4),1,1),0),"",TEXT(((DATE(IF($C$4="Todos",2026,$C$4),1,1)+MOD(8-WEEKDAY(DATE(IF($C$4="Todos",2026,$C$4),1,1),2),7))+(1-1)*7),"dd/mm")&" - "&TEXT(MIN((((DATE(IF($C$4="Todos",2026,$C$4),1,1)+MOD(8-WEEKDAY(DATE(IF($C$4="Todos",2026,$C$4),1,1),2),7))+(1-1)*7)+6),EOMONTH(DATE(IF($C$4="Todos",2026,$C$4),1,1),0)),"dd/mm")) -> 05/01 - 11/01 | E12: {=(($E$4="Todos")+($E$4="Janeiro")>0)*SUMPRODUCT(('GESTAO OPERACAO'!$AA$2:$AA$632="SEMANA 01 / JAN / "&IF($C$4="Todos","",$C$4))*('GESTAO OPERACAO'!$U$2:$U$632>0)*(($C$4="Todos")+(YEAR('GESTAO OPERACAO'!$U$2:$U$632)=$C$4)>0))} -> 8 | F12: {=(($E$4="Todos")+($E$4="Janeiro")>0)*SUMPRODUCT(('GESTAO OPERACAO'!$AA$2:$AA$632="SEMANA 01 / JAN / "&IF($C$4="Todos","",$C$4))*('GESTAO OPERACAO'!$U$2:$U$632>0)*(($C$4="Todos")+(YEAR('GESTAO OPERACAO'!$U$2:$U$632)=$C$4)>0)*IFERROR('GESTAO OPERACAO'!$P$2:$P$632*1,0))} -> 47590.04 | G12: {=(($E$4="Todos")+($E$4="Janeiro")>0)*SUMPRODUCT(('GESTAO OPERACAO'!$AA$2:$AA$632="SEMANA 01 / JAN / "&IF($C$4="Todos","",$C$4))*IFERROR('GESTAO OPERACAO'!$AC$2:$AC$632*1,0)*(($C$4="Todos")+(IFERROR(YEAR('GESTAO OPERACAO'!$AB$2:$AB$632),0)=$C$4)+(IFERROR(YEAR('GESTAO OPERACAO'!$AB$2:$AB$632),0)=0)>0))} -> 47590.06 | H12: {=IFERROR((($E$4="Todos")+($E$4="Janeiro")>0)*SUMPRODUCT(('GESTAO OPERACAO'!$AA$2:$AA$632="SEMANA 01 / JAN / "&IF($C$4="Todos","",$C$4))*('GESTAO OPERACAO'!$U$2:$U$632>0)*(($C$4="Todos")+(YEAR('GESTAO OPERACAO'!$U$2:$U$632)=$C$4)>0)*IFERROR('GESTAO OPERACAO'!$X$2:$X$632*1,0))/SUMPRODUCT(('GESTAO OPERACAO'!$AA$2:$AA$632="SEMANA 01 / JAN / "&IF($C$4="Todos","",$C$4))*('GESTAO OPERACAO'!$U$2:$U$632>0)*(($C$4="Todos")+(YEAR('GESTAO OPERACAO'!$U$2:$U$632)=$C$4)>0)*ISNUMBER('GESTAO OPERACAO'!$X$2:$X$632)*1),0)} -> 19.625
B13: Janeiro | C13: Semana 2 | D13: =IF(((DATE(IF($C$4="Todos",2026,$C$4),1,1)+MOD(8-WEEKDAY(DATE(IF($C$4="Todos",2026,$C$4),1,1),2),7))+(2-1)*7)>EOMONTH(DATE(IF($C$4="Todos",2026,$C$4),1,1),0),"",TEXT(((DATE(IF($C$4="Todos",2026,$C$4),1,1)+MOD(8-WEEKDAY(DATE(IF($C$4="Todos",2026,$C$4),1,1),2),7))+(2-1)*7),"dd/mm")&" - "&TEXT(MIN((((DATE(IF($C$4="Todos",2026,$C$4),1,1)+MOD(8-WEEKDAY(DATE(IF($C$4="Todos",2026,$C$4),1,1),2),7))+(2-1)*7)+6),EOMONTH(DATE(IF($C$4="Todos",2026,$C$4),1,1),0)),"dd/mm")) -> 12/01 - 18/01 | E13: {=(($E$4="Todos")+($E$4="Janeiro")>0)*SUMPRODUCT(('GESTAO OPERACAO'!$AA$2:$AA$632="SEMANA 02 / JAN / "&IF($C$4="Todos","",$C$4))*('GESTAO OPERACAO'!$U$2:$U$632>0)*(($C$4="Todos")+(YEAR('GESTAO OPERACAO'!$U$2:$U$632)=$C$4)>0))} -> 15 | F13: {=(($E$4="Todos")+($E$4="Janeiro")>0)*SUMPRODUCT(('GESTAO OPERACAO'!$AA$2:$AA$632="SEMANA 02 / JAN / "&IF($C$4="Todos","",$C$4))*('GESTAO OPERACAO'!$U$2:$U$632>0)*(($C$4="Todos")+(YEAR('GESTAO OPERACAO'!$U$2:$U$632)=$C$4)>0)*IFERROR('GESTAO OPERACAO'!$P$2:$P$632*1,0))} -> 256887.04 | G13: {=(($E$4="Todos")+($E$4="Janeiro")>0)*SUMPRODUCT(('GESTAO OPERACAO'!$AA$2:$AA$632="SEMANA 02 / JAN / "&IF($C$4="Todos","",$C$4))*IFERROR('GESTAO OPERACAO'!$AC$2:$AC$632*1,0)*(($C$4="Todos")+(IFERROR(YEAR('GESTAO OPERACAO'!$AB$2:$AB$632),0)=$C$4)+(IFERROR(YEAR('GESTAO OPERACAO'!$AB$2:$AB$632),0)=0)>0))} -> 259422.62 | H13: {=IFERROR((($E$4="Todos")+($E$4="Janeiro")>0)*SUMPRODUCT(('GESTAO OPERACAO'!$AA$2:$AA$632="SEMANA 02 / JAN / "&IF($C$4="Todos","",$C$4))*('GESTAO OPERACAO'!$U$2:$U$632>0)*(($C$4="Todos")+(YEAR('GESTAO OPERACAO'!$U$2:$U$632)=$C$4)>0)*IFERROR('GESTAO OPERACAO'!$X$2:$X$632*1,0))/SUMPRODUCT(('GESTAO OPERACAO'!$AA$2:$AA$632="SEMANA 02 / JAN / "&IF($C$4="Todos","",$C$4))*('GESTAO OPERACAO'!$U$2:$U$632>0)*(($C$4="Todos")+(YEAR('GESTAO OPERACAO'!$U$2:$U$632)=$C$4)>0)*ISNUMBER('GESTAO OPERACAO'!$X$2:$X$632)*1),0)} -> 17.6
B14: Janeiro | C14: Semana 3 | D14: =IF(((DATE(IF($C$4="Todos",2026,$C$4),1,1)+MOD(8-WEEKDAY(DATE(IF($C$4="Todos",2026,$C$4),1,1),2),7))+(3-1)*7)>EOMONTH(DATE(IF($C$4="Todos",2026,$C$4),1,1),0),"",TEXT(((DATE(IF($C$4="Todos",2026,$C$4),1,1)+MOD(8-WEEKDAY(DATE(IF($C$4="Todos",2026,$C$4),1,1),2),7))+(3-1)*7),"dd/mm")&" - "&TEXT(MIN((((DATE(IF($C$4="Todos",2026,$C$4),1,1)+MOD(8-WEEKDAY(DATE(IF($C$4="Todos",2026,$C$4),1,1),2),7))+(3-1)*7)+6),EOMONTH(DATE(IF($C$4="Todos",2026,$C$4),1,1),0)),"dd/mm")) -> 19/01 - 25/01 | E14: {=(($E$4="Todos")+($E$4="Janeiro")>0)*SUMPRODUCT(('GESTAO OPERACAO'!$AA$2:$AA$632="SEMANA 03 / JAN / "&IF($C$4="Todos","",$C$4))*('GESTAO OPERACAO'!$U$2:$U$632>0)*(($C$4="Todos")+(YEAR('GESTAO OPERACAO'!$U$2:$U$632)=$C$4)>0))} -> 11 | F14: {=(($E$4="Todos")+($E$4="Janeiro")>0)*SUMPRODUCT(('GESTAO OPERACAO'!$AA$2:$AA$632="SEMANA 03 / JAN / "&IF($C$4="Todos","",$C$4))*('GESTAO OPERACAO'!$U$2:$U$632>0)*(($C$4="Todos")+(YEAR('GESTAO OPERACAO'!$U$2:$U$632)=$C$4)>0)*IFERROR('GESTAO OPERACAO'!$P$2:$P$632*1,0))} -> 353433.19 | G14: {=(($E$4="Todos")+($E$4="Janeiro")>0)*SUMPRODUCT(('GESTAO OPERACAO'!$AA$2:$AA$632="SEMANA 03 / JAN / "&IF($C$4="Todos","",$C$4))*IFERROR('GESTAO OPERACAO'!$AC$2:$AC$632*1,0)*(($C$4="Todos")+(IFERROR(YEAR('GESTAO OPERACAO'!$AB$2:$AB$632),0)=$C$4)+(IFERROR(YEAR('GESTAO OPERACAO'!$AB$2:$AB$632),0)=0)>0))} -> 353480.91 | H14: {=IFERROR((($E$4="Todos")+($E$4="Janeiro")>0)*SUMPRODUCT(('GESTAO OPERACAO'!$AA$2:$AA$632="SEMANA 03 / JAN / "&IF($C$4="Todos","",$C$4))*('GESTAO OPERACAO'!$U$2:$U$632>0)*(($C$4="Todos")+(YEAR('GESTAO OPERACAO'!$U$2:$U$632)=$C$4)>0)*IFERROR('GESTAO OPERACAO'!$X$2:$X$632*1,0))/SUMPRODUCT(('GESTAO OPERACAO'!$AA$2:$AA$632="SEMANA 03 / JAN / "&IF($C$4="Todos","",$C$4))*('GESTAO OPERACAO'!$U$2:$U$632>0)*(($C$4="Todos")+(YEAR('GESTAO OPERACAO'!$U$2:$U$632)=$C$4)>0)*ISNUMBER('GESTAO OPERACAO'!$X$2:$X$632)*1),0)} -> 22.272727
B15: Janeiro | C15: Semana 4 | D15: =IF(((DATE(IF($C$4="Todos",2026,$C$4),1,1)+MOD(8-WEEKDAY(DATE(IF($C$4="Todos",2026,$C$4),1,1),2),7))+(4-1)*7)>EOMONTH(DATE(IF($C$4="Todos",2026,$C$4),1,1),0),"",TEXT(((DATE(IF($C$4="Todos",2026,$C$4),1,1)+MOD(8-WEEKDAY(DATE(IF($C$4="Todos",2026,$C$4),1,1),2),7))+(4-1)*7),"dd/mm")&" - "&TEXT(MIN((((DATE(IF($C$4="Todos",2026,$C$4),1,1)+MOD(8-WEEKDAY(DATE(IF($C$4="Todos",2026,$C$4),1,1),2),7))+(4-1)*7)+6),EOMONTH(DATE(IF($C$4="Todos",2026,$C$4),1,1),0)),"dd/mm")) -> 26/01 - 31/01 | E15: {=(($E$4="Todos")+($E$4="Janeiro")>0)*SUMPRODUCT(('GESTAO OPERACAO'!$AA$2:$AA$632="SEMANA 04 / JAN / "&IF($C$4="Todos","",$C$4))*('GESTAO OPERACAO'!$U$2:$U$632>0)*(($C$4="Todos")+(YEAR('GESTAO OPERACAO'!$U$2:$U$632)=$C$4)>0))} -> 5 | F15: {=(($E$4="Todos")+($E$4="Janeiro")>0)*SUMPRODUCT(('GESTAO OPERACAO'!$AA$2:$AA$632="SEMANA 04 / JAN / "&IF($C$4="Todos","",$C$4))*('GESTAO OPERACAO'!$U$2:$U$632>0)*(($C$4="Todos")+(YEAR('GESTAO OPERACAO'!$U$2:$U$632)=$C$4)>0)*IFERROR('GESTAO OPERACAO'!$P$2:$P$632*1,0))} -> 750494.52 | G15: {=(($E$4="Todos")+($E$4="Janeiro")>0)*SUMPRODUCT(('GESTAO OPERACAO'!$AA$2:$AA$632="SEMANA 04 / JAN / "&IF($C$4="Todos","",$C$4))*IFERROR('GESTAO OPERACAO'!$AC$2:$AC$632*1,0)*(($C$4="Todos")+(IFERROR(YEAR('GESTAO OPERACAO'!$AB$2:$AB$632),0)=$C$4)+(IFERROR(YEAR('GESTAO OPERACAO'!$AB$2:$AB$632),0)=0)>0))} -> 750555.88 | H15: {=IFERROR((($E$4="Todos")+($E$4="Janeiro")>0)*SUMPRODUCT(('GESTAO OPERACAO'!$AA$2:$AA$632="SEMANA 04 / JAN / "&IF($C$4="Todos","",$C$4))*('GESTAO OPERACAO'!$U$2:$U$632>0)*(($C$4="Todos")+(YEAR('GESTAO OPERACAO'!$U$2:$U$632)=$C$4)>0)*IFERROR('GESTAO OPERACAO'!$X$2:$X$632*1,0))/SUMPRODUCT(('GESTAO OPERACAO'!$AA$2:$AA$632="SEMANA 04 / JAN / "&IF($C$4="Todos","",$C$4))*('GESTAO OPERACAO'!$U$2:$U$632>0)*(($C$4="Todos")+(YEAR('GESTAO OPERACAO'!$U$2:$U$632)=$C$4)>0)*ISNUMBER('GESTAO OPERACAO'!$X$2:$X$632)*1),0)} -> 86.6
B16: Janeiro | C16: Semana 5 | D16: =IF(((DATE(IF($C$4="Todos",2026,$C$4),1,1)+MOD(8-WEEKDAY(DATE(IF($C$4="Todos",2026,$C$4),1,1),2),7))+(5-1)*7)>EOMONTH(DATE(IF($C$4="Todos",2026,$C$4),1,1),0),"",TEXT(((DATE(IF($C$4="Todos",2026,$C$4),1,1)+MOD(8-WEEKDAY(DATE(IF($C$4="Todos",2026,$C$4),1,1),2),7))+(5-1)*7),"dd/mm")&" - "&TEXT(MIN((((DATE(IF($C$4="Todos",2026,$C$4),1,1)+MOD(8-WEEKDAY(DATE(IF($C$4="Todos",2026,$C$4),1,1),2),7))+(5-1)*7)+6),EOMONTH(DATE(IF($C$4="Todos",2026,$C$4),1,1),0)),"dd/mm")) | E16: {=(($E$4="Todos")+($E$4="Janeiro")>0)*SUMPRODUCT(('GESTAO OPERACAO'!$AA$2:$AA$632="SEMANA 05 / JAN / "&IF($C$4="Todos","",$C$4))*('GESTAO OPERACAO'!$U$2:$U$632>0)*(($C$4="Todos")+(YEAR('GESTAO OPERACAO'!$U$2:$U$632)=$C$4)>0))} -> 0 | F16: {=(($E$4="Todos")+($E$4="Janeiro")>0)*SUMPRODUCT(('GESTAO OPERACAO'!$AA$2:$AA$632="SEMANA 05 / JAN / "&IF($C$4="Todos","",$C$4))*('GESTAO OPERACAO'!$U$2:$U$632>0)*(($C$4="Todos")+(YEAR('GESTAO OPERACAO'!$U$2:$U$632)=$C$4)>0)*IFERROR('GESTAO OPERACAO'!$P$2:$P$632*1,0))} -> 0 | G16: {=(($E$4="Todos")+($E$4="Janeiro")>0)*SUMPRODUCT(('GESTAO OPERACAO'!$AA$2:$AA$632="SEMANA 05 / JAN / "&IF($C$4="Todos","",$C$4))*IFERROR('GESTAO OPERACAO'!$AC$2:$AC$632*1,0)*(($C$4="Todos")+(IFERROR(YEAR('GESTAO OPERACAO'!$AB$2:$AB$632),0)=$C$4)+(IFERROR(YEAR('GESTAO OPERACAO'!$AB$2:$AB$632),0)=0)>0))} -> 0 | H16: {=IFERROR((($E$4="Todos")+($E$4="Janeiro")>0)*SUMPRODUCT(('GESTAO OPERACAO'!$AA$2:$AA$632="SEMANA 05 / JAN / "&IF($C$4="Todos","",$C$4))*('GESTAO OPERACAO'!$U$2:$U$632>0)*(($C$4="Todos")+(YEAR('GESTAO OPERACAO'!$U$2:$U$632)=$C$4)>0)*IFERROR('GESTAO OPERACAO'!$X$2:$X$632*1,0))/SUMPRODUCT(('GESTAO OPERACAO'!$AA$2:$AA$632="SEMANA 05 / JAN / "&IF($C$4="Todos","",$C$4))*('GESTAO OPERACAO'!$U$2:$U$632>0)*(($C$4="Todos")+(YEAR('GESTAO OPERACAO'!$U$2:$U$632)=$C$4)>0)*ISNUMBER('GESTAO OPERACAO'!$X$2:$X$632)*1),0)} -> 0
B17: Total Janeiro | E17: =SUM(E12:E16) -> 39 | F17: =SUM(F12:F16) -> 1408404.8 | G17: =SUM(G12:G16) -> 1411049.5 | H17: =IFERROR(SUMPRODUCT(E12:E16,H12:H16)/SUM(E12:E16),0) -> 28.179487
B18: Fevereiro | C18: Semana 1 | D18: =IF(((DATE(IF($C$4="Todos",2026,$C$4),2,1)+MOD(8-WEEKDAY(DATE(IF($C$4="Todos",2026,$C$4),2,1),2),7))+(1-1)*7)>EOMONTH(DATE(IF($C$4="Todos",2026,$C$4),2,1),0),"",TEXT(((DATE(IF($C$4="Todos",2026,$C$4),2,1)+MOD(8-WEEKDAY(DATE(IF($C$4="Todos",2026,$C$4),2,1),2),7))+(1-1)*7),"dd/mm")&" - "&TEXT(MIN((((DATE(IF($C$4="Todos",2026,$C$4),2,1)+MOD(8-WEEKDAY(DATE(IF($C$4="Todos",2026,$C$4),2,1),2),7))+(1-1)*7)+6),EOMONTH(DATE(IF($C$4="Todos",2026,$C$4),2,1),0)),"dd/mm")) -> 02/02 - 08/02 | E18: {=(($E$4="Todos")+($E$4="Fevereiro")>0)*SUMPRODUCT(('GESTAO OPERACAO'!$AA$2:$AA$632="SEMANA 01 / FEV / "&IF($C$4="Todos","",$C$4))*('GESTAO OPERACAO'!$U$2:$U$632>0)*(($C$4="Todos")+(YEAR('GESTAO OPERACAO'!$U$2:$U$632)=$C$4)>0))} -> 16 | F18: {=(($E$4="Todos")+($E$4="Fevereiro")>0)*SUMPRODUCT(('GESTAO OPERACAO'!$AA$2:$AA$632="SEMANA 01 / FEV / "&IF($C$4="Todos","",$C$4))*('GESTAO OPERACAO'!$U$2:$U$632>0)*(($C$4="Todos")+(YEAR('GESTAO OPERACAO'!$U$2:$U$632)=$C$4)>0)*IFERROR('GESTAO OPERACAO'!$P$2:$P$632*1,0))} -> 179828.66 | G18: {=(($E$4="Todos")+($E$4="Fevereiro")>0)*SUMPRODUCT(('GESTAO OPERACAO'!$AA$2:$AA$632="SEMANA 01 / FEV / "&IF($C$4="Todos","",$C$4))*IFERROR('GESTAO OPERACAO'!$AC$2:$AC$632*1,0)*(($C$4="Todos")+(IFERROR(YEAR('GESTAO OPERACAO'!$AB$2:$AB$632),0)=$C$4)+(IFERROR(YEAR('GESTAO OPERACAO'!$AB$2:$AB$632),0)=0)>0))} -> 184711 | H18: {=IFERROR((($E$4="Todos")+($E$4="Fevereiro")>0)*SUMPRODUCT(('GESTAO OPERACAO'!$AA$2:$AA$632="SEMANA 01 / FEV / "&IF($C$4="Todos","",$C$4))*('GESTAO OPERACAO'!$U$2:$U$632>0)*(($C$4="Todos")+(YEAR('GESTAO OPERACAO'!$U$2:$U$632)=$C$4)>0)*IFERROR('GESTAO OPERACAO'!$X$2:$X$632*1,0))/SUMPRODUCT(('GESTAO OPERACAO'!$AA$2:$AA$632="SEMANA 01 / FEV / "&IF($C$4="Todos","",$C$4))*('GESTAO OPERACAO'!$U$2:$U$632>0)*(($C$4="Todos")+(YEAR('GESTAO OPERACAO'!$U$2:$U$632)=$C$4)>0)*ISNUMBER('GESTAO OPERACAO'!$X$2:$X$632)*1),0)} -> 12.875
B19: Fevereiro | C19: Semana 2 | D19: =IF(((DATE(IF($C$4="Todos",2026,$C$4),2,1)+MOD(8-WEEKDAY(DATE(IF($C$4="Todos",2026,$C$4),2,1),2),7))+(2-1)*7)>EOMONTH(DATE(IF($C$4="Todos",2026,$C$4),2,1),0),"",TEXT(((DATE(IF($C$4="Todos",2026,$C$4),2,1)+MOD(8-WEEKDAY(DATE(IF($C$4="Todos",2026,$C$4),2,1),2),7))+(2-1)*7),"dd/mm")&" - "&TEXT(MIN((((DATE(IF($C$4="Todos",2026,$C$4),2,1)+MOD(8-WEEKDAY(DATE(IF($C$4="Todos",2026,$C$4),2,1),2),7))+(2-1)*7)+6),EOMONTH(DATE(IF($C$4="Todos",2026,$C$4),2,1),0)),"dd/mm")) -> 09/02 - 15/02 | E19: {=(($E$4="Todos")+($E$4="Fevereiro")>0)*SUMPRODUCT(('GESTAO OPERACAO'!$AA$2:$AA$632="SEMANA 02 / FEV / "&IF($C$4="Todos","",$C$4))*('GESTAO OPERACAO'!$U$2:$U$632>0)*(($C$4="Todos")+(YEAR('GESTAO OPERACAO'!$U$2:$U$632)=$C$4)>0))} -> 12 | F19: {=(($E$4="Todos")+($E$4="Fevereiro")>0)*SUMPRODUCT(('GESTAO OPERACAO'!$AA$2:$AA$632="SEMANA 02 / FEV / "&IF($C$4="Todos","",$C$4))*('GESTAO OPERACAO'!$U$2:$U$632>0)*(($C$4="Todos")+(YEAR('GESTAO OPERACAO'!$U$2:$U$632)=$C$4)>0)*IFERROR('GESTAO OPERACAO'!$P$2:$P$632*1,0))} -> 59329.41 | G19: {=(($E$4="Todos")+($E$4="Fevereiro")>0)*SUMPRODUCT(('GESTAO OPERACAO'!$AA$2:$AA$632="SEMANA 02 / FEV / "&IF($C$4="Todos","",$C$4))*IFERROR('GESTAO OPERACAO'!$AC$2:$AC$632*1,0)*(($C$4="Todos")+(IFERROR(YEAR('GESTAO OPERACAO'!$AB$2:$AB$632),0)=$C$4)+(IFERROR(YEAR('GESTAO OPERACAO'!$AB$2:$AB$632),0)=0)>0))} -> 59329.41 | H19: {=IFERROR((($E$4="Todos")+($E$4="Fevereiro")>0)*SUMPRODUCT(('GESTAO OPERACAO'!$AA$2:$AA$632="SEMANA 02 / FEV / "&IF($C$4="Todos","",$C$4))*('GESTAO OPERACAO'!$U$2:$U$632>0)*(($C$4="Todos")+(YEAR('GESTAO OPERACAO'!$U$2:$U$632)=$C$4)>0)*IFERROR('GESTAO OPERACAO'!$X$2:$X$632*1,0))/SUMPRODUCT(('GESTAO OPERACAO'!$AA$2:$AA$632="SEMANA 02 / FEV / "&IF($C$4="Todos","",$C$4))*('GESTAO OPERACAO'!$U$2:$U$632>0)*(($C$4="Todos")+(YEAR('GESTAO OPERACAO'!$U$2:$U$632)=$C$4)>0)*ISNUMBER('GESTAO OPERACAO'!$X$2:$X$632)*1),0)} -> 12.083333
B20: Fevereiro | C20: Semana 3 | D20: =IF(((DATE(IF($C$4="Todos",2026,$C$4),2,1)+MOD(8-WEEKDAY(DATE(IF($C$4="Todos",2026,$C$4),2,1),2),7))+(3-1)*7)>EOMONTH(DATE(IF($C$4="Todos",2026,$C$4),2,1),0),"",TEXT(((DATE(IF($C$4="Todos",2026,$C$4),2,1)+MOD(8-WEEKDAY(DATE(IF($C$4="Todos",2026,$C$4),2,1),2),7))+(3-1)*7),"dd/mm")&" - "&TEXT(MIN((((DATE(IF($C$4="Todos",2026,$C$4),2,1)+MOD(8-WEEKDAY(DATE(IF($C$4="Todos",2026,$C$4),2,1),2),7))+(3-1)*7)+6),EOMONTH(DATE(IF($C$4="Todos",2026,$C$4),2,1),0)),"dd/mm")) -> 16/02 - 22/02 | E20: {=(($E$4="Todos")+($E$4="Fevereiro")>0)*SUMPRODUCT(('GESTAO OPERACAO'!$AA$2:$AA$632="SEMANA 03 / FEV / "&IF($C$4="Todos","",$C$4))*('GESTAO OPERACAO'!$U$2:$U$632>0)*(($C$4="Todos")+(YEAR('GESTAO OPERACAO'!$U$2:$U$632)=$C$4)>0))} -> 7 | F20: {=(($E$4="Todos")+($E$4="Fevereiro")>0)*SUMPRODUCT(('GESTAO OPERACAO'!$AA$2:$AA$632="SEMANA 03 / FEV / "&IF($C$4="Todos","",$C$4))*('GESTAO OPERACAO'!$U$2:$U$632>0)*(($C$4="Todos")+(YEAR('GESTAO OPERACAO'!$U$2:$U$632)=$C$4)>0)*IFERROR('GESTAO OPERACAO'!$P$2:$P$632*1,0))} -> 165898.68 | G20: {=(($E$4="Todos")+($E$4="Fevereiro")>0)*SUMPRODUCT(('GESTAO OPERACAO'!$AA$2:$AA$632="SEMANA 03 / FEV / "&IF($C$4="Todos","",$C$4))*IFERROR('GESTAO OPERACAO'!$AC$2:$AC$632*1,0)*(($C$4="Todos")+(IFERROR(YEAR('GESTAO OPERACAO'!$AB$2:$AB$632),0)=$C$4)+(IFERROR(YEAR('GESTAO OPERACAO'!$AB$2:$AB$632),0)=0)>0))} -> 165898.68 | H20: {=IFERROR((($E$4="Todos")+($E$4="Fevereiro")>0)*SUMPRODUCT(('GESTAO OPERACAO'!$AA$2:$AA$632="SEMANA 03 / FEV / "&IF($C$4="Todos","",$C$4))*('GESTAO OPERACAO'!$U$2:$U$632>0)*(($C$4="Todos")+(YEAR('GESTAO OPERACAO'!$U$2:$U$632)=$C$4)>0)*IFERROR('GESTAO OPERACAO'!$X$2:$X$632*1,0))/SUMPRODUCT(('GESTAO OPERACAO'!$AA$2:$AA$632="SEMANA 03 / FEV / "&IF($C$4="Todos","",$C$4))*('GESTAO OPERACAO'!$U$2:$U$632>0)*(($C$4="Todos")+(YEAR('GESTAO OPERACAO'!$U$2:$U$632)=$C$4)>0)*ISNUMBER('GESTAO OPERACAO'!$X$2:$X$632)*1),0)} -> 20.857143
B21: Fevereiro | C21: Semana 4 | D21: =IF(((DATE(IF($C$4="Todos",2026,$C$4),2,1)+MOD(8-WEEKDAY(DATE(IF($C$4="Todos",2026,$C$4),2,1),2),7))+(4-1)*7)>EOMONTH(DATE(IF($C$4="Todos",2026,$C$4),2,1),0),"",TEXT(((DATE(IF($C$4="Todos",2026,$C$4),2,1)+MOD(8-WEEKDAY(DATE(IF($C$4="Todos",2026,$C$4),2,1),2),7))+(4-1)*7),"dd/mm")&" - "&TEXT(MIN((((DATE(IF($C$4="Todos",2026,$C$4),2,1)+MOD(8-WEEKDAY(DATE(IF($C$4="Todos",2026,$C$4),2,1),2),7))+(4-1)*7)+6),EOMONTH(DATE(IF($C$4="Todos",2026,$C$4),2,1),0)),"dd/mm")) -> 23/02 - 28/02 | E21: {=(($E$4="Todos")+($E$4="Fevereiro")>0)*SUMPRODUCT(('GESTAO OPERACAO'!$AA$2:$AA$632="SEMANA 04 / FEV / "&IF($C$4="Todos","",$C$4))*('GESTAO OPERACAO'!$U$2:$U$632>0)*(($C$4="Todos")+(YEAR('GESTAO OPERACAO'!$U$2:$U$632)=$C$4)>0))} -> 16 | F21: {=(($E$4="Todos")+($E$4="Fevereiro")>0)*SUMPRODUCT(('GESTAO OPERACAO'!$AA$2:$AA$632="SEMANA 04 / FEV / "&IF($C$4="Todos","",$C$4))*('GESTAO OPERACAO'!$U$2:$U$632>0)*(($C$4="Todos")+(YEAR('GESTAO OPERACAO'!$U$2:$U$632)=$C$4)>0)*IFERROR('GESTAO OPERACAO'!$P$2:$P$632*1,0))} -> 446553.85 | G21: {=(($E$4="Todos")+($E$4="Fevereiro")>0)*SUMPRODUCT(('GESTAO OPERACAO'!$AA$2:$AA$632="SEMANA 04 / FEV / "&IF($C$4="Todos","",$C$4))*IFERROR('GESTAO OPERACAO'!$AC$2:$AC$632*1,0)*(($C$4="Todos")+(IFERROR(YEAR('GESTAO OPERACAO'!$AB$2:$AB$632),0)=$C$4)+(IFERROR(YEAR('GESTAO OPERACAO'!$AB$2:$AB$632),0)=0)>0))} -> 450145.1 | H21: {=IFERROR((($E$4="Todos")+($E$4="Fevereiro")>0)*SUMPRODUCT(('GESTAO OPERACAO'!$AA$2:$AA$632="SEMANA 04 / FEV / "&IF($C$4="Todos","",$C$4))*('GESTAO OPERACAO'!$U$2:$U$632>0)*(($C$4="Todos")+(YEAR('GESTAO OPERACAO'!$U$2:$U$632)=$C$4)>0)*IFERROR('GESTAO OPERACAO'!$X$2:$X$632*1,0))/SUMPRODUCT(('GESTAO OPERACAO'!$AA$2:$AA$632="SEMANA 04 / FEV / "&IF($C$4="Todos","",$C$4))*('GESTAO OPERACAO'!$U$2:$U$632>0)*(($C$4="Todos")+(YEAR('GESTAO OPERACAO'!$U$2:$U$632)=$C$4)>0)*ISNUMBER('GESTAO OPERACAO'!$X$2:$X$632)*1),0)} -> 24.875
B22: Fevereiro | C22: Semana 5 | D22: =IF(((DATE(IF($C$4="Todos",2026,$C$4),2,1)+MOD(8-WEEKDAY(DATE(IF($C$4="Todos",2026,$C$4),2,1),2),7))+(5-1)*7)>EOMONTH(DATE(IF($C$4="Todos",2026,$C$4),2,1),0),"",TEXT(((DATE(IF($C$4="Todos",2026,$C$4),2,1)+MOD(8-WEEKDAY(DATE(IF($C$4="Todos",2026,$C$4),2,1),2),7))+(5-1)*7),"dd/mm")&" - "&TEXT(MIN((((DATE(IF($C$4="Todos",2026,$C$4),2,1)+MOD(8-WEEKDAY(DATE(IF($C$4="Todos",2026,$C$4),2,1),2),7))+(5-1)*7)+6),EOMONTH(DATE(IF($C$4="Todos",2026,$C$4),2,1),0)),"dd/mm")) | E22: {=(($E$4="Todos")+($E$4="Fevereiro")>0)*SUMPRODUCT(('GESTAO OPERACAO'!$AA$2:$AA$632="SEMANA 05 / FEV / "&IF($C$4="Todos","",$C$4))*('GESTAO OPERACAO'!$U$2:$U$632>0)*(($C$4="Todos")+(YEAR('GESTAO OPERACAO'!$U$2:$U$632)=$C$4)>0))} -> 0 | F22: {=(($E$4="Todos")+($E$4="Fevereiro")>0)*SUMPRODUCT(('GESTAO OPERACAO'!$AA$2:$AA$632="SEMANA 05 / FEV / "&IF($C$4="Todos","",$C$4))*('GESTAO OPERACAO'!$U$2:$U$632>0)*(($C$4="Todos")+(YEAR('GESTAO OPERACAO'!$U$2:$U$632)=$C$4)>0)*IFERROR('GESTAO OPERACAO'!$P$2:$P$632*1,0))} -> 0 | G22: {=(($E$4="Todos")+($E$4="Fevereiro")>0)*SUMPRODUCT(('GESTAO OPERACAO'!$AA$2:$AA$632="SEMANA 05 / FEV / "&IF($C$4="Todos","",$C$4))*IFERROR('GESTAO OPERACAO'!$AC$2:$AC$632*1,0)*(($C$4="Todos")+(IFERROR(YEAR('GESTAO OPERACAO'!$AB$2:$AB$632),0)=$C$4)+(IFERROR(YEAR('GESTAO OPERACAO'!$AB$2:$AB$632),0)=0)>0))} -> 0 | H22: {=IFERROR((($E$4="Todos")+($E$4="Fevereiro")>0)*SUMPRODUCT(('GESTAO OPERACAO'!$AA$2:$AA$632="SEMANA 05 / FEV / "&IF($C$4="Todos","",$C$4))*('GESTAO OPERACAO'!$U$2:$U$632>0)*(($C$4="Todos")+(YEAR('GESTAO OPERACAO'!$U$2:$U$632)=$C$4)>0)*IFERROR('GESTAO OPERACAO'!$X$2:$X$632*1,0))/SUMPRODUCT(('GESTAO OPERACAO'!$AA$2:$AA$632="SEMANA 05 / FEV / "&IF($C$4="Todos","",$C$4))*('GESTAO OPERACAO'!$U$2:$U$632>0)*(($C$4="Todos")+(YEAR('GESTAO OPERACAO'!$U$2:$U$632)=$C$4)>0)*ISNUMBER('GESTAO OPERACAO'!$X$2:$X$632)*1),0)} -> 0
B23: Total Fevereiro | E23: =SUM(E18:E22) -> 51 | F23: =SUM(F18:F22) -> 851610.6 | G23: =SUM(G18:G22) -> 860084.19 | H23: =IFERROR(SUMPRODUCT(E18:E22,H18:H22)/SUM(E18:E22),0) -> 17.54902
B24: Março | C24: Semana 1 | D24: =IF(((DATE(IF($C$4="Todos",2026,$C$4),3,1)+MOD(8-WEEKDAY(DATE(IF($C$4="Todos",2026,$C$4),3,1),2),7))+(1-1)*7)>EOMONTH(DATE(IF($C$4="Todos",2026,$C$4),3,1),0),"",TEXT(((DATE(IF($C$4="Todos",2026,$C$4),3,1)+MOD(8-WEEKDAY(DATE(IF($C$4="Todos",2026,$C$4),3,1),2),7))+(1-1)*7),"dd/mm")&" - "&TEXT(MIN((((DATE(IF($C$4="Todos",2026,$C$4),3,1)+MOD(8-WEEKDAY(DATE(IF($C$4="Todos",2026,$C$4),3,1),2),7))+(1-1)*7)+6),EOMONTH(DATE(IF($C$4="Todos",2026,$C$4),3,1),0)),"dd/mm")) -> 02/03 - 08/03 | E24: {=(($E$4="Todos")+($E$4="Março")>0)*SUMPRODUCT(('GESTAO OPERACAO'!$AA$2:$AA$632="SEMANA 01 / MAR / "&IF($C$4="Todos","",$C$4))*('GESTAO OPERACAO'!$U$2:$U$632>0)*(($C$4="Todos")+(YEAR('GESTAO OPERACAO'!$U$2:$U$632)=$C$4)>0))} -> 9 | F24: {=(($E$4="Todos")+($E$4="Março")>0)*SUMPRODUCT(('GESTAO OPERACAO'!$AA$2:$AA$632="SEMANA 01 / MAR / "&IF($C$4="Todos","",$C$4))*('GESTAO OPERACAO'!$U$2:$U$632>0)*(($C$4="Todos")+(YEAR('GESTAO OPERACAO'!$U$2:$U$632)=$C$4)>0)*IFERROR('GESTAO OPERACAO'!$P$2:$P$632*1,0))} -> 41183.62 | G24: {=(($E$4="Todos")+($E$4="Março")>0)*SUMPRODUCT(('GESTAO OPERACAO'!$AA$2:$AA$632="SEMANA 01 / MAR / "&IF($C$4="Todos","",$C$4))*IFERROR('GESTAO OPERACAO'!$AC$2:$AC$632*1,0)*(($C$4="Todos")+(IFERROR(YEAR('GESTAO OPERACAO'!$AB$2:$AB$632),0)=$C$4)+(IFERROR(YEAR('GESTAO OPERACAO'!$AB$2:$AB$632),0)=0)>0))} -> 44127.92 | H24: {=IFERROR((($E$4="Todos")+($E$4="Março")>0)*SUMPRODUCT(('GESTAO OPERACAO'!$AA$2:$AA$632="SEMANA 01 / MAR / "&IF($C$4="Todos","",$C$4))*('GESTAO OPERACAO'!$U$2:$U$632>0)*(($C$4="Todos")+(YEAR('GESTAO OPERACAO'!$U$2:$U$632)=$C$4)>0)*IFERROR('GESTAO OPERACAO'!$X$2:$X$632*1,0))/SUMPRODUCT(('GESTAO OPERACAO'!$AA$2:$AA$632="SEMANA 01 / MAR / "&IF($C$4="Todos","",$C$4))*('GESTAO OPERACAO'!$U$2:$U$632>0)*(($C$4="Todos")+(YEAR('GESTAO OPERACAO'!$U$2:$U$632)=$C$4)>0)*ISNUMBER('GESTAO OPERACAO'!$X$2:$X$632)*1),0)} -> 11.333333
B25: Março | C25: Semana 2 | D25: =IF(((DATE(IF($C$4="Todos",2026,$C$4),3,1)+MOD(8-WEEKDAY(DATE(IF($C$4="Todos",2026,$C$4),3,1),2),7))+(2-1)*7)>EOMONTH(DATE(IF($C$4="Todos",2026,$C$4),3,1),0),"",TEXT(((DATE(IF($C$4="Todos",2026,$C$4),3,1)+MOD(8-WEEKDAY(DATE(IF($C$4="Todos",2026,$C$4),3,1),2),7))+(2-1)*7),"dd/mm")&" - "&TEXT(MIN((((DATE(IF($C$4="Todos",2026,$C$4),3,1)+MOD(8-WEEKDAY(DATE(IF($C$4="Todos",2026,$C$4),3,1),2),7))+(2-1)*7)+6),EOMONTH(DATE(IF($C$4="Todos",2026,$C$4),3,1),0)),"dd/mm")) -> 09/03 - 15/03 | E25: {=(($E$4="Todos")+($E$4="Março")>0)*SUMPRODUCT(('GESTAO OPERACAO'!$AA$2:$AA$632="SEMANA 02 / MAR / "&IF($C$4="Todos","",$C$4))*('GESTAO OPERACAO'!$U$2:$U$632>0)*(($C$4="Todos")+(YEAR('GESTAO OPERACAO'!$U$2:$U$632)=$C$4)>0))} -> 10 | F25: {=(($E$4="Todos")+($E$4="Março")>0)*SUMPRODUCT(('GESTAO OPERACAO'!$AA$2:$AA$632="SEMANA 02 / MAR / "&IF($C$4="Todos","",$C$4))*('GESTAO OPERACAO'!$U$2:$U$632>0)*(($C$4="Todos")+(YEAR('GESTAO OPERACAO'!$U$2:$U$632)=$C$4)>0)*IFERROR('GESTAO OPERACAO'!$P$2:$P$632*1,0))} -> 171658.41 | G25: {=(($E$4="Todos")+($E$4="Março")>0)*SUMPRODUCT(('GESTAO OPERACAO'!$AA$2:$AA$632="SEMANA 02 / MAR / "&IF($C$4="Todos","",$C$4))*IFERROR('GESTAO OPERACAO'!$AC$2:$AC$632*1,0)*(($C$4="Todos")+(IFERROR(YEAR('GESTAO OPERACAO'!$AB$2:$AB$632),0)=$C$4)+(IFERROR(YEAR('GESTAO OPERACAO'!$AB$2:$AB$632),0)=0)>0))} -> 172465.73 | H25: {=IFERROR((($E$4="Todos")+($E$4="Março")>0)*SUMPRODUCT(('GESTAO OPERACAO'!$AA$2:$AA$632="SEMANA 02 / MAR / "&IF($C$4="Todos","",$C$4))*('GESTAO OPERACAO'!$U$2:$U$632>0)*(($C$4="Todos")+(YEAR('GESTAO OPERACAO'!$U$2:$U$632)=$C$4)>0)*IFERROR('GESTAO OPERACAO'!$X$2:$X$632*1,0))/SUMPRODUCT(('GESTAO OPERACAO'!$AA$2:$AA$632="SEMANA 02 / MAR / "&IF($C$4="Todos","",$C$4))*('GESTAO OPERACAO'!$U$2:$U$632>0)*(($C$4="Todos")+(YEAR('GESTAO OPERACAO'!$U$2:$U$632)=$C$4)>0)*ISNUMBER('GESTAO OPERACAO'!$X$2:$X$632)*1),0)} -> 18.8
B26: Março | C26: Semana 3 | D26: =IF(((DATE(IF($C$4="Todos",2026,$C$4),3,1)+MOD(8-WEEKDAY(DATE(IF($C$4="Todos",2026,$C$4),3,1),2),7))+(3-1)*7)>EOMONTH(DATE(IF($C$4="Todos",2026,$C$4),3,1),0),"",TEXT(((DATE(IF($C$4="Todos",2026,$C$4),3,1)+MOD(8-WEEKDAY(DATE(IF($C$4="Todos",2026,$C$4),3,1),2),7))+(3-1)*7),"dd/mm")&" - "&TEXT(MIN((((DATE(IF($C$4="Todos",2026,$C$4),3,1)+MOD(8-WEEKDAY(DATE(IF($C$4="Todos",2026,$C$4),3,1),2),7))+(3-1)*7)+6),EOMONTH(DATE(IF($C$4="Todos",2026,$C$4),3,1),0)),"dd/mm")) -> 16/03 - 22/03 | E26: {=(($E$4="Todos")+($E$4="Março")>0)*SUMPRODUCT(('GESTAO OPERACAO'!$AA$2:$AA$632="SEMANA 03 / MAR / "&IF($C$4="Todos","",$C$4))*('GESTAO OPERACAO'!$U$2:$U$632>0)*(($C$4="Todos")+(YEAR('GESTAO OPERACAO'!$U$2:$U$632)=$C$4)>0))} -> 16 | F26: {=(($E$4="Todos")+($E$4="Março")>0)*SUMPRODUCT(('GESTAO OPERACAO'!$AA$2:$AA$632="SEMANA 03 / MAR / "&IF($C$4="Todos","",$C$4))*('GESTAO OPERACAO'!$U$2:$U$632>0)*(($C$4="Todos")+(YEAR('GESTAO OPERACAO'!$U$2:$U$632)=$C$4)>0)*IFERROR('GESTAO OPERACAO'!$P$2:$P$632*1,0))} -> 343212.48 | G26: {=(($E$4="Todos")+($E$4="Março")>0)*SUMPRODUCT(('GESTAO OPERACAO'!$AA$2:$AA$632="SEMANA 03 / MAR / "&IF($C$4="Todos","",$C$4))*IFERROR('GESTAO OPERACAO'!$AC$2:$AC$632*1,0)*(($C$4="Todos")+(IFERROR(YEAR('GESTAO OPERACAO'!$AB$2:$AB$632),0)=$C$4)+(IFERROR(YEAR('GESTAO OPERACAO'!$AB$2:$AB$632),0)=0)>0))} -> 330570.58 | H26: {=IFERROR((($E$4="Todos")+($E$4="Março")>0)*SUMPRODUCT(('GESTAO OPERACAO'!$AA$2:$AA$632="SEMANA 03 / MAR / "&IF($C$4="Todos","",$C$4))*('GESTAO OPERACAO'!$U$2:$U$632>0)*(($C$4="Todos")+(YEAR('GESTAO OPERACAO'!$U$2:$U$632)=$C$4)>0)*IFERROR('GESTAO OPERACAO'!$X$2:$X$632*1,0))/SUMPRODUCT(('GESTAO OPERACAO'!$AA$2:$AA$632="SEMANA 03 / MAR / "&IF($C$4="Todos","",$C$4))*('GESTAO OPERACAO'!$U$2:$U$632>0)*(($C$4="Todos")+(YEAR('GESTAO OPERACAO'!$U$2:$U$632)=$C$4)>0)*ISNUMBER('GESTAO OPERACAO'!$X$2:$X$632)*1),0)} -> 15.3125
B27: Março | C27: Semana 4 | D27: =IF(((DATE(IF($C$4="Todos",2026,$C$4),3,1)+MOD(8-WEEKDAY(DATE(IF($C$4="Todos",2026,$C$4),3,1),2),7))+(4-1)*7)>EOMONTH(DATE(IF($C$4="Todos",2026,$C$4),3,1),0),"",TEXT(((DATE(IF($C$4="Todos",2026,$C$4),3,1)+MOD(8-WEEKDAY(DATE(IF($C$4="Todos",2026,$C$4),3,1),2),7))+(4-1)*7),"dd/mm")&" - "&TEXT(MIN((((DATE(IF($C$4="Todos",2026,$C$4),3,1)+MOD(8-WEEKDAY(DATE(IF($C$4="Todos",2026,$C$4),3,1),2),7))+(4-1)*7)+6),EOMONTH(DATE(IF($C$4="Todos",2026,$C$4),3,1),0)),"dd/mm")) -> 23/03 - 29/03 | E27: {=(($E$4="Todos")+($E$4="Março")>0)*SUMPRODUCT(('GESTAO OPERACAO'!$AA$2:$AA$632="SEMANA 04 / MAR / "&IF($C$4="Todos","",$C$4))*('GESTAO OPERACAO'!$U$2:$U$632>0)*(($C$4="Todos")+(YEAR('GESTAO OPERACAO'!$U$2:$U$632)=$C$4)>0))} -> 14 | F27: {=(($E$4="Todos")+($E$4="Março")>0)*SUMPRODUCT(('GESTAO OPERACAO'!$AA$2:$AA$632="SEMANA 04 / MAR / "&IF($C$4="Todos","",$C$4))*('GESTAO OPERACAO'!$U$2:$U$632>0)*(($C$4="Todos")+(YEAR('GESTAO OPERACAO'!$U$2:$U$632)=$C$4)>0)*IFERROR('GESTAO OPERACAO'!$P$2:$P$632*1,0))} -> 1116164.9 | G27: {=(($E$4="Todos")+($E$4="Março")>0)*SUMPRODUCT(('GESTAO OPERACAO'!$AA$2:$AA$632="SEMANA 04 / MAR / "&IF($C$4="Todos","",$C$4))*IFERROR('GESTAO OPERACAO'!$AC$2:$AC$632*1,0)*(($C$4="Todos")+(IFERROR(YEAR('GESTAO OPERACAO'!$AB$2:$AB$632),0)=$C$4)+(IFERROR(YEAR('GESTAO OPERACAO'!$AB$2:$AB$632),0)=0)>0))} -> 1048626.2 | H27: {=IFERROR((($E$4="Todos")+($E$4="Março")>0)*SUMPRODUCT(('GESTAO OPERACAO'!$AA$2:$AA$632="SEMANA 04 / MAR / "&IF($C$4="Todos","",$C$4))*('GESTAO OPERACAO'!$U$2:$U$632>0)*(($C$4="Todos")+(YEAR('GESTAO OPERACAO'!$U$2:$U$632)=$C$4)>0)*IFERROR('GESTAO OPERACAO'!$X$2:$X$632*1,0))/SUMPRODUCT(('GESTAO OPERACAO'!$AA$2:$AA$632="SEMANA 04 / MAR / "&IF($C$4="Todos","",$C$4))*('GESTAO OPERACAO'!$U$2:$U$632>0)*(($C$4="Todos")+(YEAR('GESTAO OPERACAO'!$U$2:$U$632)=$C$4)>0)*ISNUMBER('GESTAO OPERACAO'!$X$2:$X$632)*1),0)} -> 18.428571
B28: Março | C28: Semana 5 | D28: =IF(((DATE(IF($C$4="Todos",2026,$C$4),3,1)+MOD(8-WEEKDAY(DATE(IF($C$4="Todos",2026,$C$4),3,1),2),7))+(5-1)*7)>EOMONTH(DATE(IF($C$4="Todos",2026,$C$4),3,1),0),"",TEXT(((DATE(IF($C$4="Todos",2026,$C$4),3,1)+MOD(8-WEEKDAY(DATE(IF($C$4="Todos",2026,$C$4),3,1),2),7))+(5-1)*7),"dd/mm")&" - "&TEXT(MIN((((DATE(IF($C$4="Todos",2026,$C$4),3,1)+MOD(8-WEEKDAY(DATE(IF($C$4="Todos",2026,$C$4),3,1),2),7))+(5-1)*7)+6),EOMONTH(DATE(IF($C$4="Todos",2026,$C$4),3,1),0)),"dd/mm")) -> 30/03 - 31/03 | E28: {=(($E$4="Todos")+($E$4="Março")>0)*SUMPRODUCT(('GESTAO OPERACAO'!$AA$2:$AA$632="SEMANA 05 / MAR / "&IF($C$4="Todos","",$C$4))*('GESTAO OPERACAO'!$U$2:$U$632>0)*(($C$4="Todos")+(YEAR('GESTAO OPERACAO'!$U$2:$U$632)=$C$4)>0))} -> 0 | F28: {=(($E$4="Todos")+($E$4="Março")>0)*SUMPRODUCT(('GESTAO OPERACAO'!$AA$2:$AA$632="SEMANA 05 / MAR / "&IF($C$4="Todos","",$C$4))*('GESTAO OPERACAO'!$U$2:$U$632>0)*(($C$4="Todos")+(YEAR('GESTAO OPERACAO'!$U$2:$U$632)=$C$4)>0)*IFERROR('GESTAO OPERACAO'!$P$2:$P$632*1,0))} -> 0 | G28: {=(($E$4="Todos")+($E$4="Março")>0)*SUMPRODUCT(('GESTAO OPERACAO'!$AA$2:$AA$632="SEMANA 05 / MAR / "&IF($C$4="Todos","",$C$4))*IFERROR('GESTAO OPERACAO'!$AC$2:$AC$632*1,0)*(($C$4="Todos")+(IFERROR(YEAR('GESTAO OPERACAO'!$AB$2:$AB$632),0)=$C$4)+(IFERROR(YEAR('GESTAO OPERACAO'!$AB$2:$AB$632),0)=0)>0))} -> 0 | H28: {=IFERROR((($E$4="Todos")+($E$4="Março")>0)*SUMPRODUCT(('GESTAO OPERACAO'!$AA$2:$AA$632="SEMANA 05 / MAR / "&IF($C$4="Todos","",$C$4))*('GESTAO OPERACAO'!$U$2:$U$632>0)*(($C$4="Todos")+(YEAR('GESTAO OPERACAO'!$U$2:$U$632)=$C$4)>0)*IFERROR('GESTAO OPERACAO'!$X$2:$X$632*1,0))/SUMPRODUCT(('GESTAO OPERACAO'!$AA$2:$AA$632="SEMANA 05 / MAR / "&IF($C$4="Todos","",$C$4))*('GESTAO OPERACAO'!$U$2:$U$632>0)*(($C$4="Todos")+(YEAR('GESTAO OPERACAO'!$U$2:$U$632)=$C$4)>0)*ISNUMBER('GESTAO OPERACAO'!$X$2:$X$632)*1),0)} -> 0
B29: Total Março | E29: =SUM(E24:E28) -> 49 | F29: =SUM(F24:F28) -> 1672219.4 | G29: =SUM(G24:G28) -> 1595790.4 | H29: =IFERROR(SUMPRODUCT(E24:E28,H24:H28)/SUM(E24:E28),0) -> 16.183673
